date,district,state,region,lat,lon,max_temp,humidity,wind_kmph,rainfall_mm
2025-01-01,Mumbai,Maharashtra,West,19.076,72.8777,27.0,64.5,14.6,0.3
2025-01-02,Mumbai,Maharashtra,West,19.076,72.8777,28.9,66.9,16.0,2.5
2025-01-03,Mumbai,Maharashtra,West,19.076,72.8777,25.4,68.3,10.1,0.7
2025-01-04,Mumbai,Maharashtra,West,19.076,72.8777,25.5,49.3,15.8,0.7
2025-01-05,Mumbai,Maharashtra,West,19.076,72.8777,24.6,66.7,8.4,1.2
2025-01-06,Mumbai,Maharashtra,West,19.076,72.8777,24.0,61.0,14.4,1.4
2025-01-07,Mumbai,Maharashtra,West,19.076,72.8777,25.6,65.3,7.4,0.1
2025-01-08,Mumbai,Maharashtra,West,19.076,72.8777,27.3,60.9,15.8,0.2
2025-01-09,Mumbai,Maharashtra,West,19.076,72.8777,25.7,75.5,11.9,0.1
2025-01-10,Mumbai,Maharashtra,West,19.076,72.8777,24.9,62.9,13.6,2.2
2025-01-11,Mumbai,Maharashtra,West,19.076,72.8777,27.3,52.3,6.7,7.0
2025-01-12,Mumbai,Maharashtra,West,19.076,72.8777,27.4,65.3,15.5,5.1
2025-01-13,Mumbai,Maharashtra,West,19.076,72.8777,26.9,62.0,6.1,3.5
2025-01-14,Mumbai,Maharashtra,West,19.076,72.8777,25.9,55.6,8.5,1.6
2025-01-15,Mumbai,Maharashtra,West,19.076,72.8777,27.9,61.2,9.3,0.0
2025-01-16,Mumbai,Maharashtra,West,19.076,72.8777,28.5,66.9,15.6,2.6
2025-01-17,Mumbai,Maharashtra,West,19.076,72.8777,26.0,61.4,13.3,0.8
2025-01-18,Mumbai,Maharashtra,West,19.076,72.8777,29.4,62.0,10.4,0.8
2025-01-19,Mumbai,Maharashtra,West,19.076,72.8777,29.2,71.1,11.7,0.3
2025-01-20,Mumbai,Maharashtra,West,19.076,72.8777,29.6,68.6,15.2,1.6
2025-01-21,Mumbai,Maharashtra,West,19.076,72.8777,27.9,72.0,1.5,0.1
2025-01-22,Mumbai,Maharashtra,West,19.076,72.8777,29.5,54.0,16.2,1.4
2025-01-23,Mumbai,Maharashtra,West,19.076,72.8777,27.7,64.4,17.9,0.5
2025-01-24,Mumbai,Maharashtra,West,19.076,72.8777,27.3,60.9,10.3,0.4
2025-01-25,Mumbai,Maharashtra,West,19.076,72.8777,30.0,63.9,9.9,4.5
2025-01-26,Mumbai,Maharashtra,West,19.076,72.8777,29.4,70.0,12.7,4.5
2025-01-27,Mumbai,Maharashtra,West,19.076,72.8777,27.3,59.7,10.4,3.4
2025-01-28,Mumbai,Maharashtra,West,19.076,72.8777,26.1,45.5,13.4,0.5
2025-01-29,Mumbai,Maharashtra,West,19.076,72.8777,28.2,56.5,11.4,1.5
2025-01-30,Mumbai,Maharashtra,West,19.076,72.8777,29.7,55.4,17.6,7.1
2025-01-31,Mumbai,Maharashtra,West,19.076,72.8777,25.6,60.8,12.2,0.1
2025-02-01,Mumbai,Maharashtra,West,19.076,72.8777,33.6,63.6,11.0,0.5
2025-02-02,Mumbai,Maharashtra,West,19.076,72.8777,29.2,53.6,16.6,0.5
2025-02-03,Mumbai,Maharashtra,West,19.076,72.8777,30.8,55.6,17.5,2.0
2025-02-04,Mumbai,Maharashtra,West,19.076,72.8777,30.6,73.3,8.0,0.1
2025-02-05,Mumbai,Maharashtra,West,19.076,72.8777,28.6,70.2,15.5,0.0
2025-02-06,Mumbai,Maharashtra,West,19.076,72.8777,27.0,60.2,7.8,2.3
2025-02-07,Mumbai,Maharashtra,West,19.076,72.8777,30.8,63.4,11.4,0.3
2025-02-08,Mumbai,Maharashtra,West,19.076,72.8777,28.6,57.5,15.3,3.4
2025-02-09,Mumbai,Maharashtra,West,19.076,72.8777,28.0,67.4,22.2,0.6
2025-02-10,Mumbai,Maharashtra,West,19.076,72.8777,30.8,63.7,7.1,2.6
2025-02-11,Mumbai,Maharashtra,West,19.076,72.8777,28.1,62.6,16.9,0.2
2025-02-12,Mumbai,Maharashtra,West,19.076,72.8777,31.1,54.4,19.5,2.1
2025-02-13,Mumbai,Maharashtra,West,19.076,72.8777,31.5,62.9,8.2,0.5
2025-02-14,Mumbai,Maharashtra,West,19.076,72.8777,32.9,53.3,15.9,2.1
2025-02-15,Mumbai,Maharashtra,West,19.076,72.8777,31.7,52.9,12.6,0.9
2025-02-16,Mumbai,Maharashtra,West,19.076,72.8777,29.5,53.0,11.7,4.5
2025-02-17,Mumbai,Maharashtra,West,19.076,72.8777,31.8,64.9,14.2,1.4
2025-02-18,Mumbai,Maharashtra,West,19.076,72.8777,30.9,73.8,14.5,0.7
2025-02-19,Mumbai,Maharashtra,West,19.076,72.8777,30.0,57.5,11.5,0.4
2025-02-20,Mumbai,Maharashtra,West,19.076,72.8777,31.2,61.3,13.9,6.6
2025-02-21,Mumbai,Maharashtra,West,19.076,72.8777,31.6,54.1,15.1,1.0
2025-02-22,Mumbai,Maharashtra,West,19.076,72.8777,31.1,61.8,12.9,5.5
2025-02-23,Mumbai,Maharashtra,West,19.076,72.8777,29.8,60.2,19.1,0.2
2025-02-24,Mumbai,Maharashtra,West,19.076,72.8777,32.3,49.4,13.4,2.4
2025-02-25,Mumbai,Maharashtra,West,19.076,72.8777,33.3,50.3,17.5,0.7
2025-02-26,Mumbai,Maharashtra,West,19.076,72.8777,33.4,58.9,14.1,3.2
2025-02-27,Mumbai,Maharashtra,West,19.076,72.8777,39.5,63.6,16.0,3.2
2025-02-28,Mumbai,Maharashtra,West,19.076,72.8777,32.2,60.0,8.9,1.7
2025-03-01,Mumbai,Maharashtra,West,19.076,72.8777,32.4,55.0,9.9,1.6
2025-03-02,Mumbai,Maharashtra,West,19.076,72.8777,34.2,45.3,10.1,0.3
2025-03-03,Mumbai,Maharashtra,West,19.076,72.8777,35.1,64.2,12.5,0.3
2025-03-04,Mumbai,Maharashtra,West,19.076,72.8777,32.0,55.9,12.2,1.3
2025-03-05,Mumbai,Maharashtra,West,19.076,72.8777,32.2,62.6,15.3,7.0
2025-03-06,Mumbai,Maharashtra,West,19.076,72.8777,29.9,55.3,9.4,0.6
2025-03-07,Mumbai,Maharashtra,West,19.076,72.8777,35.2,49.3,18.6,0.0
2025-03-08,Mumbai,Maharashtra,West,19.076,72.8777,33.0,49.8,19.1,1.3
2025-03-09,Mumbai,Maharashtra,West,19.076,72.8777,34.7,55.8,18.6,0.9
2025-03-10,Mumbai,Maharashtra,West,19.076,72.8777,31.4,50.4,17.1,0.0
2025-03-11,Mumbai,Maharashtra,West,19.076,72.8777,33.0,51.7,19.5,0.0
2025-03-12,Mumbai,Maharashtra,West,19.076,72.8777,28.5,46.8,11.0,0.0
2025-03-13,Mumbai,Maharashtra,West,19.076,72.8777,32.3,62.0,17.3,0.0
2025-03-14,Mumbai,Maharashtra,West,19.076,72.8777,37.2,43.9,16.7,0.5
2025-03-15,Mumbai,Maharashtra,West,19.076,72.8777,34.8,51.1,12.2,0.0
2025-03-16,Mumbai,Maharashtra,West,19.076,72.8777,35.1,56.1,18.3,0.0
2025-03-17,Mumbai,Maharashtra,West,19.076,72.8777,32.8,56.1,12.3,0.0
2025-03-18,Mumbai,Maharashtra,West,19.076,72.8777,35.7,48.0,11.2,1.6
2025-03-19,Mumbai,Maharashtra,West,19.076,72.8777,34.4,47.8,10.6,0.1
2025-03-20,Mumbai,Maharashtra,West,19.076,72.8777,37.1,53.2,15.3,0.0
2025-03-21,Mumbai,Maharashtra,West,19.076,72.8777,36.7,54.5,9.2,0.7
2025-03-22,Mumbai,Maharashtra,West,19.076,72.8777,35.7,51.7,17.1,0.0
2025-03-23,Mumbai,Maharashtra,West,19.076,72.8777,34.8,60.1,10.2,0.0
2025-03-24,Mumbai,Maharashtra,West,19.076,72.8777,38.3,50.7,14.7,0.0
2025-03-25,Mumbai,Maharashtra,West,19.076,72.8777,35.5,48.7,9.5,2.9
2025-03-26,Mumbai,Maharashtra,West,19.076,72.8777,36.4,53.8,8.7,0.0
2025-03-27,Mumbai,Maharashtra,West,19.076,72.8777,40.1,57.2,7.2,0.0
2025-03-28,Mumbai,Maharashtra,West,19.076,72.8777,37.6,53.6,12.0,0.0
2025-03-29,Mumbai,Maharashtra,West,19.076,72.8777,35.0,37.1,19.1,0.8
2025-03-30,Mumbai,Maharashtra,West,19.076,72.8777,35.2,47.5,13.7,0.0
2025-03-31,Mumbai,Maharashtra,West,19.076,72.8777,35.8,46.7,12.8,0.0
2025-04-01,Mumbai,Maharashtra,West,19.076,72.8777,36.1,50.5,6.2,0.0
2025-04-02,Mumbai,Maharashtra,West,19.076,72.8777,34.5,44.9,17.4,0.0
2025-04-03,Mumbai,Maharashtra,West,19.076,72.8777,37.7,57.6,15.4,0.0
2025-04-04,Mumbai,Maharashtra,West,19.076,72.8777,37.0,46.7,12.0,0.0
2025-04-05,Mumbai,Maharashtra,West,19.076,72.8777,38.0,43.4,14.1,2.1
2025-04-06,Mumbai,Maharashtra,West,19.076,72.8777,40.3,39.5,8.6,0.0
2025-04-07,Mumbai,Maharashtra,West,19.076,72.8777,38.0,48.1,12.4,2.3
2025-04-08,Mumbai,Maharashtra,West,19.076,72.8777,36.4,61.5,13.6,0.0
2025-04-09,Mumbai,Maharashtra,West,19.076,72.8777,41.7,43.1,15.5,0.0
2025-04-10,Mumbai,Maharashtra,West,19.076,72.8777,38.3,46.9,15.9,0.0
2025-04-11,Mumbai,Maharashtra,West,19.076,72.8777,36.6,43.8,3.5,0.0
2025-04-12,Mumbai,Maharashtra,West,19.076,72.8777,37.2,35.7,13.4,0.0
2025-04-13,Mumbai,Maharashtra,West,19.076,72.8777,36.7,50.0,6.7,0.1
2025-04-14,Mumbai,Maharashtra,West,19.076,72.8777,41.7,46.5,10.9,0.0
2025-04-15,Mumbai,Maharashtra,West,19.076,72.8777,35.4,54.9,11.5,0.0
2025-04-16,Mumbai,Maharashtra,West,19.076,72.8777,40.8,46.0,11.8,0.0
2025-04-17,Mumbai,Maharashtra,West,19.076,72.8777,38.7,46.7,10.2,0.0
2025-04-18,Mumbai,Maharashtra,West,19.076,72.8777,39.9,38.1,14.1,0.0
2025-04-19,Mumbai,Maharashtra,West,19.076,72.8777,36.1,53.8,13.3,0.0
2025-04-20,Mumbai,Maharashtra,West,19.076,72.8777,37.6,46.7,18.2,0.0
2025-04-21,Mumbai,Maharashtra,West,19.076,72.8777,42.8,56.4,11.0,0.0
2025-04-22,Mumbai,Maharashtra,West,19.076,72.8777,40.9,54.7,15.5,0.0
2025-04-23,Mumbai,Maharashtra,West,19.076,72.8777,41.1,35.1,7.3,0.0
2025-04-24,Mumbai,Maharashtra,West,19.076,72.8777,35.7,46.7,3.3,0.0
2025-04-25,Mumbai,Maharashtra,West,19.076,72.8777,42.3,37.1,5.2,0.0
2025-04-26,Mumbai,Maharashtra,West,19.076,72.8777,39.4,45.2,13.6,0.0
2025-04-27,Mumbai,Maharashtra,West,19.076,72.8777,37.2,49.2,13.5,0.0
2025-04-28,Mumbai,Maharashtra,West,19.076,72.8777,38.0,49.5,10.8,0.0
2025-04-29,Mumbai,Maharashtra,West,19.076,72.8777,38.0,47.9,9.9,0.0
2025-04-30,Mumbai,Maharashtra,West,19.076,72.8777,38.4,36.2,11.2,0.0
2025-05-01,Mumbai,Maharashtra,West,19.076,72.8777,43.4,44.9,9.2,0.0
2025-05-02,Mumbai,Maharashtra,West,19.076,72.8777,40.3,49.7,9.5,0.0
2025-05-03,Mumbai,Maharashtra,West,19.076,72.8777,39.1,41.0,10.9,0.0
2025-05-04,Mumbai,Maharashtra,West,19.076,72.8777,35.9,40.6,3.2,0.0
2025-05-05,Mumbai,Maharashtra,West,19.076,72.8777,41.2,46.2,24.3,0.0
2025-05-06,Mumbai,Maharashtra,West,19.076,72.8777,42.2,53.3,2.2,0.0
2025-05-07,Mumbai,Maharashtra,West,19.076,72.8777,38.9,35.6,9.4,0.0
2025-05-08,Mumbai,Maharashtra,West,19.076,72.8777,38.4,45.3,15.6,0.0
2025-05-09,Mumbai,Maharashtra,West,19.076,72.8777,40.4,52.8,12.3,0.0
2025-05-10,Mumbai,Maharashtra,West,19.076,72.8777,38.9,41.2,18.3,0.0
2025-05-11,Mumbai,Maharashtra,West,19.076,72.8777,38.9,35.5,15.7,0.0
2025-05-12,Mumbai,Maharashtra,West,19.076,72.8777,44.0,43.9,12.5,0.0
2025-05-13,Mumbai,Maharashtra,West,19.076,72.8777,39.4,40.7,9.6,0.0
2025-05-14,Mumbai,Maharashtra,West,19.076,72.8777,39.1,28.6,14.7,0.5
2025-05-15,Mumbai,Maharashtra,West,19.076,72.8777,40.2,38.1,9.7,0.0
2025-05-16,Mumbai,Maharashtra,West,19.076,72.8777,42.0,46.6,12.8,0.0
2025-05-17,Mumbai,Maharashtra,West,19.076,72.8777,37.7,46.7,9.3,0.0
2025-05-18,Mumbai,Maharashtra,West,19.076,72.8777,41.8,45.0,1.0,0.0
2025-05-19,Mumbai,Maharashtra,West,19.076,72.8777,41.3,37.9,14.6,0.0
2025-05-20,Mumbai,Maharashtra,West,19.076,72.8777,37.8,60.0,5.6,0.0
2025-05-21,Mumbai,Maharashtra,West,19.076,72.8777,39.3,40.9,16.0,0.0
2025-05-22,Mumbai,Maharashtra,West,19.076,72.8777,39.8,49.8,15.1,0.0
2025-05-23,Mumbai,Maharashtra,West,19.076,72.8777,36.4,38.4,14.3,0.0
2025-05-24,Mumbai,Maharashtra,West,19.076,72.8777,40.6,44.1,12.4,0.0
2025-05-25,Mumbai,Maharashtra,West,19.076,72.8777,41.1,42.2,16.7,0.0
2025-05-26,Mumbai,Maharashtra,West,19.076,72.8777,41.4,39.5,14.4,0.0
2025-05-27,Mumbai,Maharashtra,West,19.076,72.8777,41.7,40.5,13.2,0.0
2025-05-28,Mumbai,Maharashtra,West,19.076,72.8777,44.7,41.4,15.8,0.0
2025-05-29,Mumbai,Maharashtra,West,19.076,72.8777,37.3,37.0,4.5,0.0
2025-05-30,Mumbai,Maharashtra,West,19.076,72.8777,40.4,33.5,12.1,0.0
2025-05-31,Mumbai,Maharashtra,West,19.076,72.8777,42.5,29.7,12.9,0.0
2025-06-01,Mumbai,Maharashtra,West,19.076,72.8777,42.4,44.0,14.3,0.0
2025-06-02,Mumbai,Maharashtra,West,19.076,72.8777,41.6,40.5,14.5,0.0
2025-06-03,Mumbai,Maharashtra,West,19.076,72.8777,45.1,40.1,13.6,0.0
2025-06-04,Mumbai,Maharashtra,West,19.076,72.8777,42.5,37.9,12.3,0.0
2025-06-05,Mumbai,Maharashtra,West,19.076,72.8777,40.1,40.9,15.3,0.0
2025-06-06,Mumbai,Maharashtra,West,19.076,72.8777,40.5,37.2,10.2,0.0
2025-06-07,Mumbai,Maharashtra,West,19.076,72.8777,41.6,48.8,15.9,0.0
2025-06-08,Mumbai,Maharashtra,West,19.076,72.8777,41.7,54.3,8.9,0.0
2025-06-09,Mumbai,Maharashtra,West,19.076,72.8777,38.7,44.1,15.3,0.0
2025-06-10,Mumbai,Maharashtra,West,19.076,72.8777,42.1,42.8,13.1,0.0
2025-06-11,Mumbai,Maharashtra,West,19.076,72.8777,38.9,42.0,12.2,0.0
2025-06-12,Mumbai,Maharashtra,West,19.076,72.8777,41.1,47.6,13.9,0.0
2025-06-13,Mumbai,Maharashtra,West,19.076,72.8777,41.2,44.7,7.4,0.0
2025-06-14,Mumbai,Maharashtra,West,19.076,72.8777,43.7,40.2,8.0,0.6
2025-06-15,Mumbai,Maharashtra,West,19.076,72.8777,40.6,58.6,14.1,0.0
2025-06-16,Mumbai,Maharashtra,West,19.076,72.8777,40.5,40.8,8.0,0.0
2025-06-17,Mumbai,Maharashtra,West,19.076,72.8777,37.7,42.1,14.5,0.0
2025-06-18,Mumbai,Maharashtra,West,19.076,72.8777,40.1,53.5,11.0,0.0
2025-06-19,Mumbai,Maharashtra,West,19.076,72.8777,37.9,43.5,6.7,0.0
2025-06-20,Mumbai,Maharashtra,West,19.076,72.8777,40.2,47.8,19.4,0.0
2025-06-21,Mumbai,Maharashtra,West,19.076,72.8777,42.6,37.6,14.1,0.0
2025-06-22,Mumbai,Maharashtra,West,19.076,72.8777,40.0,37.1,22.3,0.0
2025-06-23,Mumbai,Maharashtra,West,19.076,72.8777,40.6,39.1,14.7,0.0
2025-06-24,Mumbai,Maharashtra,West,19.076,72.8777,39.4,40.6,11.9,0.0
2025-06-25,Mumbai,Maharashtra,West,19.076,72.8777,39.4,52.3,1.4,0.0
2025-06-26,Mumbai,Maharashtra,West,19.076,72.8777,42.5,31.6,10.6,0.0
2025-06-27,Mumbai,Maharashtra,West,19.076,72.8777,39.6,43.3,14.1,0.0
2025-06-28,Mumbai,Maharashtra,West,19.076,72.8777,38.2,54.8,15.7,0.0
2025-06-29,Mumbai,Maharashtra,West,19.076,72.8777,42.4,40.1,9.1,0.0
2025-06-30,Mumbai,Maharashtra,West,19.076,72.8777,39.1,47.4,7.1,0.0
2025-07-01,Mumbai,Maharashtra,West,19.076,72.8777,41.3,49.4,8.2,0.0
2025-07-02,Mumbai,Maharashtra,West,19.076,72.8777,39.3,51.6,7.7,0.0
2025-07-03,Mumbai,Maharashtra,West,19.076,72.8777,40.9,34.7,19.1,0.0
2025-07-04,Mumbai,Maharashtra,West,19.076,72.8777,38.8,51.2,9.2,0.0
2025-07-05,Mumbai,Maharashtra,West,19.076,72.8777,37.2,49.5,6.3,0.0
2025-07-06,Mumbai,Maharashtra,West,19.076,72.8777,35.9,55.3,12.8,0.0
2025-07-07,Mumbai,Maharashtra,West,19.076,72.8777,39.4,51.0,11.9,0.0
2025-07-08,Mumbai,Maharashtra,West,19.076,72.8777,38.8,45.0,13.2,0.0
2025-07-09,Mumbai,Maharashtra,West,19.076,72.8777,36.3,41.7,10.3,0.0
2025-07-10,Mumbai,Maharashtra,West,19.076,72.8777,39.3,47.7,9.8,0.0
2025-07-11,Mumbai,Maharashtra,West,19.076,72.8777,37.8,35.9,14.2,0.0
2025-07-12,Mumbai,Maharashtra,West,19.076,72.8777,41.0,48.7,13.0,0.0
2025-07-13,Mumbai,Maharashtra,West,19.076,72.8777,40.8,39.9,14.0,0.0
2025-07-14,Mumbai,Maharashtra,West,19.076,72.8777,35.6,38.4,9.5,0.0
2025-07-15,Mumbai,Maharashtra,West,19.076,72.8777,38.9,44.2,12.8,0.0
2025-07-16,Mumbai,Maharashtra,West,19.076,72.8777,37.6,37.9,8.3,0.0
2025-07-17,Mumbai,Maharashtra,West,19.076,72.8777,36.2,50.0,5.0,0.0
2025-07-18,Mumbai,Maharashtra,West,19.076,72.8777,39.4,47.8,8.6,0.0
2025-07-19,Mumbai,Maharashtra,West,19.076,72.8777,39.7,50.5,5.9,0.0
2025-07-20,Mumbai,Maharashtra,West,19.076,72.8777,43.0,46.4,16.6,0.0
2025-07-21,Mumbai,Maharashtra,West,19.076,72.8777,37.0,48.2,10.7,0.0
2025-07-22,Mumbai,Maharashtra,West,19.076,72.8777,37.0,58.2,14.8,0.0
2025-07-23,Mumbai,Maharashtra,West,19.076,72.8777,37.0,40.9,15.7,0.0
2025-07-24,Mumbai,Maharashtra,West,19.076,72.8777,36.6,46.1,11.7,0.0
2025-07-25,Mumbai,Maharashtra,West,19.076,72.8777,38.9,54.2,12.5,0.0
2025-07-26,Mumbai,Maharashtra,West,19.076,72.8777,38.7,54.4,15.3,0.0
2025-07-27,Mumbai,Maharashtra,West,19.076,72.8777,38.4,39.0,11.8,4.2
2025-07-28,Mumbai,Maharashtra,West,19.076,72.8777,38.3,49.5,13.1,0.5
2025-07-29,Mumbai,Maharashtra,West,19.076,72.8777,35.1,51.1,11.1,2.7
2025-07-30,Mumbai,Maharashtra,West,19.076,72.8777,37.2,52.7,12.1,0.0
2025-07-31,Mumbai,Maharashtra,West,19.076,72.8777,37.2,40.4,14.0,0.0
2025-08-01,Mumbai,Maharashtra,West,19.076,72.8777,37.4,46.1,17.0,0.0
2025-08-02,Mumbai,Maharashtra,West,19.076,72.8777,35.3,51.6,4.3,0.0
2025-08-03,Mumbai,Maharashtra,West,19.076,72.8777,38.6,40.4,13.1,0.0
2025-08-04,Mumbai,Maharashtra,West,19.076,72.8777,38.2,53.8,12.2,0.0
2025-08-05,Mumbai,Maharashtra,West,19.076,72.8777,35.6,58.2,21.2,0.6
2025-08-06,Mumbai,Maharashtra,West,19.076,72.8777,35.7,39.8,5.0,0.0
2025-08-07,Mumbai,Maharashtra,West,19.076,72.8777,35.5,48.4,6.6,0.0
2025-08-08,Mumbai,Maharashtra,West,19.076,72.8777,34.5,38.7,7.2,0.0
2025-08-09,Mumbai,Maharashtra,West,19.076,72.8777,37.8,49.2,11.8,0.0
2025-08-10,Mumbai,Maharashtra,West,19.076,72.8777,37.1,57.7,18.5,0.0
2025-08-11,Mumbai,Maharashtra,West,19.076,72.8777,34.6,47.7,9.5,0.3
2025-08-12,Mumbai,Maharashtra,West,19.076,72.8777,34.6,48.1,11.3,4.3
2025-08-13,Mumbai,Maharashtra,West,19.076,72.8777,38.1,47.8,8.7,0.9
2025-08-14,Mumbai,Maharashtra,West,19.076,72.8777,36.2,47.2,9.2,0.0
2025-08-15,Mumbai,Maharashtra,West,19.076,72.8777,38.0,62.4,9.5,2.2
2025-08-16,Mumbai,Maharashtra,West,19.076,72.8777,34.4,55.1,16.3,0.0
2025-08-17,Mumbai,Maharashtra,West,19.076,72.8777,34.7,47.2,6.5,0.6
2025-08-18,Mumbai,Maharashtra,West,19.076,72.8777,33.5,47.2,12.0,0.0
2025-08-19,Mumbai,Maharashtra,West,19.076,72.8777,33.8,53.8,11.9,0.0
2025-08-20,Mumbai,Maharashtra,West,19.076,72.8777,36.7,59.9,13.4,0.0
2025-08-21,Mumbai,Maharashtra,West,19.076,72.8777,35.7,63.9,14.3,1.8
2025-08-22,Mumbai,Maharashtra,West,19.076,72.8777,33.7,58.6,13.7,2.7
2025-08-23,Mumbai,Maharashtra,West,19.076,72.8777,35.6,56.3,16.3,0.8
2025-08-24,Mumbai,Maharashtra,West,19.076,72.8777,36.1,49.6,13.9,3.2
2025-08-25,Mumbai,Maharashtra,West,19.076,72.8777,33.6,54.5,16.8,0.0
2025-08-26,Mumbai,Maharashtra,West,19.076,72.8777,32.3,56.4,13.6,0.7
2025-08-27,Mumbai,Maharashtra,West,19.076,72.8777,34.0,54.3,6.6,1.4
2025-08-28,Mumbai,Maharashtra,West,19.076,72.8777,34.8,63.2,12.9,0.0
2025-08-29,Mumbai,Maharashtra,West,19.076,72.8777,33.8,63.9,11.6,1.7
2025-08-30,Mumbai,Maharashtra,West,19.076,72.8777,33.7,55.7,13.6,0.0
2025-08-31,Mumbai,Maharashtra,West,19.076,72.8777,35.0,48.7,12.5,0.8
2025-09-01,Mumbai,Maharashtra,West,19.076,72.8777,31.7,52.2,12.5,4.1
2025-09-02,Mumbai,Maharashtra,West,19.076,72.8777,31.8,57.6,18.3,2.3
2025-09-03,Mumbai,Maharashtra,West,19.076,72.8777,32.5,45.3,10.4,11.7
2025-09-04,Mumbai,Maharashtra,West,19.076,72.8777,29.9,42.5,13.8,2.4
2025-09-05,Mumbai,Maharashtra,West,19.076,72.8777,31.5,62.7,17.2,0.6
2025-09-06,Mumbai,Maharashtra,West,19.076,72.8777,33.4,55.5,19.4,1.0
2025-09-07,Mumbai,Maharashtra,West,19.076,72.8777,30.2,61.7,11.2,0.5
2025-09-08,Mumbai,Maharashtra,West,19.076,72.8777,29.7,65.2,11.7,6.9
2025-09-09,Mumbai,Maharashtra,West,19.076,72.8777,33.8,58.4,11.1,3.0
2025-09-10,Mumbai,Maharashtra,West,19.076,72.8777,32.7,59.6,14.6,0.3
2025-09-11,Mumbai,Maharashtra,West,19.076,72.8777,34.0,64.7,14.0,1.3
2025-09-12,Mumbai,Maharashtra,West,19.076,72.8777,30.2,68.2,11.8,0.1
2025-09-13,Mumbai,Maharashtra,West,19.076,72.8777,28.7,48.0,14.3,3.2
2025-09-14,Mumbai,Maharashtra,West,19.076,72.8777,30.4,46.4,10.2,1.8
2025-09-15,Mumbai,Maharashtra,West,19.076,72.8777,26.7,64.1,7.6,3.9
2025-09-16,Mumbai,Maharashtra,West,19.076,72.8777,29.2,57.9,12.0,1.9
2025-09-17,Mumbai,Maharashtra,West,19.076,72.8777,28.7,61.5,19.1,0.0
2025-09-18,Mumbai,Maharashtra,West,19.076,72.8777,31.0,46.3,11.0,0.1
2025-09-19,Mumbai,Maharashtra,West,19.076,72.8777,29.3,57.7,9.1,0.3
2025-09-20,Mumbai,Maharashtra,West,19.076,72.8777,33.6,62.8,9.7,0.4
2025-09-21,Mumbai,Maharashtra,West,19.076,72.8777,31.3,60.8,8.8,2.5
2025-09-22,Mumbai,Maharashtra,West,19.076,72.8777,30.2,55.5,14.8,2.5
2025-09-23,Mumbai,Maharashtra,West,19.076,72.8777,30.7,56.1,16.4,3.4
2025-09-24,Mumbai,Maharashtra,West,19.076,72.8777,32.2,60.9,20.3,1.5
2025-09-25,Mumbai,Maharashtra,West,19.076,72.8777,28.5,57.7,12.8,0.1
2025-09-26,Mumbai,Maharashtra,West,19.076,72.8777,28.4,57.2,10.7,7.4
2025-09-27,Mumbai,Maharashtra,West,19.076,72.8777,30.2,54.1,9.9,3.1
2025-09-28,Mumbai,Maharashtra,West,19.076,72.8777,29.3,73.3,18.9,0.5
2025-09-29,Mumbai,Maharashtra,West,19.076,72.8777,30.0,53.9,14.3,2.3
2025-09-30,Mumbai,Maharashtra,West,19.076,72.8777,28.6,50.8,13.6,2.7
2025-10-01,Mumbai,Maharashtra,West,19.076,72.8777,30.2,49.8,8.4,0.9
2025-10-02,Mumbai,Maharashtra,West,19.076,72.8777,29.3,67.5,18.7,1.3
2025-10-03,Mumbai,Maharashtra,West,19.076,72.8777,27.9,51.6,9.7,1.8
2025-10-04,Mumbai,Maharashtra,West,19.076,72.8777,31.3,69.8,9.5,2.5
2025-10-05,Mumbai,Maharashtra,West,19.076,72.8777,29.2,63.7,10.8,1.4
2025-10-06,Mumbai,Maharashtra,West,19.076,72.8777,29.4,59.7,15.1,0.9
2025-10-07,Mumbai,Maharashtra,West,19.076,72.8777,23.2,55.1,13.3,1.0
2025-10-08,Mumbai,Maharashtra,West,19.076,72.8777,25.9,69.2,10.1,7.0
2025-10-09,Mumbai,Maharashtra,West,19.076,72.8777,28.7,53.0,10.9,0.2
2025-10-10,Mumbai,Maharashtra,West,19.076,72.8777,28.1,54.8,16.0,1.1
2025-10-11,Mumbai,Maharashtra,West,19.076,72.8777,27.0,66.6,6.4,2.5
2025-10-12,Mumbai,Maharashtra,West,19.076,72.8777,27.1,60.8,10.7,3.7
2025-10-13,Mumbai,Maharashtra,West,19.076,72.8777,31.4,65.2,17.2,4.1
2025-10-14,Mumbai,Maharashtra,West,19.076,72.8777,27.1,62.0,11.7,1.5
2025-10-15,Mumbai,Maharashtra,West,19.076,72.8777,27.4,62.5,7.9,5.4
2025-10-16,Mumbai,Maharashtra,West,19.076,72.8777,27.5,51.5,15.7,1.2
2025-10-17,Mumbai,Maharashtra,West,19.076,72.8777,27.9,51.0,23.8,2.2
2025-10-18,Mumbai,Maharashtra,West,19.076,72.8777,29.2,57.5,14.5,7.0
2025-10-19,Mumbai,Maharashtra,West,19.076,72.8777,25.2,65.6,9.4,1.2
2025-10-20,Mumbai,Maharashtra,West,19.076,72.8777,26.6,65.3,15.5,5.8
2025-10-21,Mumbai,Maharashtra,West,19.076,72.8777,27.8,64.0,20.0,1.9
2025-10-22,Mumbai,Maharashtra,West,19.076,72.8777,27.2,70.6,16.4,0.5
2025-10-23,Mumbai,Maharashtra,West,19.076,72.8777,28.9,57.9,18.5,2.1
2025-10-24,Mumbai,Maharashtra,West,19.076,72.8777,27.2,60.0,11.7,4.1
2025-10-25,Mumbai,Maharashtra,West,19.076,72.8777,27.1,66.7,17.7,2.7
2025-10-26,Mumbai,Maharashtra,West,19.076,72.8777,26.0,70.6,16.8,3.3
2025-10-27,Mumbai,Maharashtra,West,19.076,72.8777,24.2,69.2,14.5,1.1
2025-10-28,Mumbai,Maharashtra,West,19.076,72.8777,26.0,65.8,11.3,0.8
2025-10-29,Mumbai,Maharashtra,West,19.076,72.8777,26.3,57.5,5.4,2.4
2025-10-30,Mumbai,Maharashtra,West,19.076,72.8777,24.4,52.3,9.4,0.5
2025-10-31,Mumbai,Maharashtra,West,19.076,72.8777,23.7,66.4,9.2,2.2
2025-11-01,Mumbai,Maharashtra,West,19.076,72.8777,24.8,79.0,15.9,1.5
2025-11-02,Mumbai,Maharashtra,West,19.076,72.8777,25.4,62.8,11.9,0.8
2025-11-03,Mumbai,Maharashtra,West,19.076,72.8777,23.4,55.8,16.1,1.9
2025-11-04,Mumbai,Maharashtra,West,19.076,72.8777,30.2,69.8,14.3,2.5
2025-11-05,Mumbai,Maharashtra,West,19.076,72.8777,27.1,67.5,12.4,0.1
2025-11-06,Mumbai,Maharashtra,West,19.076,72.8777,25.6,64.8,14.2,0.2
2025-11-07,Mumbai,Maharashtra,West,19.076,72.8777,22.6,65.4,8.0,3.2
2025-11-08,Mumbai,Maharashtra,West,19.076,72.8777,23.6,54.6,13.6,1.9
2025-11-09,Mumbai,Maharashtra,West,19.076,72.8777,23.8,71.8,8.1,0.4
2025-11-10,Mumbai,Maharashtra,West,19.076,72.8777,25.1,60.4,14.2,1.5
2025-11-11,Mumbai,Maharashtra,West,19.076,72.8777,24.4,68.2,5.6,6.6
2025-11-12,Mumbai,Maharashtra,West,19.076,72.8777,26.2,74.8,11.7,1.6
2025-11-13,Mumbai,Maharashtra,West,19.076,72.8777,25.6,63.9,12.5,3.4
2025-11-14,Mumbai,Maharashtra,West,19.076,72.8777,26.3,64.8,13.6,0.5
2025-11-15,Mumbai,Maharashtra,West,19.076,72.8777,22.8,77.1,7.0,3.0
2025-11-16,Mumbai,Maharashtra,West,19.076,72.8777,24.0,71.4,9.8,1.1
2025-11-17,Mumbai,Maharashtra,West,19.076,72.8777,24.0,68.3,8.7,1.8
2025-11-18,Mumbai,Maharashtra,West,19.076,72.8777,29.1,69.9,9.1,4.0
2025-11-19,Mumbai,Maharashtra,West,19.076,72.8777,24.8,66.0,12.2,1.9
2025-11-20,Mumbai,Maharashtra,West,19.076,72.8777,24.9,57.6,13.1,1.0
2025-11-21,Mumbai,Maharashtra,West,19.076,72.8777,25.0,82.3,8.8,1.1
2025-11-22,Mumbai,Maharashtra,West,19.076,72.8777,28.0,72.7,16.4,9.5
2025-11-23,Mumbai,Maharashtra,West,19.076,72.8777,26.1,76.7,10.5,0.2
2025-11-24,Mumbai,Maharashtra,West,19.076,72.8777,24.7,60.3,9.2,0.9
2025-11-25,Mumbai,Maharashtra,West,19.076,72.8777,25.1,62.3,12.9,4.2
2025-11-26,Mumbai,Maharashtra,West,19.076,72.8777,22.2,69.7,20.5,0.8
2025-11-27,Mumbai,Maharashtra,West,19.076,72.8777,27.2,59.7,18.7,1.3
2025-11-28,Mumbai,Maharashtra,West,19.076,72.8777,25.8,67.6,9.3,6.3
2025-11-29,Mumbai,Maharashtra,West,19.076,72.8777,26.0,61.5,12.7,0.2
2025-11-30,Mumbai,Maharashtra,West,19.076,72.8777,22.5,76.5,10.8,0.9
2025-12-01,Mumbai,Maharashtra,West,19.076,72.8777,27.0,70.7,7.6,9.8
2025-12-02,Mumbai,Maharashtra,West,19.076,72.8777,24.4,67.4,15.1,3.7
2025-12-03,Mumbai,Maharashtra,West,19.076,72.8777,29.2,69.4,12.8,0.3
2025-12-04,Mumbai,Maharashtra,West,19.076,72.8777,24.5,70.0,14.3,2.5
2025-12-05,Mumbai,Maharashtra,West,19.076,72.8777,23.6,59.0,4.7,1.0
2025-12-06,Mumbai,Maharashtra,West,19.076,72.8777,25.9,79.9,7.5,1.5
2025-12-07,Mumbai,Maharashtra,West,19.076,72.8777,25.0,72.0,12.3,1.0
2025-12-08,Mumbai,Maharashtra,West,19.076,72.8777,24.9,70.3,14.4,0.7
2025-12-09,Mumbai,Maharashtra,West,19.076,72.8777,24.8,62.3,14.1,0.8
2025-12-10,Mumbai,Maharashtra,West,19.076,72.8777,23.5,67.2,12.7,3.5
2025-12-11,Mumbai,Maharashtra,West,19.076,72.8777,25.1,71.7,17.6,0.4
2025-12-12,Mumbai,Maharashtra,West,19.076,72.8777,26.2,51.6,12.3,0.3
2025-12-13,Mumbai,Maharashtra,West,19.076,72.8777,24.1,65.6,12.2,6.8
2025-12-14,Mumbai,Maharashtra,West,19.076,72.8777,26.2,55.9,9.4,1.4
2025-12-15,Mumbai,Maharashtra,West,19.076,72.8777,23.5,65.8,7.2,1.9
2025-12-16,Mumbai,Maharashtra,West,19.076,72.8777,26.4,60.8,13.7,0.1
2025-12-17,Mumbai,Maharashtra,West,19.076,72.8777,24.9,75.5,12.6,8.2
2025-12-18,Mumbai,Maharashtra,West,19.076,72.8777,24.7,63.1,10.4,0.3
2025-12-19,Mumbai,Maharashtra,West,19.076,72.8777,24.3,64.6,10.4,1.4
2025-12-20,Mumbai,Maharashtra,West,19.076,72.8777,25.7,57.1,15.6,2.0
2025-12-21,Mumbai,Maharashtra,West,19.076,72.8777,20.9,71.9,6.5,0.9
2025-12-22,Mumbai,Maharashtra,West,19.076,72.8777,25.1,73.5,10.7,2.6
2025-12-23,Mumbai,Maharashtra,West,19.076,72.8777,24.5,50.6,9.8,1.5
2025-12-24,Mumbai,Maharashtra,West,19.076,72.8777,26.3,60.1,11.9,1.6
2025-12-25,Mumbai,Maharashtra,West,19.076,72.8777,27.8,65.0,11.9,0.3
2025-12-26,Mumbai,Maharashtra,West,19.076,72.8777,24.1,72.9,8.5,1.3
2025-12-27,Mumbai,Maharashtra,West,19.076,72.8777,23.3,56.1,17.9,4.5
2025-12-28,Mumbai,Maharashtra,West,19.076,72.8777,25.5,72.6,7.5,1.2
2025-12-29,Mumbai,Maharashtra,West,19.076,72.8777,27.1,62.7,20.6,2.2
2025-12-30,Mumbai,Maharashtra,West,19.076,72.8777,24.9,67.2,15.2,1.9
2025-12-31,Mumbai,Maharashtra,West,19.076,72.8777,26.1,60.9,13.8,1.4
2025-01-01,Pune,Maharashtra,West,18.5204,73.8567,24.9,63.9,12.4,0.2
2025-01-02,Pune,Maharashtra,West,18.5204,73.8567,25.5,66.3,6.6,0.9
2025-01-03,Pune,Maharashtra,West,18.5204,73.8567,24.5,69.2,16.6,0.4
2025-01-04,Pune,Maharashtra,West,18.5204,73.8567,28.5,69.3,16.0,2.0
2025-01-05,Pune,Maharashtra,West,18.5204,73.8567,25.1,57.3,10.0,0.3
2025-01-06,Pune,Maharashtra,West,18.5204,73.8567,28.9,68.1,13.8,0.1
2025-01-07,Pune,Maharashtra,West,18.5204,73.8567,30.5,73.4,19.2,2.8
2025-01-08,Pune,Maharashtra,West,18.5204,73.8567,27.6,70.9,10.5,5.3
2025-01-09,Pune,Maharashtra,West,18.5204,73.8567,25.2,60.8,6.9,1.1
2025-01-10,Pune,Maharashtra,West,18.5204,73.8567,30.5,57.6,11.1,4.4
2025-01-11,Pune,Maharashtra,West,18.5204,73.8567,26.4,56.1,15.7,3.4
2025-01-12,Pune,Maharashtra,West,18.5204,73.8567,26.7,65.7,11.0,3.7
2025-01-13,Pune,Maharashtra,West,18.5204,73.8567,30.0,69.2,14.9,2.1
2025-01-14,Pune,Maharashtra,West,18.5204,73.8567,27.5,55.9,13.6,3.4
2025-01-15,Pune,Maharashtra,West,18.5204,73.8567,26.1,63.7,6.0,3.7
2025-01-16,Pune,Maharashtra,West,18.5204,73.8567,28.0,73.6,13.0,0.7
2025-01-17,Pune,Maharashtra,West,18.5204,73.8567,32.2,74.1,14.5,4.1
2025-01-18,Pune,Maharashtra,West,18.5204,73.8567,29.9,67.1,11.4,0.0
2025-01-19,Pune,Maharashtra,West,18.5204,73.8567,25.5,67.9,8.3,9.6
2025-01-20,Pune,Maharashtra,West,18.5204,73.8567,27.4,57.7,9.7,1.6
2025-01-21,Pune,Maharashtra,West,18.5204,73.8567,29.0,66.9,17.8,0.4
2025-01-22,Pune,Maharashtra,West,18.5204,73.8567,30.2,58.8,11.5,2.9
2025-01-23,Pune,Maharashtra,West,18.5204,73.8567,28.2,53.6,7.6,0.3
2025-01-24,Pune,Maharashtra,West,18.5204,73.8567,29.5,59.9,18.9,4.3
2025-01-25,Pune,Maharashtra,West,18.5204,73.8567,27.6,51.8,17.8,1.1
2025-01-26,Pune,Maharashtra,West,18.5204,73.8567,25.7,69.4,9.8,2.1
2025-01-27,Pune,Maharashtra,West,18.5204,73.8567,33.2,62.4,9.2,1.6
2025-01-28,Pune,Maharashtra,West,18.5204,73.8567,32.4,68.7,16.1,0.6
2025-01-29,Pune,Maharashtra,West,18.5204,73.8567,29.9,61.2,17.2,0.2
2025-01-30,Pune,Maharashtra,West,18.5204,73.8567,28.6,58.4,14.8,3.1
2025-01-31,Pune,Maharashtra,West,18.5204,73.8567,30.8,44.3,15.2,0.3
2025-02-01,Pune,Maharashtra,West,18.5204,73.8567,27.9,49.5,11.7,1.8
2025-02-02,Pune,Maharashtra,West,18.5204,73.8567,29.1,61.7,14.3,1.1
2025-02-03,Pune,Maharashtra,West,18.5204,73.8567,31.6,63.9,11.1,3.7
2025-02-04,Pune,Maharashtra,West,18.5204,73.8567,27.8,67.4,4.3,1.8
2025-02-05,Pune,Maharashtra,West,18.5204,73.8567,28.8,53.3,12.6,0.7
2025-02-06,Pune,Maharashtra,West,18.5204,73.8567,26.6,66.0,11.2,3.7
2025-02-07,Pune,Maharashtra,West,18.5204,73.8567,30.8,56.4,7.3,0.3
2025-02-08,Pune,Maharashtra,West,18.5204,73.8567,24.9,60.7,10.5,1.4
2025-02-09,Pune,Maharashtra,West,18.5204,73.8567,33.2,56.5,9.6,1.9
2025-02-10,Pune,Maharashtra,West,18.5204,73.8567,31.1,61.4,9.7,2.1
2025-02-11,Pune,Maharashtra,West,18.5204,73.8567,30.2,57.6,8.5,4.7
2025-02-12,Pune,Maharashtra,West,18.5204,73.8567,29.1,53.6,8.3,2.8
2025-02-13,Pune,Maharashtra,West,18.5204,73.8567,33.4,56.8,11.9,0.1
2025-02-14,Pune,Maharashtra,West,18.5204,73.8567,29.5,58.9,7.5,1.1
2025-02-15,Pune,Maharashtra,West,18.5204,73.8567,32.3,56.4,12.3,5.5
2025-02-16,Pune,Maharashtra,West,18.5204,73.8567,32.0,57.2,9.6,0.6
2025-02-17,Pune,Maharashtra,West,18.5204,73.8567,32.7,50.1,13.2,1.2
2025-02-18,Pune,Maharashtra,West,18.5204,73.8567,28.9,57.9,13.4,0.9
2025-02-19,Pune,Maharashtra,West,18.5204,73.8567,30.2,52.4,12.8,1.5
2025-02-20,Pune,Maharashtra,West,18.5204,73.8567,33.7,55.3,12.6,2.5
2025-02-21,Pune,Maharashtra,West,18.5204,73.8567,30.3,57.4,7.7,0.4
2025-02-22,Pune,Maharashtra,West,18.5204,73.8567,26.6,54.0,20.0,1.1
2025-02-23,Pune,Maharashtra,West,18.5204,73.8567,33.2,68.8,12.1,3.3
2025-02-24,Pune,Maharashtra,West,18.5204,73.8567,30.9,52.4,11.8,3.1
2025-02-25,Pune,Maharashtra,West,18.5204,73.8567,31.1,51.2,10.1,2.8
2025-02-26,Pune,Maharashtra,West,18.5204,73.8567,30.7,47.1,12.4,4.2
2025-02-27,Pune,Maharashtra,West,18.5204,73.8567,32.1,46.2,15.5,1.5
2025-02-28,Pune,Maharashtra,West,18.5204,73.8567,32.6,49.6,12.0,2.1
2025-03-01,Pune,Maharashtra,West,18.5204,73.8567,32.1,62.1,12.5,0.7
2025-03-02,Pune,Maharashtra,West,18.5204,73.8567,30.4,57.2,17.5,2.0
2025-03-03,Pune,Maharashtra,West,18.5204,73.8567,32.3,62.5,12.3,0.2
2025-03-04,Pune,Maharashtra,West,18.5204,73.8567,34.8,60.5,14.6,0.5
2025-03-05,Pune,Maharashtra,West,18.5204,73.8567,32.8,52.0,8.2,0.7
2025-03-06,Pune,Maharashtra,West,18.5204,73.8567,34.3,49.8,12.8,3.7
2025-03-07,Pune,Maharashtra,West,18.5204,73.8567,33.7,62.4,11.7,7.6
2025-03-08,Pune,Maharashtra,West,18.5204,73.8567,34.6,60.7,17.7,0.0
2025-03-09,Pune,Maharashtra,West,18.5204,73.8567,33.6,59.5,16.7,1.6
2025-03-10,Pune,Maharashtra,West,18.5204,73.8567,38.8,48.5,14.4,2.8
2025-03-11,Pune,Maharashtra,West,18.5204,73.8567,34.5,61.1,8.0,0.0
2025-03-12,Pune,Maharashtra,West,18.5204,73.8567,36.4,52.0,17.2,0.0
2025-03-13,Pune,Maharashtra,West,18.5204,73.8567,36.8,52.6,8.0,1.0
2025-03-14,Pune,Maharashtra,West,18.5204,73.8567,33.7,49.1,10.4,0.0
2025-03-15,Pune,Maharashtra,West,18.5204,73.8567,37.7,50.4,16.9,0.0
2025-03-16,Pune,Maharashtra,West,18.5204,73.8567,37.6,51.5,16.9,5.8
2025-03-17,Pune,Maharashtra,West,18.5204,73.8567,33.4,53.9,7.3,0.3
2025-03-18,Pune,Maharashtra,West,18.5204,73.8567,37.3,49.3,14.1,1.5
2025-03-19,Pune,Maharashtra,West,18.5204,73.8567,36.9,43.5,12.5,0.0
2025-03-20,Pune,Maharashtra,West,18.5204,73.8567,38.9,57.5,6.7,3.1
2025-03-21,Pune,Maharashtra,West,18.5204,73.8567,36.2,54.1,14.5,0.0
2025-03-22,Pune,Maharashtra,West,18.5204,73.8567,37.7,52.6,14.6,0.0
2025-03-23,Pune,Maharashtra,West,18.5204,73.8567,35.6,44.9,16.4,0.0
2025-03-24,Pune,Maharashtra,West,18.5204,73.8567,35.7,52.1,11.7,0.0
2025-03-25,Pune,Maharashtra,West,18.5204,73.8567,35.1,49.8,13.3,0.0
2025-03-26,Pune,Maharashtra,West,18.5204,73.8567,36.6,47.6,15.0,1.6
2025-03-27,Pune,Maharashtra,West,18.5204,73.8567,37.7,53.7,8.3,0.2
2025-03-28,Pune,Maharashtra,West,18.5204,73.8567,38.4,53.8,10.5,0.0
2025-03-29,Pune,Maharashtra,West,18.5204,73.8567,37.2,60.7,11.1,0.0
2025-03-30,Pune,Maharashtra,West,18.5204,73.8567,36.1,38.1,10.8,0.0
2025-03-31,Pune,Maharashtra,West,18.5204,73.8567,34.9,42.8,15.8,0.6
2025-04-01,Pune,Maharashtra,West,18.5204,73.8567,40.0,53.5,9.4,0.0
2025-04-02,Pune,Maharashtra,West,18.5204,73.8567,37.2,55.9,8.3,0.0
2025-04-03,Pune,Maharashtra,West,18.5204,73.8567,37.6,50.3,14.6,0.0
2025-04-04,Pune,Maharashtra,West,18.5204,73.8567,37.6,54.6,1.2,0.0
2025-04-05,Pune,Maharashtra,West,18.5204,73.8567,38.6,57.2,10.6,0.0
2025-04-06,Pune,Maharashtra,West,18.5204,73.8567,37.3,53.9,18.4,0.0
2025-04-07,Pune,Maharashtra,West,18.5204,73.8567,40.0,41.9,15.1,0.0
2025-04-08,Pune,Maharashtra,West,18.5204,73.8567,37.3,42.8,20.7,1.3
2025-04-09,Pune,Maharashtra,West,18.5204,73.8567,37.6,56.6,14.4,0.0
2025-04-10,Pune,Maharashtra,West,18.5204,73.8567,36.9,48.7,9.0,0.0
2025-04-11,Pune,Maharashtra,West,18.5204,73.8567,35.7,46.1,3.7,0.0
2025-04-12,Pune,Maharashtra,West,18.5204,73.8567,35.5,51.8,12.3,0.0
2025-04-13,Pune,Maharashtra,West,18.5204,73.8567,35.7,53.6,9.7,0.0
2025-04-14,Pune,Maharashtra,West,18.5204,73.8567,35.0,47.6,11.4,0.0
2025-04-15,Pune,Maharashtra,West,18.5204,73.8567,39.7,41.4,13.1,0.0
2025-04-16,Pune,Maharashtra,West,18.5204,73.8567,40.5,46.7,19.6,4.3
2025-04-17,Pune,Maharashtra,West,18.5204,73.8567,38.6,44.1,9.4,0.0
2025-04-18,Pune,Maharashtra,West,18.5204,73.8567,35.5,36.8,13.1,0.0
2025-04-19,Pune,Maharashtra,West,18.5204,73.8567,39.8,51.7,9.8,0.3
2025-04-20,Pune,Maharashtra,West,18.5204,73.8567,38.1,46.9,18.4,0.0
2025-04-21,Pune,Maharashtra,West,18.5204,73.8567,40.7,40.9,3.2,0.0
2025-04-22,Pune,Maharashtra,West,18.5204,73.8567,38.8,39.8,11.5,0.0
2025-04-23,Pune,Maharashtra,West,18.5204,73.8567,39.4,48.7,11.3,0.0
2025-04-24,Pune,Maharashtra,West,18.5204,73.8567,37.4,54.0,11.6,0.0
2025-04-25,Pune,Maharashtra,West,18.5204,73.8567,39.4,46.6,15.0,0.0
2025-04-26,Pune,Maharashtra,West,18.5204,73.8567,38.4,47.4,7.4,0.0
2025-04-27,Pune,Maharashtra,West,18.5204,73.8567,39.8,35.0,9.4,0.0
2025-04-28,Pune,Maharashtra,West,18.5204,73.8567,38.7,45.6,12.6,0.0
2025-04-29,Pune,Maharashtra,West,18.5204,73.8567,37.9,50.0,17.1,0.0
2025-04-30,Pune,Maharashtra,West,18.5204,73.8567,38.6,55.5,7.2,0.0
2025-05-01,Pune,Maharashtra,West,18.5204,73.8567,41.5,43.1,17.7,0.0
2025-05-02,Pune,Maharashtra,West,18.5204,73.8567,40.5,46.2,11.5,0.0
2025-05-03,Pune,Maharashtra,West,18.5204,73.8567,41.5,33.5,16.7,0.0
2025-05-04,Pune,Maharashtra,West,18.5204,73.8567,41.9,51.2,7.6,0.0
2025-05-05,Pune,Maharashtra,West,18.5204,73.8567,39.4,38.5,10.3,0.0
2025-05-06,Pune,Maharashtra,West,18.5204,73.8567,42.6,52.6,9.8,0.0
2025-05-07,Pune,Maharashtra,West,18.5204,73.8567,39.9,50.8,7.3,0.0
2025-05-08,Pune,Maharashtra,West,18.5204,73.8567,38.1,40.5,11.9,0.0
2025-05-09,Pune,Maharashtra,West,18.5204,73.8567,40.9,43.7,7.4,0.0
2025-05-10,Pune,Maharashtra,West,18.5204,73.8567,41.4,43.9,10.3,0.0
2025-05-11,Pune,Maharashtra,West,18.5204,73.8567,40.3,37.2,10.6,0.0
2025-05-12,Pune,Maharashtra,West,18.5204,73.8567,40.1,53.3,14.2,0.0
2025-05-13,Pune,Maharashtra,West,18.5204,73.8567,40.0,43.1,12.9,0.0
2025-05-14,Pune,Maharashtra,West,18.5204,73.8567,42.7,45.8,11.6,0.0
2025-05-15,Pune,Maharashtra,West,18.5204,73.8567,41.5,46.7,3.8,0.0
2025-05-16,Pune,Maharashtra,West,18.5204,73.8567,43.8,56.9,14.6,0.0
2025-05-17,Pune,Maharashtra,West,18.5204,73.8567,41.6,37.0,8.5,0.0
2025-05-18,Pune,Maharashtra,West,18.5204,73.8567,40.5,40.5,4.1,0.0
2025-05-19,Pune,Maharashtra,West,18.5204,73.8567,42.1,42.3,7.6,0.0
2025-05-20,Pune,Maharashtra,West,18.5204,73.8567,36.3,41.5,16.4,0.0
2025-05-21,Pune,Maharashtra,West,18.5204,73.8567,44.4,40.5,6.9,0.0
2025-05-22,Pune,Maharashtra,West,18.5204,73.8567,45.6,34.2,13.0,0.0
2025-05-23,Pune,Maharashtra,West,18.5204,73.8567,41.7,41.0,13.1,0.0
2025-05-24,Pune,Maharashtra,West,18.5204,73.8567,42.0,40.9,13.5,0.0
2025-05-25,Pune,Maharashtra,West,18.5204,73.8567,40.9,44.6,16.2,0.0
2025-05-26,Pune,Maharashtra,West,18.5204,73.8567,39.3,39.1,9.6,0.0
2025-05-27,Pune,Maharashtra,West,18.5204,73.8567,43.4,59.3,10.9,0.0
2025-05-28,Pune,Maharashtra,West,18.5204,73.8567,40.9,44.7,14.1,0.0
2025-05-29,Pune,Maharashtra,West,18.5204,73.8567,42.1,50.0,11.2,0.0
2025-05-30,Pune,Maharashtra,West,18.5204,73.8567,42.1,25.4,14.6,0.0
2025-05-31,Pune,Maharashtra,West,18.5204,73.8567,41.3,54.7,11.0,0.0
2025-06-01,Pune,Maharashtra,West,18.5204,73.8567,39.6,45.4,8.1,0.0
2025-06-02,Pune,Maharashtra,West,18.5204,73.8567,38.5,37.6,9.3,0.0
2025-06-03,Pune,Maharashtra,West,18.5204,73.8567,42.7,46.1,14.9,0.0
2025-06-04,Pune,Maharashtra,West,18.5204,73.8567,41.9,45.5,9.6,0.0
2025-06-05,Pune,Maharashtra,West,18.5204,73.8567,43.1,47.3,13.4,0.0
2025-06-06,Pune,Maharashtra,West,18.5204,73.8567,42.9,38.1,11.9,0.0
2025-06-07,Pune,Maharashtra,West,18.5204,73.8567,39.7,42.2,8.8,0.0
2025-06-08,Pune,Maharashtra,West,18.5204,73.8567,40.4,43.3,14.4,0.0
2025-06-09,Pune,Maharashtra,West,18.5204,73.8567,40.9,38.2,14.6,0.0
2025-06-10,Pune,Maharashtra,West,18.5204,73.8567,42.6,42.2,9.2,0.0
2025-06-11,Pune,Maharashtra,West,18.5204,73.8567,39.5,37.5,15.3,0.0
2025-06-12,Pune,Maharashtra,West,18.5204,73.8567,40.5,34.0,11.5,0.0
2025-06-13,Pune,Maharashtra,West,18.5204,73.8567,40.9,44.9,17.4,0.0
2025-06-14,Pune,Maharashtra,West,18.5204,73.8567,38.5,43.3,16.0,0.0
2025-06-15,Pune,Maharashtra,West,18.5204,73.8567,44.0,50.8,12.8,0.0
2025-06-16,Pune,Maharashtra,West,18.5204,73.8567,39.9,48.4,14.2,0.0
2025-06-17,Pune,Maharashtra,West,18.5204,73.8567,42.6,60.0,13.6,0.0
2025-06-18,Pune,Maharashtra,West,18.5204,73.8567,39.8,32.5,11.9,0.0
2025-06-19,Pune,Maharashtra,West,18.5204,73.8567,39.7,44.5,8.7,0.0
2025-06-20,Pune,Maharashtra,West,18.5204,73.8567,42.6,39.9,12.1,0.0
2025-06-21,Pune,Maharashtra,West,18.5204,73.8567,40.0,44.6,15.3,0.0
2025-06-22,Pune,Maharashtra,West,18.5204,73.8567,38.9,42.1,8.9,0.0
2025-06-23,Pune,Maharashtra,West,18.5204,73.8567,39.6,49.1,13.1,0.0
2025-06-24,Pune,Maharashtra,West,18.5204,73.8567,40.7,42.6,15.0,0.0
2025-06-25,Pune,Maharashtra,West,18.5204,73.8567,40.8,40.5,2.2,0.0
2025-06-26,Pune,Maharashtra,West,18.5204,73.8567,40.0,47.2,8.7,0.0
2025-06-27,Pune,Maharashtra,West,18.5204,73.8567,40.4,45.3,9.5,0.0
2025-06-28,Pune,Maharashtra,West,18.5204,73.8567,39.6,41.6,12.6,0.0
2025-06-29,Pune,Maharashtra,West,18.5204,73.8567,40.1,48.0,6.2,0.0
2025-06-30,Pune,Maharashtra,West,18.5204,73.8567,35.9,36.0,6.3,0.0
2025-07-01,Pune,Maharashtra,West,18.5204,73.8567,39.2,53.3,13.3,0.0
2025-07-02,Pune,Maharashtra,West,18.5204,73.8567,40.4,42.4,20.4,0.0
2025-07-03,Pune,Maharashtra,West,18.5204,73.8567,41.0,38.3,5.8,0.0
2025-07-04,Pune,Maharashtra,West,18.5204,73.8567,41.2,52.5,15.2,0.0
2025-07-05,Pune,Maharashtra,West,18.5204,73.8567,37.5,54.8,8.4,0.0
2025-07-06,Pune,Maharashtra,West,18.5204,73.8567,40.8,39.8,6.3,0.0
2025-07-07,Pune,Maharashtra,West,18.5204,73.8567,39.6,39.2,15.0,0.0
2025-07-08,Pune,Maharashtra,West,18.5204,73.8567,38.5,36.2,7.5,0.0
2025-07-09,Pune,Maharashtra,West,18.5204,73.8567,39.0,39.5,1.8,0.0
2025-07-10,Pune,Maharashtra,West,18.5204,73.8567,38.9,45.1,12.1,0.0
2025-07-11,Pune,Maharashtra,West,18.5204,73.8567,39.2,49.0,7.3,0.0
2025-07-12,Pune,Maharashtra,West,18.5204,73.8567,41.1,46.6,18.2,1.3
2025-07-13,Pune,Maharashtra,West,18.5204,73.8567,40.2,49.5,10.6,0.0
2025-07-14,Pune,Maharashtra,West,18.5204,73.8567,37.9,52.0,9.0,0.0
2025-07-15,Pune,Maharashtra,West,18.5204,73.8567,36.6,37.4,12.7,0.0
2025-07-16,Pune,Maharashtra,West,18.5204,73.8567,38.8,50.4,14.7,0.0
2025-07-17,Pune,Maharashtra,West,18.5204,73.8567,35.8,41.6,11.6,0.0
2025-07-18,Pune,Maharashtra,West,18.5204,73.8567,35.6,42.5,11.8,0.8
2025-07-19,Pune,Maharashtra,West,18.5204,73.8567,38.5,48.2,7.0,0.0
2025-07-20,Pune,Maharashtra,West,18.5204,73.8567,37.2,49.0,8.0,0.0
2025-07-21,Pune,Maharashtra,West,18.5204,73.8567,36.2,48.6,14.0,0.0
2025-07-22,Pune,Maharashtra,West,18.5204,73.8567,40.2,40.3,15.4,0.0
2025-07-23,Pune,Maharashtra,West,18.5204,73.8567,37.6,50.3,15.9,0.0
2025-07-24,Pune,Maharashtra,West,18.5204,73.8567,37.8,41.1,11.4,1.4
2025-07-25,Pune,Maharashtra,West,18.5204,73.8567,34.9,48.9,20.1,0.0
2025-07-26,Pune,Maharashtra,West,18.5204,73.8567,37.7,53.0,9.5,0.0
2025-07-27,Pune,Maharashtra,West,18.5204,73.8567,33.6,57.3,6.3,0.0
2025-07-28,Pune,Maharashtra,West,18.5204,73.8567,37.0,51.0,13.5,0.0
2025-07-29,Pune,Maharashtra,West,18.5204,73.8567,34.5,51.2,20.1,0.0
2025-07-30,Pune,Maharashtra,West,18.5204,73.8567,34.8,49.6,12.2,0.0
2025-07-31,Pune,Maharashtra,West,18.5204,73.8567,37.9,48.9,9.4,0.0
2025-08-01,Pune,Maharashtra,West,18.5204,73.8567,37.9,43.2,15.3,0.0
2025-08-02,Pune,Maharashtra,West,18.5204,73.8567,35.2,52.0,17.9,0.0
2025-08-03,Pune,Maharashtra,West,18.5204,73.8567,37.4,53.1,11.2,0.0
2025-08-04,Pune,Maharashtra,West,18.5204,73.8567,34.4,53.2,15.5,0.0
2025-08-05,Pune,Maharashtra,West,18.5204,73.8567,35.7,48.8,8.5,0.0
2025-08-06,Pune,Maharashtra,West,18.5204,73.8567,40.2,48.4,10.6,0.0
2025-08-07,Pune,Maharashtra,West,18.5204,73.8567,35.1,42.0,5.6,0.0
2025-08-08,Pune,Maharashtra,West,18.5204,73.8567,32.8,56.3,9.3,0.0
2025-08-09,Pune,Maharashtra,West,18.5204,73.8567,37.4,58.7,7.0,0.0
2025-08-10,Pune,Maharashtra,West,18.5204,73.8567,35.9,44.9,10.4,3.1
2025-08-11,Pune,Maharashtra,West,18.5204,73.8567,37.0,41.6,19.9,0.0
2025-08-12,Pune,Maharashtra,West,18.5204,73.8567,38.5,51.7,8.4,1.9
2025-08-13,Pune,Maharashtra,West,18.5204,73.8567,33.1,59.7,10.4,0.0
2025-08-14,Pune,Maharashtra,West,18.5204,73.8567,32.8,51.4,7.0,0.0
2025-08-15,Pune,Maharashtra,West,18.5204,73.8567,35.9,49.4,13.8,0.0
2025-08-16,Pune,Maharashtra,West,18.5204,73.8567,30.4,53.0,13.7,0.0
2025-08-17,Pune,Maharashtra,West,18.5204,73.8567,35.7,58.3,15.0,0.2
2025-08-18,Pune,Maharashtra,West,18.5204,73.8567,31.6,54.2,10.0,0.0
2025-08-19,Pune,Maharashtra,West,18.5204,73.8567,34.6,56.6,1.8,0.0
2025-08-20,Pune,Maharashtra,West,18.5204,73.8567,32.6,46.1,14.7,1.1
2025-08-21,Pune,Maharashtra,West,18.5204,73.8567,32.4,51.3,16.5,0.0
2025-08-22,Pune,Maharashtra,West,18.5204,73.8567,36.5,47.2,10.1,0.0
2025-08-23,Pune,Maharashtra,West,18.5204,73.8567,35.0,62.0,5.1,1.0
2025-08-24,Pune,Maharashtra,West,18.5204,73.8567,34.2,48.6,8.7,2.0
2025-08-25,Pune,Maharashtra,West,18.5204,73.8567,34.8,57.1,12.4,0.0
2025-08-26,Pune,Maharashtra,West,18.5204,73.8567,34.9,44.8,16.2,2.1
2025-08-27,Pune,Maharashtra,West,18.5204,73.8567,31.8,54.3,8.2,0.8
2025-08-28,Pune,Maharashtra,West,18.5204,73.8567,34.6,53.2,14.1,2.0
2025-08-29,Pune,Maharashtra,West,18.5204,73.8567,34.9,59.4,11.7,2.0
2025-08-30,Pune,Maharashtra,West,18.5204,73.8567,34.4,57.2,15.4,0.2
2025-08-31,Pune,Maharashtra,West,18.5204,73.8567,32.0,47.1,7.1,7.6
2025-09-01,Pune,Maharashtra,West,18.5204,73.8567,33.7,59.8,13.8,5.9
2025-09-02,Pune,Maharashtra,West,18.5204,73.8567,35.8,41.0,11.7,0.4
2025-09-03,Pune,Maharashtra,West,18.5204,73.8567,33.9,60.6,10.8,3.7
2025-09-04,Pune,Maharashtra,West,18.5204,73.8567,32.4,55.4,13.8,0.5
2025-09-05,Pune,Maharashtra,West,18.5204,73.8567,34.0,59.4,14.0,0.1
2025-09-06,Pune,Maharashtra,West,18.5204,73.8567,32.3,67.0,12.2,4.0
2025-09-07,Pune,Maharashtra,West,18.5204,73.8567,33.0,53.2,3.4,0.3
2025-09-08,Pune,Maharashtra,West,18.5204,73.8567,33.9,49.8,8.0,4.1
2025-09-09,Pune,Maharashtra,West,18.5204,73.8567,33.7,60.5,14.7,1.7
2025-09-10,Pune,Maharashtra,West,18.5204,73.8567,29.2,57.4,9.4,0.7
2025-09-11,Pune,Maharashtra,West,18.5204,73.8567,29.7,49.0,5.9,2.6
2025-09-12,Pune,Maharashtra,West,18.5204,73.8567,33.4,53.2,11.4,3.1
2025-09-13,Pune,Maharashtra,West,18.5204,73.8567,30.3,47.3,7.5,0.1
2025-09-14,Pune,Maharashtra,West,18.5204,73.8567,33.4,61.0,11.4,2.1
2025-09-15,Pune,Maharashtra,West,18.5204,73.8567,33.0,66.7,10.6,2.8
2025-09-16,Pune,Maharashtra,West,18.5204,73.8567,28.5,56.4,9.9,0.6
2025-09-17,Pune,Maharashtra,West,18.5204,73.8567,31.4,58.1,12.1,0.4
2025-09-18,Pune,Maharashtra,West,18.5204,73.8567,29.3,67.6,9.5,2.4
2025-09-19,Pune,Maharashtra,West,18.5204,73.8567,27.2,53.2,6.0,0.5
2025-09-20,Pune,Maharashtra,West,18.5204,73.8567,29.2,48.5,11.5,0.7
2025-09-21,Pune,Maharashtra,West,18.5204,73.8567,30.6,59.6,9.1,0.2
2025-09-22,Pune,Maharashtra,West,18.5204,73.8567,30.4,58.8,12.7,0.2
2025-09-23,Pune,Maharashtra,West,18.5204,73.8567,33.0,67.6,6.8,0.0
2025-09-24,Pune,Maharashtra,West,18.5204,73.8567,31.3,66.9,16.1,1.9
2025-09-25,Pune,Maharashtra,West,18.5204,73.8567,27.7,54.4,16.1,5.9
2025-09-26,Pune,Maharashtra,West,18.5204,73.8567,30.1,58.8,13.1,1.8
2025-09-27,Pune,Maharashtra,West,18.5204,73.8567,31.4,67.3,11.1,1.7
2025-09-28,Pune,Maharashtra,West,18.5204,73.8567,29.3,58.5,5.5,6.3
2025-09-29,Pune,Maharashtra,West,18.5204,73.8567,31.3,58.6,14.3,7.5
2025-09-30,Pune,Maharashtra,West,18.5204,73.8567,27.3,55.6,11.4,2.8
2025-10-01,Pune,Maharashtra,West,18.5204,73.8567,28.8,66.0,10.3,2.6
2025-10-02,Pune,Maharashtra,West,18.5204,73.8567,26.0,61.3,11.7,1.9
2025-10-03,Pune,Maharashtra,West,18.5204,73.8567,26.4,65.5,10.0,0.4
2025-10-04,Pune,Maharashtra,West,18.5204,73.8567,29.1,63.7,14.3,0.0
2025-10-05,Pune,Maharashtra,West,18.5204,73.8567,27.1,57.6,8.3,0.1
2025-10-06,Pune,Maharashtra,West,18.5204,73.8567,26.9,72.1,10.8,1.9
2025-10-07,Pune,Maharashtra,West,18.5204,73.8567,27.3,63.5,14.0,5.4
2025-10-08,Pune,Maharashtra,West,18.5204,73.8567,29.0,53.8,12.8,1.9
2025-10-09,Pune,Maharashtra,West,18.5204,73.8567,29.6,67.7,8.9,0.9
2025-10-10,Pune,Maharashtra,West,18.5204,73.8567,28.0,63.5,15.1,1.5
2025-10-11,Pune,Maharashtra,West,18.5204,73.8567,26.4,54.4,13.2,3.1
2025-10-12,Pune,Maharashtra,West,18.5204,73.8567,29.1,75.7,9.0,0.6
2025-10-13,Pune,Maharashtra,West,18.5204,73.8567,26.6,73.3,20.0,5.5
2025-10-14,Pune,Maharashtra,West,18.5204,73.8567,26.2,60.3,4.9,0.0
2025-10-15,Pune,Maharashtra,West,18.5204,73.8567,27.5,51.8,11.9,5.2
2025-10-16,Pune,Maharashtra,West,18.5204,73.8567,26.1,65.0,10.5,1.1
2025-10-17,Pune,Maharashtra,West,18.5204,73.8567,25.0,68.5,10.9,0.1
2025-10-18,Pune,Maharashtra,West,18.5204,73.8567,26.7,67.0,7.8,4.3
2025-10-19,Pune,Maharashtra,West,18.5204,73.8567,28.1,69.7,10.7,0.7
2025-10-20,Pune,Maharashtra,West,18.5204,73.8567,25.9,64.6,5.4,1.5
2025-10-21,Pune,Maharashtra,West,18.5204,73.8567,24.5,56.2,13.9,0.7
2025-10-22,Pune,Maharashtra,West,18.5204,73.8567,27.8,57.4,6.5,1.4
2025-10-23,Pune,Maharashtra,West,18.5204,73.8567,26.3,59.3,12.7,0.4
2025-10-24,Pune,Maharashtra,West,18.5204,73.8567,32.0,67.1,15.4,3.6
2025-10-25,Pune,Maharashtra,West,18.5204,73.8567,27.3,68.3,20.2,0.3
2025-10-26,Pune,Maharashtra,West,18.5204,73.8567,24.4,58.9,14.1,2.4
2025-10-27,Pune,Maharashtra,West,18.5204,73.8567,25.6,63.1,15.9,1.4
2025-10-28,Pune,Maharashtra,West,18.5204,73.8567,28.0,63.3,13.7,0.9
2025-10-29,Pune,Maharashtra,West,18.5204,73.8567,25.8,63.3,21.7,0.6
2025-10-30,Pune,Maharashtra,West,18.5204,73.8567,26.9,64.4,9.6,0.5
2025-10-31,Pune,Maharashtra,West,18.5204,73.8567,27.9,77.9,5.7,1.6
2025-11-01,Pune,Maharashtra,West,18.5204,73.8567,22.6,72.0,16.2,0.4
2025-11-02,Pune,Maharashtra,West,18.5204,73.8567,21.2,65.6,13.3,1.5
2025-11-03,Pune,Maharashtra,West,18.5204,73.8567,27.6,67.2,8.3,0.2
2025-11-04,Pune,Maharashtra,West,18.5204,73.8567,24.2,63.3,8.0,1.0
2025-11-05,Pune,Maharashtra,West,18.5204,73.8567,26.9,65.0,12.7,1.4
2025-11-06,Pune,Maharashtra,West,18.5204,73.8567,25.2,65.6,22.5,2.0
2025-11-07,Pune,Maharashtra,West,18.5204,73.8567,23.7,59.4,15.4,0.0
2025-11-08,Pune,Maharashtra,West,18.5204,73.8567,26.1,76.6,13.5,3.7
2025-11-09,Pune,Maharashtra,West,18.5204,73.8567,26.3,53.7,11.3,3.1
2025-11-10,Pune,Maharashtra,West,18.5204,73.8567,23.1,65.0,8.8,1.0
2025-11-11,Pune,Maharashtra,West,18.5204,73.8567,25.3,64.7,15.8,1.6
2025-11-12,Pune,Maharashtra,West,18.5204,73.8567,24.3,67.6,16.8,1.1
2025-11-13,Pune,Maharashtra,West,18.5204,73.8567,24.5,60.0,9.2,0.9
2025-11-14,Pune,Maharashtra,West,18.5204,73.8567,24.2,65.4,9.6,2.6
2025-11-15,Pune,Maharashtra,West,18.5204,73.8567,21.3,74.3,15.9,0.0
2025-11-16,Pune,Maharashtra,West,18.5204,73.8567,26.4,59.8,11.2,3.3
2025-11-17,Pune,Maharashtra,West,18.5204,73.8567,25.2,68.3,18.1,0.1
2025-11-18,Pune,Maharashtra,West,18.5204,73.8567,26.0,75.4,14.8,3.2
2025-11-19,Pune,Maharashtra,West,18.5204,73.8567,26.6,59.9,12.2,2.2
2025-11-20,Pune,Maharashtra,West,18.5204,73.8567,27.7,71.0,10.2,4.4
2025-11-21,Pune,Maharashtra,West,18.5204,73.8567,24.2,69.0,12.9,2.8
2025-11-22,Pune,Maharashtra,West,18.5204,73.8567,28.2,73.3,12.8,2.0
2025-11-23,Pune,Maharashtra,West,18.5204,73.8567,26.8,66.3,7.1,2.5
2025-11-24,Pune,Maharashtra,West,18.5204,73.8567,23.5,63.0,7.6,0.5
2025-11-25,Pune,Maharashtra,West,18.5204,73.8567,23.6,72.0,11.4,1.4
2025-11-26,Pune,Maharashtra,West,18.5204,73.8567,23.4,76.1,14.0,3.2
2025-11-27,Pune,Maharashtra,West,18.5204,73.8567,26.9,72.5,7.6,0.6
2025-11-28,Pune,Maharashtra,West,18.5204,73.8567,25.3,70.3,7.3,0.4
2025-11-29,Pune,Maharashtra,West,18.5204,73.8567,23.4,60.9,14.8,1.8
2025-11-30,Pune,Maharashtra,West,18.5204,73.8567,26.5,59.6,14.2,2.9
2025-12-01,Pune,Maharashtra,West,18.5204,73.8567,26.1,61.3,17.7,1.1
2025-12-02,Pune,Maharashtra,West,18.5204,73.8567,25.6,57.6,12.4,0.8
2025-12-03,Pune,Maharashtra,West,18.5204,73.8567,24.5,71.0,10.8,11.1
2025-12-04,Pune,Maharashtra,West,18.5204,73.8567,25.6,68.9,13.9,0.1
2025-12-05,Pune,Maharashtra,West,18.5204,73.8567,22.3,73.9,8.8,3.3
2025-12-06,Pune,Maharashtra,West,18.5204,73.8567,23.2,65.5,11.8,3.1
2025-12-07,Pune,Maharashtra,West,18.5204,73.8567,24.8,56.1,14.6,2.1
2025-12-08,Pune,Maharashtra,West,18.5204,73.8567,26.2,74.9,13.5,1.7
2025-12-09,Pune,Maharashtra,West,18.5204,73.8567,27.0,72.7,13.3,1.8
2025-12-10,Pune,Maharashtra,West,18.5204,73.8567,25.4,67.0,10.6,2.5
2025-12-11,Pune,Maharashtra,West,18.5204,73.8567,27.9,58.7,9.8,1.8
2025-12-12,Pune,Maharashtra,West,18.5204,73.8567,25.8,54.2,14.5,1.8
2025-12-13,Pune,Maharashtra,West,18.5204,73.8567,26.8,66.3,9.4,2.2
2025-12-14,Pune,Maharashtra,West,18.5204,73.8567,23.3,75.6,19.9,2.4
2025-12-15,Pune,Maharashtra,West,18.5204,73.8567,25.2,58.8,15.5,0.3
2025-12-16,Pune,Maharashtra,West,18.5204,73.8567,27.5,76.7,14.3,1.2
2025-12-17,Pune,Maharashtra,West,18.5204,73.8567,23.7,72.2,13.9,0.4
2025-12-18,Pune,Maharashtra,West,18.5204,73.8567,28.1,71.6,13.7,6.5
2025-12-19,Pune,Maharashtra,West,18.5204,73.8567,26.2,60.5,24.2,1.0
2025-12-20,Pune,Maharashtra,West,18.5204,73.8567,25.9,59.4,13.5,1.8
2025-12-21,Pune,Maharashtra,West,18.5204,73.8567,25.1,55.8,16.5,0.1
2025-12-22,Pune,Maharashtra,West,18.5204,73.8567,25.4,63.5,12.8,4.3
2025-12-23,Pune,Maharashtra,West,18.5204,73.8567,24.2,68.1,15.2,0.5
2025-12-24,Pune,Maharashtra,West,18.5204,73.8567,26.8,61.2,15.6,11.8
2025-12-25,Pune,Maharashtra,West,18.5204,73.8567,24.6,67.7,12.3,1.3
2025-12-26,Pune,Maharashtra,West,18.5204,73.8567,24.8,64.7,11.2,0.1
2025-12-27,Pune,Maharashtra,West,18.5204,73.8567,24.5,61.8,9.2,1.3
2025-12-28,Pune,Maharashtra,West,18.5204,73.8567,25.0,64.0,11.0,7.2
2025-12-29,Pune,Maharashtra,West,18.5204,73.8567,25.5,55.4,10.1,3.2
2025-12-30,Pune,Maharashtra,West,18.5204,73.8567,23.8,59.3,10.1,0.6
2025-12-31,Pune,Maharashtra,West,18.5204,73.8567,25.4,73.6,7.4,0.1
2025-01-01,Nagpur,Maharashtra,Central,21.1458,79.0882,28.2,62.0,10.3,4.0
2025-01-02,Nagpur,Maharashtra,Central,21.1458,79.0882,25.5,53.7,11.4,1.7
2025-01-03,Nagpur,Maharashtra,Central,21.1458,79.0882,26.6,66.9,12.7,0.3
2025-01-04,Nagpur,Maharashtra,Central,21.1458,79.0882,32.2,56.4,15.1,1.3
2025-01-05,Nagpur,Maharashtra,Central,21.1458,79.0882,27.3,59.9,15.7,0.1
2025-01-06,Nagpur,Maharashtra,Central,21.1458,79.0882,26.5,57.6,2.7,2.6
2025-01-07,Nagpur,Maharashtra,Central,21.1458,79.0882,30.9,69.5,13.9,0.8
2025-01-08,Nagpur,Maharashtra,Central,21.1458,79.0882,28.3,71.8,12.5,9.1
2025-01-09,Nagpur,Maharashtra,Central,21.1458,79.0882,27.3,69.4,11.8,2.7
2025-01-10,Nagpur,Maharashtra,Central,21.1458,79.0882,25.3,44.3,6.1,3.6
2025-01-11,Nagpur,Maharashtra,Central,21.1458,79.0882,29.6,61.9,5.2,1.2
2025-01-12,Nagpur,Maharashtra,Central,21.1458,79.0882,26.4,61.0,13.4,0.4
2025-01-13,Nagpur,Maharashtra,Central,21.1458,79.0882,31.5,73.6,20.9,0.5
2025-01-14,Nagpur,Maharashtra,Central,21.1458,79.0882,27.9,51.1,15.5,2.2
2025-01-15,Nagpur,Maharashtra,Central,21.1458,79.0882,28.7,57.0,9.6,0.5
2025-01-16,Nagpur,Maharashtra,Central,21.1458,79.0882,26.9,66.0,10.3,0.7
2025-01-17,Nagpur,Maharashtra,Central,21.1458,79.0882,26.5,64.6,16.9,0.9
2025-01-18,Nagpur,Maharashtra,Central,21.1458,79.0882,27.7,63.8,8.6,3.7
2025-01-19,Nagpur,Maharashtra,Central,21.1458,79.0882,27.8,65.8,7.6,0.5
2025-01-20,Nagpur,Maharashtra,Central,21.1458,79.0882,30.0,60.6,14.2,0.6
2025-01-21,Nagpur,Maharashtra,Central,21.1458,79.0882,29.9,70.0,9.5,1.2
2025-01-22,Nagpur,Maharashtra,Central,21.1458,79.0882,29.8,58.2,11.0,1.3
2025-01-23,Nagpur,Maharashtra,Central,21.1458,79.0882,27.4,58.3,13.2,1.3
2025-01-24,Nagpur,Maharashtra,Central,21.1458,79.0882,28.9,71.7,11.2,0.3
2025-01-25,Nagpur,Maharashtra,Central,21.1458,79.0882,24.4,59.0,9.9,3.5
2025-01-26,Nagpur,Maharashtra,Central,21.1458,79.0882,32.0,58.2,7.6,1.4
2025-01-27,Nagpur,Maharashtra,Central,21.1458,79.0882,31.0,62.9,14.0,0.1
2025-01-28,Nagpur,Maharashtra,Central,21.1458,79.0882,36.8,61.8,10.0,1.2
2025-01-29,Nagpur,Maharashtra,Central,21.1458,79.0882,29.3,63.0,11.8,0.5
2025-01-30,Nagpur,Maharashtra,Central,21.1458,79.0882,29.2,62.6,8.4,0.7
2025-01-31,Nagpur,Maharashtra,Central,21.1458,79.0882,29.3,54.1,10.2,2.8
2025-02-01,Nagpur,Maharashtra,Central,21.1458,79.0882,32.4,62.7,10.2,0.5
2025-02-02,Nagpur,Maharashtra,Central,21.1458,79.0882,31.5,71.7,11.3,0.1
2025-02-03,Nagpur,Maharashtra,Central,21.1458,79.0882,31.6,69.6,12.6,0.5
2025-02-04,Nagpur,Maharashtra,Central,21.1458,79.0882,30.2,59.8,12.4,5.4
2025-02-05,Nagpur,Maharashtra,Central,21.1458,79.0882,31.1,64.2,6.2,2.3
2025-02-06,Nagpur,Maharashtra,Central,21.1458,79.0882,32.4,57.1,8.4,0.7
2025-02-07,Nagpur,Maharashtra,Central,21.1458,79.0882,32.6,65.6,16.2,1.9
2025-02-08,Nagpur,Maharashtra,Central,21.1458,79.0882,30.0,58.1,5.4,0.8
2025-02-09,Nagpur,Maharashtra,Central,21.1458,79.0882,30.5,56.4,7.4,5.3
2025-02-10,Nagpur,Maharashtra,Central,21.1458,79.0882,31.9,52.2,12.3,0.6
2025-02-11,Nagpur,Maharashtra,Central,21.1458,79.0882,26.0,71.3,10.5,2.8
2025-02-12,Nagpur,Maharashtra,Central,21.1458,79.0882,32.4,67.8,8.2,1.0
2025-02-13,Nagpur,Maharashtra,Central,21.1458,79.0882,34.8,56.8,14.4,2.3
2025-02-14,Nagpur,Maharashtra,Central,21.1458,79.0882,30.3,54.6,9.9,1.1
2025-02-15,Nagpur,Maharashtra,Central,21.1458,79.0882,30.1,59.4,18.9,0.7
2025-02-16,Nagpur,Maharashtra,Central,21.1458,79.0882,28.6,57.5,6.5,0.4
2025-02-17,Nagpur,Maharashtra,Central,21.1458,79.0882,35.8,58.4,8.0,4.7
2025-02-18,Nagpur,Maharashtra,Central,21.1458,79.0882,34.6,52.4,14.2,3.4
2025-02-19,Nagpur,Maharashtra,Central,21.1458,79.0882,32.9,68.7,15.2,4.6
2025-02-20,Nagpur,Maharashtra,Central,21.1458,79.0882,29.7,51.3,11.5,1.7
2025-02-21,Nagpur,Maharashtra,Central,21.1458,79.0882,32.9,50.7,11.6,7.9
2025-02-22,Nagpur,Maharashtra,Central,21.1458,79.0882,35.6,60.3,12.3,1.5
2025-02-23,Nagpur,Maharashtra,Central,21.1458,79.0882,32.7,46.0,14.3,5.6
2025-02-24,Nagpur,Maharashtra,Central,21.1458,79.0882,29.7,51.1,10.3,0.5
2025-02-25,Nagpur,Maharashtra,Central,21.1458,79.0882,36.7,47.5,14.6,1.7
2025-02-26,Nagpur,Maharashtra,Central,21.1458,79.0882,35.4,53.0,11.6,0.9
2025-02-27,Nagpur,Maharashtra,Central,21.1458,79.0882,36.0,62.5,9.9,0.8
2025-02-28,Nagpur,Maharashtra,Central,21.1458,79.0882,31.0,38.4,10.2,1.0
2025-03-01,Nagpur,Maharashtra,Central,21.1458,79.0882,34.9,58.1,13.8,1.0
2025-03-02,Nagpur,Maharashtra,Central,21.1458,79.0882,30.6,52.7,12.8,1.5
2025-03-03,Nagpur,Maharashtra,Central,21.1458,79.0882,34.9,54.6,9.9,0.9
2025-03-04,Nagpur,Maharashtra,Central,21.1458,79.0882,35.1,48.7,12.2,2.2
2025-03-05,Nagpur,Maharashtra,Central,21.1458,79.0882,35.2,53.6,9.2,0.0
2025-03-06,Nagpur,Maharashtra,Central,21.1458,79.0882,35.6,55.1,9.7,0.3
2025-03-07,Nagpur,Maharashtra,Central,21.1458,79.0882,35.1,40.9,16.6,2.9
2025-03-08,Nagpur,Maharashtra,Central,21.1458,79.0882,35.6,60.9,6.5,0.0
2025-03-09,Nagpur,Maharashtra,Central,21.1458,79.0882,33.7,47.1,4.9,1.3
2025-03-10,Nagpur,Maharashtra,Central,21.1458,79.0882,34.1,54.6,7.2,0.0
2025-03-11,Nagpur,Maharashtra,Central,21.1458,79.0882,34.5,45.9,10.8,3.0
2025-03-12,Nagpur,Maharashtra,Central,21.1458,79.0882,32.6,54.9,19.0,5.0
2025-03-13,Nagpur,Maharashtra,Central,21.1458,79.0882,35.5,54.9,11.0,3.9
2025-03-14,Nagpur,Maharashtra,Central,21.1458,79.0882,36.0,56.7,6.9,1.2
2025-03-15,Nagpur,Maharashtra,Central,21.1458,79.0882,38.8,64.3,13.4,0.0
2025-03-16,Nagpur,Maharashtra,Central,21.1458,79.0882,37.3,55.5,12.9,0.0
2025-03-17,Nagpur,Maharashtra,Central,21.1458,79.0882,35.6,50.5,16.7,0.0
2025-03-18,Nagpur,Maharashtra,Central,21.1458,79.0882,35.8,53.6,11.8,0.0
2025-03-19,Nagpur,Maharashtra,Central,21.1458,79.0882,38.5,55.6,4.9,0.0
2025-03-20,Nagpur,Maharashtra,Central,21.1458,79.0882,36.3,53.9,8.5,0.0
2025-03-21,Nagpur,Maharashtra,Central,21.1458,79.0882,38.9,59.2,10.1,0.0
2025-03-22,Nagpur,Maharashtra,Central,21.1458,79.0882,39.7,57.4,9.1,2.9
2025-03-23,Nagpur,Maharashtra,Central,21.1458,79.0882,37.5,53.4,7.4,0.0
2025-03-24,Nagpur,Maharashtra,Central,21.1458,79.0882,37.8,39.3,7.4,0.0
2025-03-25,Nagpur,Maharashtra,Central,21.1458,79.0882,36.6,59.3,10.1,1.5
2025-03-26,Nagpur,Maharashtra,Central,21.1458,79.0882,36.9,45.6,16.2,0.0
2025-03-27,Nagpur,Maharashtra,Central,21.1458,79.0882,40.3,47.8,10.0,0.7
2025-03-28,Nagpur,Maharashtra,Central,21.1458,79.0882,37.2,54.2,4.4,0.0
2025-03-29,Nagpur,Maharashtra,Central,21.1458,79.0882,40.0,48.5,12.1,0.0
2025-03-30,Nagpur,Maharashtra,Central,21.1458,79.0882,37.5,49.2,5.1,3.6
2025-03-31,Nagpur,Maharashtra,Central,21.1458,79.0882,40.5,38.9,13.4,0.0
2025-04-01,Nagpur,Maharashtra,Central,21.1458,79.0882,38.8,47.5,15.4,0.0
2025-04-02,Nagpur,Maharashtra,Central,21.1458,79.0882,34.2,56.2,10.9,0.0
2025-04-03,Nagpur,Maharashtra,Central,21.1458,79.0882,36.9,44.4,11.6,0.0
2025-04-04,Nagpur,Maharashtra,Central,21.1458,79.0882,36.7,52.6,8.9,0.0
2025-04-05,Nagpur,Maharashtra,Central,21.1458,79.0882,33.2,46.1,7.8,0.0
2025-04-06,Nagpur,Maharashtra,Central,21.1458,79.0882,35.6,49.7,7.3,0.0
2025-04-07,Nagpur,Maharashtra,Central,21.1458,79.0882,37.6,50.8,10.2,0.0
2025-04-08,Nagpur,Maharashtra,Central,21.1458,79.0882,37.5,58.1,8.5,0.0
2025-04-09,Nagpur,Maharashtra,Central,21.1458,79.0882,38.7,45.2,8.2,0.0
2025-04-10,Nagpur,Maharashtra,Central,21.1458,79.0882,40.1,50.7,10.7,0.0
2025-04-11,Nagpur,Maharashtra,Central,21.1458,79.0882,37.3,42.9,6.1,0.0
2025-04-12,Nagpur,Maharashtra,Central,21.1458,79.0882,38.3,50.3,15.9,0.0
2025-04-13,Nagpur,Maharashtra,Central,21.1458,79.0882,37.3,45.1,8.9,0.0
2025-04-14,Nagpur,Maharashtra,Central,21.1458,79.0882,41.8,44.6,11.2,4.4
2025-04-15,Nagpur,Maharashtra,Central,21.1458,79.0882,41.1,57.7,10.4,0.0
2025-04-16,Nagpur,Maharashtra,Central,21.1458,79.0882,40.9,38.7,19.1,0.0
2025-04-17,Nagpur,Maharashtra,Central,21.1458,79.0882,41.0,35.2,10.5,0.0
2025-04-18,Nagpur,Maharashtra,Central,21.1458,79.0882,40.6,51.9,14.2,0.0
2025-04-19,Nagpur,Maharashtra,Central,21.1458,79.0882,38.2,42.1,8.9,0.0
2025-04-20,Nagpur,Maharashtra,Central,21.1458,79.0882,41.5,43.3,15.6,0.0
2025-04-21,Nagpur,Maharashtra,Central,21.1458,79.0882,43.1,55.0,14.9,0.0
2025-04-22,Nagpur,Maharashtra,Central,21.1458,79.0882,43.4,51.3,8.9,0.0
2025-04-23,Nagpur,Maharashtra,Central,21.1458,79.0882,38.4,50.2,17.5,0.0
2025-04-24,Nagpur,Maharashtra,Central,21.1458,79.0882,41.6,51.9,13.3,0.0
2025-04-25,Nagpur,Maharashtra,Central,21.1458,79.0882,38.9,52.9,15.1,0.0
2025-04-26,Nagpur,Maharashtra,Central,21.1458,79.0882,40.4,43.4,11.9,0.0
2025-04-27,Nagpur,Maharashtra,Central,21.1458,79.0882,38.6,56.6,6.9,0.0
2025-04-28,Nagpur,Maharashtra,Central,21.1458,79.0882,41.0,46.3,12.3,0.0
2025-04-29,Nagpur,Maharashtra,Central,21.1458,79.0882,41.1,50.5,12.0,0.0
2025-04-30,Nagpur,Maharashtra,Central,21.1458,79.0882,46.0,46.0,8.8,0.0
2025-05-01,Nagpur,Maharashtra,Central,21.1458,79.0882,40.6,49.3,13.8,0.0
2025-05-02,Nagpur,Maharashtra,Central,21.1458,79.0882,39.6,56.0,13.0,0.0
2025-05-03,Nagpur,Maharashtra,Central,21.1458,79.0882,42.2,50.8,13.5,0.0
2025-05-04,Nagpur,Maharashtra,Central,21.1458,79.0882,41.3,48.3,7.4,0.0
2025-05-05,Nagpur,Maharashtra,Central,21.1458,79.0882,40.7,44.6,8.4,0.0
2025-05-06,Nagpur,Maharashtra,Central,21.1458,79.0882,43.3,32.4,14.8,0.0
2025-05-07,Nagpur,Maharashtra,Central,21.1458,79.0882,41.7,48.0,11.1,0.0
2025-05-08,Nagpur,Maharashtra,Central,21.1458,79.0882,39.7,41.8,13.1,0.0
2025-05-09,Nagpur,Maharashtra,Central,21.1458,79.0882,39.7,52.1,16.7,0.0
2025-05-10,Nagpur,Maharashtra,Central,21.1458,79.0882,41.7,47.5,23.1,0.0
2025-05-11,Nagpur,Maharashtra,Central,21.1458,79.0882,37.6,49.1,5.8,0.0
2025-05-12,Nagpur,Maharashtra,Central,21.1458,79.0882,44.2,42.0,9.5,0.0
2025-05-13,Nagpur,Maharashtra,Central,21.1458,79.0882,44.1,28.7,17.1,0.0
2025-05-14,Nagpur,Maharashtra,Central,21.1458,79.0882,42.2,38.7,5.5,0.0
2025-05-15,Nagpur,Maharashtra,Central,21.1458,79.0882,39.6,50.3,13.4,0.0
2025-05-16,Nagpur,Maharashtra,Central,21.1458,79.0882,40.0,53.9,14.8,0.0
2025-05-17,Nagpur,Maharashtra,Central,21.1458,79.0882,42.7,45.6,19.0,0.0
2025-05-18,Nagpur,Maharashtra,Central,21.1458,79.0882,41.8,40.6,5.0,0.0
2025-05-19,Nagpur,Maharashtra,Central,21.1458,79.0882,41.1,45.8,11.8,0.0
2025-05-20,Nagpur,Maharashtra,Central,21.1458,79.0882,40.1,38.1,12.3,0.0
2025-05-21,Nagpur,Maharashtra,Central,21.1458,79.0882,42.2,37.8,5.8,0.0
2025-05-22,Nagpur,Maharashtra,Central,21.1458,79.0882,42.3,55.0,11.9,0.0
2025-05-23,Nagpur,Maharashtra,Central,21.1458,79.0882,43.5,33.9,18.4,0.0
2025-05-24,Nagpur,Maharashtra,Central,21.1458,79.0882,43.0,40.0,20.7,0.0
2025-05-25,Nagpur,Maharashtra,Central,21.1458,79.0882,42.8,53.9,14.8,0.0
2025-05-26,Nagpur,Maharashtra,Central,21.1458,79.0882,41.5,40.8,11.4,0.0
2025-05-27,Nagpur,Maharashtra,Central,21.1458,79.0882,40.1,50.4,8.1,0.0
2025-05-28,Nagpur,Maharashtra,Central,21.1458,79.0882,44.9,29.5,7.3,0.0
2025-05-29,Nagpur,Maharashtra,Central,21.1458,79.0882,41.1,41.0,13.7,0.0
2025-05-30,Nagpur,Maharashtra,Central,21.1458,79.0882,42.1,41.9,10.0,0.0
2025-05-31,Nagpur,Maharashtra,Central,21.1458,79.0882,42.8,37.1,7.4,0.0
2025-06-01,Nagpur,Maharashtra,Central,21.1458,79.0882,39.0,41.7,15.8,0.0
2025-06-02,Nagpur,Maharashtra,Central,21.1458,79.0882,40.7,54.7,9.9,0.0
2025-06-03,Nagpur,Maharashtra,Central,21.1458,79.0882,42.3,44.0,14.0,0.0
2025-06-04,Nagpur,Maharashtra,Central,21.1458,79.0882,41.9,35.8,17.8,0.0
2025-06-05,Nagpur,Maharashtra,Central,21.1458,79.0882,45.2,38.0,10.6,0.0
2025-06-06,Nagpur,Maharashtra,Central,21.1458,79.0882,42.9,38.7,20.7,0.0
2025-06-07,Nagpur,Maharashtra,Central,21.1458,79.0882,44.1,32.0,15.7,0.0
2025-06-08,Nagpur,Maharashtra,Central,21.1458,79.0882,40.5,43.5,15.4,0.0
2025-06-09,Nagpur,Maharashtra,Central,21.1458,79.0882,42.2,38.5,10.2,0.0
2025-06-10,Nagpur,Maharashtra,Central,21.1458,79.0882,45.5,34.8,14.0,0.0
2025-06-11,Nagpur,Maharashtra,Central,21.1458,79.0882,44.6,42.9,8.7,0.0
2025-06-12,Nagpur,Maharashtra,Central,21.1458,79.0882,42.7,46.6,12.8,0.0
2025-06-13,Nagpur,Maharashtra,Central,21.1458,79.0882,41.7,46.6,8.7,0.0
2025-06-14,Nagpur,Maharashtra,Central,21.1458,79.0882,42.6,28.1,14.7,0.0
2025-06-15,Nagpur,Maharashtra,Central,21.1458,79.0882,42.0,51.6,11.7,0.0
2025-06-16,Nagpur,Maharashtra,Central,21.1458,79.0882,40.5,41.0,20.0,0.0
2025-06-17,Nagpur,Maharashtra,Central,21.1458,79.0882,40.2,44.2,9.6,0.0
2025-06-18,Nagpur,Maharashtra,Central,21.1458,79.0882,39.3,40.3,9.6,0.0
2025-06-19,Nagpur,Maharashtra,Central,21.1458,79.0882,41.5,45.5,16.8,0.0
2025-06-20,Nagpur,Maharashtra,Central,21.1458,79.0882,42.0,51.9,13.8,0.0
2025-06-21,Nagpur,Maharashtra,Central,21.1458,79.0882,43.5,34.6,19.0,0.0
2025-06-22,Nagpur,Maharashtra,Central,21.1458,79.0882,45.6,49.1,14.3,0.0
2025-06-23,Nagpur,Maharashtra,Central,21.1458,79.0882,39.1,52.2,14.2,0.0
2025-06-24,Nagpur,Maharashtra,Central,21.1458,79.0882,42.6,37.1,11.6,0.0
2025-06-25,Nagpur,Maharashtra,Central,21.1458,79.0882,39.9,40.9,9.8,0.0
2025-06-26,Nagpur,Maharashtra,Central,21.1458,79.0882,41.1,40.7,1.0,0.0
2025-06-27,Nagpur,Maharashtra,Central,21.1458,79.0882,44.9,43.0,12.8,0.0
2025-06-28,Nagpur,Maharashtra,Central,21.1458,79.0882,44.2,55.6,12.6,0.0
2025-06-29,Nagpur,Maharashtra,Central,21.1458,79.0882,42.9,57.0,14.4,0.0
2025-06-30,Nagpur,Maharashtra,Central,21.1458,79.0882,40.2,43.1,11.6,0.0
2025-07-01,Nagpur,Maharashtra,Central,21.1458,79.0882,40.8,34.7,12.5,0.0
2025-07-02,Nagpur,Maharashtra,Central,21.1458,79.0882,42.7,32.0,16.6,0.0
2025-07-03,Nagpur,Maharashtra,Central,21.1458,79.0882,43.3,28.9,10.7,0.0
2025-07-04,Nagpur,Maharashtra,Central,21.1458,79.0882,38.9,41.8,18.1,0.0
2025-07-05,Nagpur,Maharashtra,Central,21.1458,79.0882,41.9,36.6,9.7,0.0
2025-07-06,Nagpur,Maharashtra,Central,21.1458,79.0882,41.5,41.9,14.0,0.0
2025-07-07,Nagpur,Maharashtra,Central,21.1458,79.0882,44.0,39.8,6.8,0.0
2025-07-08,Nagpur,Maharashtra,Central,21.1458,79.0882,40.5,45.6,10.0,0.0
2025-07-09,Nagpur,Maharashtra,Central,21.1458,79.0882,37.9,41.9,16.3,0.0
2025-07-10,Nagpur,Maharashtra,Central,21.1458,79.0882,43.4,35.1,13.7,0.0
2025-07-11,Nagpur,Maharashtra,Central,21.1458,79.0882,41.1,46.7,10.5,0.0
2025-07-12,Nagpur,Maharashtra,Central,21.1458,79.0882,42.4,32.5,14.0,5.2
2025-07-13,Nagpur,Maharashtra,Central,21.1458,79.0882,35.5,48.4,8.7,0.0
2025-07-14,Nagpur,Maharashtra,Central,21.1458,79.0882,38.9,39.1,11.2,0.0
2025-07-15,Nagpur,Maharashtra,Central,21.1458,79.0882,43.6,53.1,5.1,0.0
2025-07-16,Nagpur,Maharashtra,Central,21.1458,79.0882,39.6,39.0,20.4,0.0
2025-07-17,Nagpur,Maharashtra,Central,21.1458,79.0882,42.5,53.8,9.5,0.0
2025-07-18,Nagpur,Maharashtra,Central,21.1458,79.0882,41.1,40.2,17.5,0.0
2025-07-19,Nagpur,Maharashtra,Central,21.1458,79.0882,40.0,45.3,21.8,0.0
2025-07-20,Nagpur,Maharashtra,Central,21.1458,79.0882,38.4,37.6,13.4,0.0
2025-07-21,Nagpur,Maharashtra,Central,21.1458,79.0882,43.8,47.1,11.1,0.0
2025-07-22,Nagpur,Maharashtra,Central,21.1458,79.0882,40.3,48.0,11.5,0.0
2025-07-23,Nagpur,Maharashtra,Central,21.1458,79.0882,36.7,52.6,20.5,0.0
2025-07-24,Nagpur,Maharashtra,Central,21.1458,79.0882,40.6,47.9,12.9,0.0
2025-07-25,Nagpur,Maharashtra,Central,21.1458,79.0882,40.7,55.3,13.6,0.0
2025-07-26,Nagpur,Maharashtra,Central,21.1458,79.0882,39.3,49.1,6.9,0.0
2025-07-27,Nagpur,Maharashtra,Central,21.1458,79.0882,39.1,44.3,9.0,0.0
2025-07-28,Nagpur,Maharashtra,Central,21.1458,79.0882,42.3,56.3,19.7,0.0
2025-07-29,Nagpur,Maharashtra,Central,21.1458,79.0882,36.2,39.5,12.4,0.0
2025-07-30,Nagpur,Maharashtra,Central,21.1458,79.0882,40.5,46.3,16.3,1.2
2025-07-31,Nagpur,Maharashtra,Central,21.1458,79.0882,39.2,48.2,16.0,0.0
2025-08-01,Nagpur,Maharashtra,Central,21.1458,79.0882,40.3,55.9,8.1,0.2
2025-08-02,Nagpur,Maharashtra,Central,21.1458,79.0882,39.7,47.5,13.8,0.0
2025-08-03,Nagpur,Maharashtra,Central,21.1458,79.0882,41.5,49.4,15.1,0.0
2025-08-04,Nagpur,Maharashtra,Central,21.1458,79.0882,36.2,44.7,5.2,0.0
2025-08-05,Nagpur,Maharashtra,Central,21.1458,79.0882,37.6,50.4,11.3,0.0
2025-08-06,Nagpur,Maharashtra,Central,21.1458,79.0882,38.1,54.5,16.2,3.3
2025-08-07,Nagpur,Maharashtra,Central,21.1458,79.0882,35.5,48.4,16.8,0.0
2025-08-08,Nagpur,Maharashtra,Central,21.1458,79.0882,38.8,50.4,6.2,0.0
2025-08-09,Nagpur,Maharashtra,Central,21.1458,79.0882,40.4,44.8,8.7,0.0
2025-08-10,Nagpur,Maharashtra,Central,21.1458,79.0882,38.3,45.7,9.4,0.2
2025-08-11,Nagpur,Maharashtra,Central,21.1458,79.0882,36.3,55.3,13.7,1.0
2025-08-12,Nagpur,Maharashtra,Central,21.1458,79.0882,37.1,42.0,7.4,0.0
2025-08-13,Nagpur,Maharashtra,Central,21.1458,79.0882,34.7,51.0,8.8,0.8
2025-08-14,Nagpur,Maharashtra,Central,21.1458,79.0882,34.4,49.2,14.9,1.5
2025-08-15,Nagpur,Maharashtra,Central,21.1458,79.0882,37.0,54.9,13.8,3.6
2025-08-16,Nagpur,Maharashtra,Central,21.1458,79.0882,34.6,45.0,16.9,0.0
2025-08-17,Nagpur,Maharashtra,Central,21.1458,79.0882,36.3,65.3,10.6,1.3
2025-08-18,Nagpur,Maharashtra,Central,21.1458,79.0882,34.5,51.5,13.4,0.3
2025-08-19,Nagpur,Maharashtra,Central,21.1458,79.0882,37.0,56.0,11.4,2.2
2025-08-20,Nagpur,Maharashtra,Central,21.1458,79.0882,36.2,55.1,9.1,1.1
2025-08-21,Nagpur,Maharashtra,Central,21.1458,79.0882,33.4,57.8,11.7,0.0
2025-08-22,Nagpur,Maharashtra,Central,21.1458,79.0882,35.4,51.8,19.2,2.5
2025-08-23,Nagpur,Maharashtra,Central,21.1458,79.0882,33.2,50.9,12.7,0.0
2025-08-24,Nagpur,Maharashtra,Central,21.1458,79.0882,37.2,54.0,19.2,0.8
2025-08-25,Nagpur,Maharashtra,Central,21.1458,79.0882,37.2,52.7,14.1,0.0
2025-08-26,Nagpur,Maharashtra,Central,21.1458,79.0882,36.3,56.7,15.7,1.6
2025-08-27,Nagpur,Maharashtra,Central,21.1458,79.0882,36.2,52.2,9.7,0.4
2025-08-28,Nagpur,Maharashtra,Central,21.1458,79.0882,35.1,54.7,12.7,1.5
2025-08-29,Nagpur,Maharashtra,Central,21.1458,79.0882,32.7,49.5,11.4,2.6
2025-08-30,Nagpur,Maharashtra,Central,21.1458,79.0882,34.8,48.6,10.8,0.0
2025-08-31,Nagpur,Maharashtra,Central,21.1458,79.0882,34.8,55.1,6.3,0.8
2025-09-01,Nagpur,Maharashtra,Central,21.1458,79.0882,31.6,38.8,15.8,4.2
2025-09-02,Nagpur,Maharashtra,Central,21.1458,79.0882,39.6,69.2,11.3,2.2
2025-09-03,Nagpur,Maharashtra,Central,21.1458,79.0882,33.5,46.2,19.0,1.1
2025-09-04,Nagpur,Maharashtra,Central,21.1458,79.0882,32.4,59.2,14.0,1.1
2025-09-05,Nagpur,Maharashtra,Central,21.1458,79.0882,35.3,46.0,10.9,2.8
2025-09-06,Nagpur,Maharashtra,Central,21.1458,79.0882,29.6,57.0,15.2,0.8
2025-09-07,Nagpur,Maharashtra,Central,21.1458,79.0882,32.9,47.9,10.4,0.0
2025-09-08,Nagpur,Maharashtra,Central,21.1458,79.0882,31.7,59.7,13.3,1.1
2025-09-09,Nagpur,Maharashtra,Central,21.1458,79.0882,33.1,57.0,7.8,0.9
2025-09-10,Nagpur,Maharashtra,Central,21.1458,79.0882,35.3,48.1,9.7,0.1
2025-09-11,Nagpur,Maharashtra,Central,21.1458,79.0882,33.2,56.5,10.2,3.2
2025-09-12,Nagpur,Maharashtra,Central,21.1458,79.0882,31.2,45.5,12.4,4.0
2025-09-13,Nagpur,Maharashtra,Central,21.1458,79.0882,36.0,56.3,18.0,9.0
2025-09-14,Nagpur,Maharashtra,Central,21.1458,79.0882,32.7,57.7,8.7,1.5
2025-09-15,Nagpur,Maharashtra,Central,21.1458,79.0882,33.5,59.7,9.7,0.8
2025-09-16,Nagpur,Maharashtra,Central,21.1458,79.0882,33.1,54.8,16.0,0.0
2025-09-17,Nagpur,Maharashtra,Central,21.1458,79.0882,30.9,52.0,8.8,0.5
2025-09-18,Nagpur,Maharashtra,Central,21.1458,79.0882,28.4,61.4,4.7,4.2
2025-09-19,Nagpur,Maharashtra,Central,21.1458,79.0882,29.3,58.7,15.7,0.8
2025-09-20,Nagpur,Maharashtra,Central,21.1458,79.0882,31.1,57.0,7.8,0.4
2025-09-21,Nagpur,Maharashtra,Central,21.1458,79.0882,29.1,56.8,13.2,2.0
2025-09-22,Nagpur,Maharashtra,Central,21.1458,79.0882,31.4,67.2,14.3,0.4
2025-09-23,Nagpur,Maharashtra,Central,21.1458,79.0882,30.2,69.0,12.3,5.5
2025-09-24,Nagpur,Maharashtra,Central,21.1458,79.0882,30.6,61.0,8.0,0.9
2025-09-25,Nagpur,Maharashtra,Central,21.1458,79.0882,28.9,65.5,3.1,0.3
2025-09-26,Nagpur,Maharashtra,Central,21.1458,79.0882,29.0,63.2,12.1,3.2
2025-09-27,Nagpur,Maharashtra,Central,21.1458,79.0882,26.9,65.0,17.2,0.3
2025-09-28,Nagpur,Maharashtra,Central,21.1458,79.0882,28.8,61.1,6.9,0.1
2025-09-29,Nagpur,Maharashtra,Central,21.1458,79.0882,27.0,59.8,13.6,0.1
2025-09-30,Nagpur,Maharashtra,Central,21.1458,79.0882,29.4,53.7,10.4,8.0
2025-10-01,Nagpur,Maharashtra,Central,21.1458,79.0882,30.5,68.9,9.7,0.8
2025-10-02,Nagpur,Maharashtra,Central,21.1458,79.0882,27.8,64.1,16.7,0.1
2025-10-03,Nagpur,Maharashtra,Central,21.1458,79.0882,30.6,53.9,7.6,2.0
2025-10-04,Nagpur,Maharashtra,Central,21.1458,79.0882,27.9,59.2,17.0,1.0
2025-10-05,Nagpur,Maharashtra,Central,21.1458,79.0882,30.2,60.0,10.7,0.5
2025-10-06,Nagpur,Maharashtra,Central,21.1458,79.0882,31.2,53.7,18.4,0.9
2025-10-07,Nagpur,Maharashtra,Central,21.1458,79.0882,30.8,59.1,14.1,1.3
2025-10-08,Nagpur,Maharashtra,Central,21.1458,79.0882,28.2,65.2,17.2,0.1
2025-10-09,Nagpur,Maharashtra,Central,21.1458,79.0882,27.1,55.7,16.6,0.1
2025-10-10,Nagpur,Maharashtra,Central,21.1458,79.0882,26.5,66.1,9.1,0.3
2025-10-11,Nagpur,Maharashtra,Central,21.1458,79.0882,28.5,59.5,10.9,4.8
2025-10-12,Nagpur,Maharashtra,Central,21.1458,79.0882,28.7,61.6,10.5,5.2
2025-10-13,Nagpur,Maharashtra,Central,21.1458,79.0882,27.3,67.0,8.8,1.6
2025-10-14,Nagpur,Maharashtra,Central,21.1458,79.0882,28.8,69.1,6.4,0.4
2025-10-15,Nagpur,Maharashtra,Central,21.1458,79.0882,28.7,61.8,14.4,0.9
2025-10-16,Nagpur,Maharashtra,Central,21.1458,79.0882,27.0,70.6,15.8,0.1
2025-10-17,Nagpur,Maharashtra,Central,21.1458,79.0882,28.7,62.2,5.3,0.5
2025-10-18,Nagpur,Maharashtra,Central,21.1458,79.0882,28.7,64.8,4.6,6.5
2025-10-19,Nagpur,Maharashtra,Central,21.1458,79.0882,26.5,60.4,1.0,0.9
2025-10-20,Nagpur,Maharashtra,Central,21.1458,79.0882,28.2,69.1,14.8,0.8
2025-10-21,Nagpur,Maharashtra,Central,21.1458,79.0882,28.9,71.1,11.1,0.9
2025-10-22,Nagpur,Maharashtra,Central,21.1458,79.0882,30.3,68.6,13.7,1.0
2025-10-23,Nagpur,Maharashtra,Central,21.1458,79.0882,28.4,63.7,9.7,2.2
2025-10-24,Nagpur,Maharashtra,Central,21.1458,79.0882,30.5,62.6,17.3,0.4
2025-10-25,Nagpur,Maharashtra,Central,21.1458,79.0882,25.0,66.5,18.5,0.5
2025-10-26,Nagpur,Maharashtra,Central,21.1458,79.0882,29.3,59.7,6.0,6.8
2025-10-27,Nagpur,Maharashtra,Central,21.1458,79.0882,27.2,59.6,1.6,4.6
2025-10-28,Nagpur,Maharashtra,Central,21.1458,79.0882,30.7,66.4,10.6,0.3
2025-10-29,Nagpur,Maharashtra,Central,21.1458,79.0882,24.3,69.7,7.3,3.7
2025-10-30,Nagpur,Maharashtra,Central,21.1458,79.0882,25.0,66.3,14.7,2.6
2025-10-31,Nagpur,Maharashtra,Central,21.1458,79.0882,29.8,54.2,15.5,2.1
2025-11-01,Nagpur,Maharashtra,Central,21.1458,79.0882,26.4,60.8,13.5,1.0
2025-11-02,Nagpur,Maharashtra,Central,21.1458,79.0882,29.2,72.5,11.7,0.8
2025-11-03,Nagpur,Maharashtra,Central,21.1458,79.0882,27.9,68.2,10.9,0.4
2025-11-04,Nagpur,Maharashtra,Central,21.1458,79.0882,24.5,67.6,19.4,2.0
2025-11-05,Nagpur,Maharashtra,Central,21.1458,79.0882,25.7,62.2,11.6,1.6
2025-11-06,Nagpur,Maharashtra,Central,21.1458,79.0882,26.3,68.4,15.5,1.1
2025-11-07,Nagpur,Maharashtra,Central,21.1458,79.0882,26.7,70.6,9.6,0.7
2025-11-08,Nagpur,Maharashtra,Central,21.1458,79.0882,27.3,81.0,17.0,1.8
2025-11-09,Nagpur,Maharashtra,Central,21.1458,79.0882,25.8,59.6,13.4,2.6
2025-11-10,Nagpur,Maharashtra,Central,21.1458,79.0882,26.7,66.7,12.5,1.8
2025-11-11,Nagpur,Maharashtra,Central,21.1458,79.0882,27.5,60.0,17.5,1.3
2025-11-12,Nagpur,Maharashtra,Central,21.1458,79.0882,29.4,54.0,13.4,1.5
2025-11-13,Nagpur,Maharashtra,Central,21.1458,79.0882,27.4,63.2,19.7,1.2
2025-11-14,Nagpur,Maharashtra,Central,21.1458,79.0882,24.9,69.2,5.2,0.9
2025-11-15,Nagpur,Maharashtra,Central,21.1458,79.0882,22.6,66.7,3.7,5.1
2025-11-16,Nagpur,Maharashtra,Central,21.1458,79.0882,25.7,66.8,10.9,2.7
2025-11-17,Nagpur,Maharashtra,Central,21.1458,79.0882,24.7,66.5,12.1,1.9
2025-11-18,Nagpur,Maharashtra,Central,21.1458,79.0882,27.0,66.1,5.6,1.1
2025-11-19,Nagpur,Maharashtra,Central,21.1458,79.0882,25.3,70.6,12.1,2.9
2025-11-20,Nagpur,Maharashtra,Central,21.1458,79.0882,23.6,67.5,9.3,0.3
2025-11-21,Nagpur,Maharashtra,Central,21.1458,79.0882,26.0,63.4,10.1,1.1
2025-11-22,Nagpur,Maharashtra,Central,21.1458,79.0882,27.3,66.5,9.8,1.7
2025-11-23,Nagpur,Maharashtra,Central,21.1458,79.0882,22.7,71.6,9.3,0.9
2025-11-24,Nagpur,Maharashtra,Central,21.1458,79.0882,25.5,68.2,10.7,6.8
2025-11-25,Nagpur,Maharashtra,Central,21.1458,79.0882,28.9,71.8,15.4,1.2
2025-11-26,Nagpur,Maharashtra,Central,21.1458,79.0882,23.5,76.7,11.5,0.7
2025-11-27,Nagpur,Maharashtra,Central,21.1458,79.0882,26.9,65.6,11.9,4.9
2025-11-28,Nagpur,Maharashtra,Central,21.1458,79.0882,24.8,72.5,20.8,0.6
2025-11-29,Nagpur,Maharashtra,Central,21.1458,79.0882,27.7,64.5,14.8,0.2
2025-11-30,Nagpur,Maharashtra,Central,21.1458,79.0882,31.1,75.2,5.5,0.2
2025-12-01,Nagpur,Maharashtra,Central,21.1458,79.0882,26.8,68.2,7.9,1.7
2025-12-02,Nagpur,Maharashtra,Central,21.1458,79.0882,26.4,64.0,17.7,4.2
2025-12-03,Nagpur,Maharashtra,Central,21.1458,79.0882,27.4,68.7,8.2,0.7
2025-12-04,Nagpur,Maharashtra,Central,21.1458,79.0882,26.6,71.6,16.5,0.7
2025-12-05,Nagpur,Maharashtra,Central,21.1458,79.0882,27.1,62.7,5.8,1.9
2025-12-06,Nagpur,Maharashtra,Central,21.1458,79.0882,25.8,66.4,11.0,1.3
2025-12-07,Nagpur,Maharashtra,Central,21.1458,79.0882,25.3,65.1,14.5,1.1
2025-12-08,Nagpur,Maharashtra,Central,21.1458,79.0882,24.8,64.7,12.2,0.1
2025-12-09,Nagpur,Maharashtra,Central,21.1458,79.0882,28.4,65.5,15.4,1.0
2025-12-10,Nagpur,Maharashtra,Central,21.1458,79.0882,26.2,65.8,12.6,5.5
2025-12-11,Nagpur,Maharashtra,Central,21.1458,79.0882,24.1,75.3,11.5,0.8
2025-12-12,Nagpur,Maharashtra,Central,21.1458,79.0882,26.5,72.9,15.1,5.3
2025-12-13,Nagpur,Maharashtra,Central,21.1458,79.0882,27.2,63.2,11.5,1.0
2025-12-14,Nagpur,Maharashtra,Central,21.1458,79.0882,26.3,60.8,7.6,8.1
2025-12-15,Nagpur,Maharashtra,Central,21.1458,79.0882,28.7,72.0,11.7,3.2
2025-12-16,Nagpur,Maharashtra,Central,21.1458,79.0882,26.7,72.9,11.3,0.4
2025-12-17,Nagpur,Maharashtra,Central,21.1458,79.0882,28.4,61.9,18.2,1.2
2025-12-18,Nagpur,Maharashtra,Central,21.1458,79.0882,23.6,61.4,15.0,0.1
2025-12-19,Nagpur,Maharashtra,Central,21.1458,79.0882,26.0,55.1,10.2,1.0
2025-12-20,Nagpur,Maharashtra,Central,21.1458,79.0882,24.6,67.1,9.5,4.3
2025-12-21,Nagpur,Maharashtra,Central,21.1458,79.0882,27.0,59.7,8.5,2.4
2025-12-22,Nagpur,Maharashtra,Central,21.1458,79.0882,29.8,67.0,1.5,0.0
2025-12-23,Nagpur,Maharashtra,Central,21.1458,79.0882,28.5,73.8,11.6,7.7
2025-12-24,Nagpur,Maharashtra,Central,21.1458,79.0882,25.9,66.5,1.1,4.8
2025-12-25,Nagpur,Maharashtra,Central,21.1458,79.0882,27.8,75.8,13.5,1.2
2025-12-26,Nagpur,Maharashtra,Central,21.1458,79.0882,27.3,51.7,9.9,6.8
2025-12-27,Nagpur,Maharashtra,Central,21.1458,79.0882,25.9,67.3,11.8,0.1
2025-12-28,Nagpur,Maharashtra,Central,21.1458,79.0882,28.9,52.5,17.3,4.2
2025-12-29,Nagpur,Maharashtra,Central,21.1458,79.0882,27.9,62.7,9.4,7.1
2025-12-30,Nagpur,Maharashtra,Central,21.1458,79.0882,27.1,54.3,12.4,1.3
2025-12-31,Nagpur,Maharashtra,Central,21.1458,79.0882,26.3,70.2,10.8,0.7
2025-01-01,Ahmedabad,Gujarat,West,23.0225,72.5714,25.7,64.4,18.0,0.5
2025-01-02,Ahmedabad,Gujarat,West,23.0225,72.5714,25.3,59.4,11.3,8.9
2025-01-03,Ahmedabad,Gujarat,West,23.0225,72.5714,27.2,57.1,11.8,4.4
2025-01-04,Ahmedabad,Gujarat,West,23.0225,72.5714,29.6,62.9,13.1,0.7
2025-01-05,Ahmedabad,Gujarat,West,23.0225,72.5714,25.5,64.3,7.6,1.9
2025-01-06,Ahmedabad,Gujarat,West,23.0225,72.5714,25.8,64.4,13.6,1.1
2025-01-07,Ahmedabad,Gujarat,West,23.0225,72.5714,27.1,54.4,22.6,1.0
2025-01-08,Ahmedabad,Gujarat,West,23.0225,72.5714,28.6,55.1,1.0,0.7
2025-01-09,Ahmedabad,Gujarat,West,23.0225,72.5714,27.8,54.5,14.4,0.7
2025-01-10,Ahmedabad,Gujarat,West,23.0225,72.5714,27.0,60.5,14.0,0.6
2025-01-11,Ahmedabad,Gujarat,West,23.0225,72.5714,21.8,60.6,11.0,0.7
2025-01-12,Ahmedabad,Gujarat,West,23.0225,72.5714,28.5,52.8,12.2,0.0
2025-01-13,Ahmedabad,Gujarat,West,23.0225,72.5714,28.1,61.8,5.4,2.4
2025-01-14,Ahmedabad,Gujarat,West,23.0225,72.5714,27.8,52.9,2.4,0.4
2025-01-15,Ahmedabad,Gujarat,West,23.0225,72.5714,28.8,78.6,11.8,0.5
2025-01-16,Ahmedabad,Gujarat,West,23.0225,72.5714,30.8,65.9,13.1,1.9
2025-01-17,Ahmedabad,Gujarat,West,23.0225,72.5714,27.5,71.0,9.6,0.4
2025-01-18,Ahmedabad,Gujarat,West,23.0225,72.5714,24.8,56.0,17.7,1.3
2025-01-19,Ahmedabad,Gujarat,West,23.0225,72.5714,27.1,65.1,17.5,0.8
2025-01-20,Ahmedabad,Gujarat,West,23.0225,72.5714,26.7,67.0,12.1,0.6
2025-01-21,Ahmedabad,Gujarat,West,23.0225,72.5714,25.1,45.2,14.4,6.8
2025-01-22,Ahmedabad,Gujarat,West,23.0225,72.5714,30.0,63.7,12.8,4.0
2025-01-23,Ahmedabad,Gujarat,West,23.0225,72.5714,26.2,72.1,14.5,0.9
2025-01-24,Ahmedabad,Gujarat,West,23.0225,72.5714,28.1,56.8,16.0,0.6
2025-01-25,Ahmedabad,Gujarat,West,23.0225,72.5714,27.8,57.5,7.0,4.5
2025-01-26,Ahmedabad,Gujarat,West,23.0225,72.5714,28.4,64.8,13.2,2.3
2025-01-27,Ahmedabad,Gujarat,West,23.0225,72.5714,25.0,67.3,8.4,0.1
2025-01-28,Ahmedabad,Gujarat,West,23.0225,72.5714,28.5,58.3,6.6,1.4
2025-01-29,Ahmedabad,Gujarat,West,23.0225,72.5714,26.9,55.2,9.7,0.7
2025-01-30,Ahmedabad,Gujarat,West,23.0225,72.5714,28.8,63.3,20.4,8.2
2025-01-31,Ahmedabad,Gujarat,West,23.0225,72.5714,26.3,65.6,7.6,2.5
2025-02-01,Ahmedabad,Gujarat,West,23.0225,72.5714,27.8,62.0,10.2,1.8
2025-02-02,Ahmedabad,Gujarat,West,23.0225,72.5714,29.6,55.6,14.7,3.7
2025-02-03,Ahmedabad,Gujarat,West,23.0225,72.5714,26.7,59.1,16.8,1.6
2025-02-04,Ahmedabad,Gujarat,West,23.0225,72.5714,26.8,57.9,9.3,0.5
2025-02-05,Ahmedabad,Gujarat,West,23.0225,72.5714,28.9,51.8,8.1,0.9
2025-02-06,Ahmedabad,Gujarat,West,23.0225,72.5714,31.1,61.6,11.7,6.2
2025-02-07,Ahmedabad,Gujarat,West,23.0225,72.5714,28.8,64.0,11.2,0.6
2025-02-08,Ahmedabad,Gujarat,West,23.0225,72.5714,29.2,68.6,12.1,3.9
2025-02-09,Ahmedabad,Gujarat,West,23.0225,72.5714,29.4,65.3,7.5,0.1
2025-02-10,Ahmedabad,Gujarat,West,23.0225,72.5714,32.3,48.7,8.3,2.4
2025-02-11,Ahmedabad,Gujarat,West,23.0225,72.5714,29.1,65.1,9.6,1.2
2025-02-12,Ahmedabad,Gujarat,West,23.0225,72.5714,32.2,64.3,16.4,8.7
2025-02-13,Ahmedabad,Gujarat,West,23.0225,72.5714,31.9,51.5,15.0,0.3
2025-02-14,Ahmedabad,Gujarat,West,23.0225,72.5714,31.2,60.8,18.2,0.6
2025-02-15,Ahmedabad,Gujarat,West,23.0225,72.5714,27.2,56.2,15.8,1.7
2025-02-16,Ahmedabad,Gujarat,West,23.0225,72.5714,31.4,59.8,21.1,0.1
2025-02-17,Ahmedabad,Gujarat,West,23.0225,72.5714,31.1,48.2,8.2,1.4
2025-02-18,Ahmedabad,Gujarat,West,23.0225,72.5714,30.3,50.5,8.6,1.2
2025-02-19,Ahmedabad,Gujarat,West,23.0225,72.5714,32.2,61.6,12.9,3.3
2025-02-20,Ahmedabad,Gujarat,West,23.0225,72.5714,31.0,54.6,13.1,2.1
2025-02-21,Ahmedabad,Gujarat,West,23.0225,72.5714,32.3,64.0,9.6,1.5
2025-02-22,Ahmedabad,Gujarat,West,23.0225,72.5714,35.7,57.2,10.7,0.2
2025-02-23,Ahmedabad,Gujarat,West,23.0225,72.5714,28.9,53.2,7.6,2.4
2025-02-24,Ahmedabad,Gujarat,West,23.0225,72.5714,32.4,53.2,13.8,0.2
2025-02-25,Ahmedabad,Gujarat,West,23.0225,72.5714,28.0,68.3,13.2,4.0
2025-02-26,Ahmedabad,Gujarat,West,23.0225,72.5714,31.1,58.4,16.4,0.2
2025-02-27,Ahmedabad,Gujarat,West,23.0225,72.5714,31.5,53.2,9.3,5.7
2025-02-28,Ahmedabad,Gujarat,West,23.0225,72.5714,30.1,62.1,13.5,2.5
2025-03-01,Ahmedabad,Gujarat,West,23.0225,72.5714,33.4,52.0,15.4,0.8
2025-03-02,Ahmedabad,Gujarat,West,23.0225,72.5714,30.6,56.9,11.3,0.0
2025-03-03,Ahmedabad,Gujarat,West,23.0225,72.5714,35.1,60.5,13.9,1.9
2025-03-04,Ahmedabad,Gujarat,West,23.0225,72.5714,35.2,56.7,8.5,7.8
2025-03-05,Ahmedabad,Gujarat,West,23.0225,72.5714,33.2,59.5,11.5,3.1
2025-03-06,Ahmedabad,Gujarat,West,23.0225,72.5714,32.9,51.9,19.4,0.0
2025-03-07,Ahmedabad,Gujarat,West,23.0225,72.5714,31.8,39.0,12.8,0.1
2025-03-08,Ahmedabad,Gujarat,West,23.0225,72.5714,34.9,49.3,12.2,6.4
2025-03-09,Ahmedabad,Gujarat,West,23.0225,72.5714,33.3,40.2,17.5,1.2
2025-03-10,Ahmedabad,Gujarat,West,23.0225,72.5714,32.1,47.4,15.7,0.0
2025-03-11,Ahmedabad,Gujarat,West,23.0225,72.5714,34.9,48.1,12.4,2.8
2025-03-12,Ahmedabad,Gujarat,West,23.0225,72.5714,33.5,52.2,15.9,0.0
2025-03-13,Ahmedabad,Gujarat,West,23.0225,72.5714,34.9,49.4,9.8,0.0
2025-03-14,Ahmedabad,Gujarat,West,23.0225,72.5714,35.9,54.4,5.7,0.0
2025-03-15,Ahmedabad,Gujarat,West,23.0225,72.5714,35.8,56.4,4.3,0.0
2025-03-16,Ahmedabad,Gujarat,West,23.0225,72.5714,33.5,53.3,10.7,0.0
2025-03-17,Ahmedabad,Gujarat,West,23.0225,72.5714,34.2,49.0,16.6,0.0
2025-03-18,Ahmedabad,Gujarat,West,23.0225,72.5714,35.7,52.3,9.6,1.2
2025-03-19,Ahmedabad,Gujarat,West,23.0225,72.5714,33.2,43.5,5.8,0.0
2025-03-20,Ahmedabad,Gujarat,West,23.0225,72.5714,36.6,55.8,17.6,0.0
2025-03-21,Ahmedabad,Gujarat,West,23.0225,72.5714,37.1,58.1,9.7,0.0
2025-03-22,Ahmedabad,Gujarat,West,23.0225,72.5714,33.6,53.2,8.8,1.2
2025-03-23,Ahmedabad,Gujarat,West,23.0225,72.5714,36.0,53.1,13.3,0.0
2025-03-24,Ahmedabad,Gujarat,West,23.0225,72.5714,38.3,54.8,15.9,0.6
2025-03-25,Ahmedabad,Gujarat,West,23.0225,72.5714,35.3,54.9,6.4,3.3
2025-03-26,Ahmedabad,Gujarat,West,23.0225,72.5714,38.1,50.7,10.2,0.0
2025-03-27,Ahmedabad,Gujarat,West,23.0225,72.5714,34.8,53.3,11.9,1.6
2025-03-28,Ahmedabad,Gujarat,West,23.0225,72.5714,33.6,47.0,10.5,0.0
2025-03-29,Ahmedabad,Gujarat,West,23.0225,72.5714,38.2,49.6,13.6,0.0
2025-03-30,Ahmedabad,Gujarat,West,23.0225,72.5714,35.0,52.3,8.5,0.0
2025-03-31,Ahmedabad,Gujarat,West,23.0225,72.5714,35.4,55.7,3.3,4.5
2025-04-01,Ahmedabad,Gujarat,West,23.0225,72.5714,34.8,42.9,7.8,0.0
2025-04-02,Ahmedabad,Gujarat,West,23.0225,72.5714,34.2,51.4,11.1,0.5
2025-04-03,Ahmedabad,Gujarat,West,23.0225,72.5714,37.9,50.5,9.0,0.6
2025-04-04,Ahmedabad,Gujarat,West,23.0225,72.5714,38.5,48.1,7.3,0.0
2025-04-05,Ahmedabad,Gujarat,West,23.0225,72.5714,39.3,44.9,10.9,0.0
2025-04-06,Ahmedabad,Gujarat,West,23.0225,72.5714,37.2,42.7,10.3,0.0
2025-04-07,Ahmedabad,Gujarat,West,23.0225,72.5714,38.3,41.2,14.2,0.0
2025-04-08,Ahmedabad,Gujarat,West,23.0225,72.5714,36.9,54.3,14.0,0.0
2025-04-09,Ahmedabad,Gujarat,West,23.0225,72.5714,41.6,53.9,17.9,0.0
2025-04-10,Ahmedabad,Gujarat,West,23.0225,72.5714,37.9,44.2,12.7,0.0
2025-04-11,Ahmedabad,Gujarat,West,23.0225,72.5714,39.8,53.9,16.8,2.7
2025-04-12,Ahmedabad,Gujarat,West,23.0225,72.5714,39.5,43.4,12.9,0.0
2025-04-13,Ahmedabad,Gujarat,West,23.0225,72.5714,37.7,56.2,6.5,0.0
2025-04-14,Ahmedabad,Gujarat,West,23.0225,72.5714,35.1,43.3,13.5,0.0
2025-04-15,Ahmedabad,Gujarat,West,23.0225,72.5714,39.5,46.0,11.0,0.0
2025-04-16,Ahmedabad,Gujarat,West,23.0225,72.5714,41.1,51.6,15.5,0.0
2025-04-17,Ahmedabad,Gujarat,West,23.0225,72.5714,37.0,55.2,6.3,0.0
2025-04-18,Ahmedabad,Gujarat,West,23.0225,72.5714,37.8,50.2,7.7,0.0
2025-04-19,Ahmedabad,Gujarat,West,23.0225,72.5714,42.0,44.7,13.7,0.0
2025-04-20,Ahmedabad,Gujarat,West,23.0225,72.5714,40.5,38.7,17.8,0.0
2025-04-21,Ahmedabad,Gujarat,West,23.0225,72.5714,39.1,42.9,8.6,0.0
2025-04-22,Ahmedabad,Gujarat,West,23.0225,72.5714,40.6,42.3,9.0,0.0
2025-04-23,Ahmedabad,Gujarat,West,23.0225,72.5714,38.8,45.8,12.4,0.0
2025-04-24,Ahmedabad,Gujarat,West,23.0225,72.5714,38.3,50.5,12.8,0.0
2025-04-25,Ahmedabad,Gujarat,West,23.0225,72.5714,37.6,52.8,12.0,0.0
2025-04-26,Ahmedabad,Gujarat,West,23.0225,72.5714,41.3,50.8,10.2,0.0
2025-04-27,Ahmedabad,Gujarat,West,23.0225,72.5714,37.6,44.0,9.6,0.0
2025-04-28,Ahmedabad,Gujarat,West,23.0225,72.5714,39.6,46.0,10.9,0.0
2025-04-29,Ahmedabad,Gujarat,West,23.0225,72.5714,42.0,50.5,12.9,0.0
2025-04-30,Ahmedabad,Gujarat,West,23.0225,72.5714,42.7,52.7,7.6,0.0
2025-05-01,Ahmedabad,Gujarat,West,23.0225,72.5714,39.4,40.3,9.3,0.0
2025-05-02,Ahmedabad,Gujarat,West,23.0225,72.5714,40.1,32.5,17.8,0.0
2025-05-03,Ahmedabad,Gujarat,West,23.0225,72.5714,39.1,37.5,21.1,0.0
2025-05-04,Ahmedabad,Gujarat,West,23.0225,72.5714,40.0,43.8,10.2,0.0
2025-05-05,Ahmedabad,Gujarat,West,23.0225,72.5714,43.2,48.3,9.7,0.0
2025-05-06,Ahmedabad,Gujarat,West,23.0225,72.5714,39.0,39.8,16.4,0.0
2025-05-07,Ahmedabad,Gujarat,West,23.0225,72.5714,41.0,47.7,10.4,0.0
2025-05-08,Ahmedabad,Gujarat,West,23.0225,72.5714,39.1,26.5,14.1,0.0
2025-05-09,Ahmedabad,Gujarat,West,23.0225,72.5714,38.2,43.9,12.7,0.0
2025-05-10,Ahmedabad,Gujarat,West,23.0225,72.5714,41.9,44.6,11.1,0.0
2025-05-11,Ahmedabad,Gujarat,West,23.0225,72.5714,43.0,42.4,22.6,0.0
2025-05-12,Ahmedabad,Gujarat,West,23.0225,72.5714,37.6,42.3,11.0,0.0
2025-05-13,Ahmedabad,Gujarat,West,23.0225,72.5714,41.7,56.9,14.2,0.0
2025-05-14,Ahmedabad,Gujarat,West,23.0225,72.5714,40.0,37.9,13.0,0.0
2025-05-15,Ahmedabad,Gujarat,West,23.0225,72.5714,39.2,39.4,14.8,0.0
2025-05-16,Ahmedabad,Gujarat,West,23.0225,72.5714,42.0,42.5,9.4,0.0
2025-05-17,Ahmedabad,Gujarat,West,23.0225,72.5714,43.7,36.0,15.8,0.0
2025-05-18,Ahmedabad,Gujarat,West,23.0225,72.5714,41.6,37.0,15.3,0.0
2025-05-19,Ahmedabad,Gujarat,West,23.0225,72.5714,39.1,49.5,18.3,0.0
2025-05-20,Ahmedabad,Gujarat,West,23.0225,72.5714,40.4,39.8,17.9,0.0
2025-05-21,Ahmedabad,Gujarat,West,23.0225,72.5714,39.6,39.2,9.0,0.0
2025-05-22,Ahmedabad,Gujarat,West,23.0225,72.5714,38.3,40.3,11.7,0.0
2025-05-23,Ahmedabad,Gujarat,West,23.0225,72.5714,41.3,41.4,13.1,0.0
2025-05-24,Ahmedabad,Gujarat,West,23.0225,72.5714,41.8,50.8,12.5,0.0
2025-05-25,Ahmedabad,Gujarat,West,23.0225,72.5714,40.1,50.8,9.5,0.0
2025-05-26,Ahmedabad,Gujarat,West,23.0225,72.5714,42.0,42.3,17.6,0.0
2025-05-27,Ahmedabad,Gujarat,West,23.0225,72.5714,40.1,46.0,14.2,0.0
2025-05-28,Ahmedabad,Gujarat,West,23.0225,72.5714,41.7,45.2,12.3,0.0
2025-05-29,Ahmedabad,Gujarat,West,23.0225,72.5714,40.9,43.8,7.3,0.0
2025-05-30,Ahmedabad,Gujarat,West,23.0225,72.5714,42.3,43.7,16.0,0.0
2025-05-31,Ahmedabad,Gujarat,West,23.0225,72.5714,41.9,30.8,20.4,0.0
2025-06-01,Ahmedabad,Gujarat,West,23.0225,72.5714,41.4,40.1,18.4,0.0
2025-06-02,Ahmedabad,Gujarat,West,23.0225,72.5714,41.0,45.4,8.2,0.0
2025-06-03,Ahmedabad,Gujarat,West,23.0225,72.5714,41.5,48.8,8.8,0.0
2025-06-04,Ahmedabad,Gujarat,West,23.0225,72.5714,41.1,47.6,9.5,0.0
2025-06-05,Ahmedabad,Gujarat,West,23.0225,72.5714,41.0,45.5,18.4,0.0
2025-06-06,Ahmedabad,Gujarat,West,23.0225,72.5714,40.5,55.0,20.1,0.0
2025-06-07,Ahmedabad,Gujarat,West,23.0225,72.5714,42.9,41.5,11.1,0.0
2025-06-08,Ahmedabad,Gujarat,West,23.0225,72.5714,40.2,45.4,9.4,0.0
2025-06-09,Ahmedabad,Gujarat,West,23.0225,72.5714,38.2,50.8,9.3,0.0
2025-06-10,Ahmedabad,Gujarat,West,23.0225,72.5714,42.2,47.8,8.1,0.0
2025-06-11,Ahmedabad,Gujarat,West,23.0225,72.5714,39.1,44.7,7.3,0.0
2025-06-12,Ahmedabad,Gujarat,West,23.0225,72.5714,40.4,40.8,13.1,0.0
2025-06-13,Ahmedabad,Gujarat,West,23.0225,72.5714,42.0,43.4,2.7,0.0
2025-06-14,Ahmedabad,Gujarat,West,23.0225,72.5714,42.2,23.6,8.7,0.0
2025-06-15,Ahmedabad,Gujarat,West,23.0225,72.5714,41.3,45.1,5.2,0.0
2025-06-16,Ahmedabad,Gujarat,West,23.0225,72.5714,39.0,34.4,13.7,0.0
2025-06-17,Ahmedabad,Gujarat,West,23.0225,72.5714,36.9,42.4,10.9,0.0
2025-06-18,Ahmedabad,Gujarat,West,23.0225,72.5714,39.9,38.2,9.9,0.0
2025-06-19,Ahmedabad,Gujarat,West,23.0225,72.5714,41.5,31.9,3.8,0.0
2025-06-20,Ahmedabad,Gujarat,West,23.0225,72.5714,41.9,43.0,13.5,0.0
2025-06-21,Ahmedabad,Gujarat,West,23.0225,72.5714,40.1,34.1,9.0,0.0
2025-06-22,Ahmedabad,Gujarat,West,23.0225,72.5714,41.7,43.4,10.7,0.0
2025-06-23,Ahmedabad,Gujarat,West,23.0225,72.5714,41.8,32.3,14.6,0.0
2025-06-24,Ahmedabad,Gujarat,West,23.0225,72.5714,38.9,41.8,13.7,0.0
2025-06-25,Ahmedabad,Gujarat,West,23.0225,72.5714,42.7,38.7,14.5,0.0
2025-06-26,Ahmedabad,Gujarat,West,23.0225,72.5714,39.8,43.9,6.7,0.0
2025-06-27,Ahmedabad,Gujarat,West,23.0225,72.5714,40.1,45.6,12.3,0.0
2025-06-28,Ahmedabad,Gujarat,West,23.0225,72.5714,41.6,50.3,17.1,1.9
2025-06-29,Ahmedabad,Gujarat,West,23.0225,72.5714,41.7,37.2,14.4,0.0
2025-06-30,Ahmedabad,Gujarat,West,23.0225,72.5714,41.2,39.6,10.1,0.0
2025-07-01,Ahmedabad,Gujarat,West,23.0225,72.5714,42.4,40.6,8.8,0.0
2025-07-02,Ahmedabad,Gujarat,West,23.0225,72.5714,40.0,43.5,8.5,0.0
2025-07-03,Ahmedabad,Gujarat,West,23.0225,72.5714,41.9,47.9,3.3,0.0
2025-07-04,Ahmedabad,Gujarat,West,23.0225,72.5714,38.8,46.6,13.6,0.0
2025-07-05,Ahmedabad,Gujarat,West,23.0225,72.5714,35.0,60.3,14.1,0.0
2025-07-06,Ahmedabad,Gujarat,West,23.0225,72.5714,39.9,41.3,12.2,0.0
2025-07-07,Ahmedabad,Gujarat,West,23.0225,72.5714,41.1,50.9,12.5,0.0
2025-07-08,Ahmedabad,Gujarat,West,23.0225,72.5714,39.2,39.0,8.7,0.0
2025-07-09,Ahmedabad,Gujarat,West,23.0225,72.5714,39.2,35.3,12.8,0.0
2025-07-10,Ahmedabad,Gujarat,West,23.0225,72.5714,39.2,42.4,12.6,0.0
2025-07-11,Ahmedabad,Gujarat,West,23.0225,72.5714,44.7,53.9,7.0,0.0
2025-07-12,Ahmedabad,Gujarat,West,23.0225,72.5714,39.5,51.0,5.3,0.0
2025-07-13,Ahmedabad,Gujarat,West,23.0225,72.5714,37.8,51.8,16.0,0.0
2025-07-14,Ahmedabad,Gujarat,West,23.0225,72.5714,41.4,47.1,13.6,0.0
2025-07-15,Ahmedabad,Gujarat,West,23.0225,72.5714,40.0,43.4,8.9,0.0
2025-07-16,Ahmedabad,Gujarat,West,23.0225,72.5714,41.6,42.2,13.0,0.2
2025-07-17,Ahmedabad,Gujarat,West,23.0225,72.5714,37.2,39.2,9.7,0.0
2025-07-18,Ahmedabad,Gujarat,West,23.0225,72.5714,38.3,45.2,8.1,0.0
2025-07-19,Ahmedabad,Gujarat,West,23.0225,72.5714,39.7,50.5,10.4,0.0
2025-07-20,Ahmedabad,Gujarat,West,23.0225,72.5714,36.5,49.3,10.2,0.0
2025-07-21,Ahmedabad,Gujarat,West,23.0225,72.5714,37.3,40.2,13.1,0.0
2025-07-22,Ahmedabad,Gujarat,West,23.0225,72.5714,36.7,55.3,4.6,0.0
2025-07-23,Ahmedabad,Gujarat,West,23.0225,72.5714,35.7,48.7,16.3,0.0
2025-07-24,Ahmedabad,Gujarat,West,23.0225,72.5714,37.2,53.0,13.5,0.0
2025-07-25,Ahmedabad,Gujarat,West,23.0225,72.5714,40.8,49.6,14.3,0.0
2025-07-26,Ahmedabad,Gujarat,West,23.0225,72.5714,40.2,51.9,15.5,0.0
2025-07-27,Ahmedabad,Gujarat,West,23.0225,72.5714,35.3,47.3,16.4,0.0
2025-07-28,Ahmedabad,Gujarat,West,23.0225,72.5714,33.5,54.1,13.9,0.0
2025-07-29,Ahmedabad,Gujarat,West,23.0225,72.5714,37.4,55.8,15.9,0.0
2025-07-30,Ahmedabad,Gujarat,West,23.0225,72.5714,34.7,61.9,16.8,0.0
2025-07-31,Ahmedabad,Gujarat,West,23.0225,72.5714,35.8,40.8,10.5,0.0
2025-08-01,Ahmedabad,Gujarat,West,23.0225,72.5714,37.8,58.2,13.5,0.0
2025-08-02,Ahmedabad,Gujarat,West,23.0225,72.5714,37.5,40.8,11.2,2.9
2025-08-03,Ahmedabad,Gujarat,West,23.0225,72.5714,38.7,42.5,11.4,0.0
2025-08-04,Ahmedabad,Gujarat,West,23.0225,72.5714,36.4,51.4,9.4,0.0
2025-08-05,Ahmedabad,Gujarat,West,23.0225,72.5714,36.1,55.9,9.2,0.0
2025-08-06,Ahmedabad,Gujarat,West,23.0225,72.5714,39.2,49.4,8.0,0.0
2025-08-07,Ahmedabad,Gujarat,West,23.0225,72.5714,32.5,52.7,3.0,0.0
2025-08-08,Ahmedabad,Gujarat,West,23.0225,72.5714,36.9,37.0,7.2,0.0
2025-08-09,Ahmedabad,Gujarat,West,23.0225,72.5714,37.6,51.3,13.1,0.0
2025-08-10,Ahmedabad,Gujarat,West,23.0225,72.5714,35.5,51.1,12.8,0.0
2025-08-11,Ahmedabad,Gujarat,West,23.0225,72.5714,40.1,46.8,11.1,0.0
2025-08-12,Ahmedabad,Gujarat,West,23.0225,72.5714,35.4,54.4,9.4,0.0
2025-08-13,Ahmedabad,Gujarat,West,23.0225,72.5714,35.4,53.1,19.1,0.0
2025-08-14,Ahmedabad,Gujarat,West,23.0225,72.5714,36.8,46.4,10.3,0.0
2025-08-15,Ahmedabad,Gujarat,West,23.0225,72.5714,34.4,45.8,8.7,0.0
2025-08-16,Ahmedabad,Gujarat,West,23.0225,72.5714,37.0,54.8,9.1,0.0
2025-08-17,Ahmedabad,Gujarat,West,23.0225,72.5714,34.7,52.4,13.1,0.5
2025-08-18,Ahmedabad,Gujarat,West,23.0225,72.5714,34.9,50.8,12.3,3.2
2025-08-19,Ahmedabad,Gujarat,West,23.0225,72.5714,33.8,52.7,14.0,0.0
2025-08-20,Ahmedabad,Gujarat,West,23.0225,72.5714,34.9,55.0,11.8,0.0
2025-08-21,Ahmedabad,Gujarat,West,23.0225,72.5714,33.1,38.0,5.3,0.3
2025-08-22,Ahmedabad,Gujarat,West,23.0225,72.5714,32.4,50.4,17.2,0.9
2025-08-23,Ahmedabad,Gujarat,West,23.0225,72.5714,34.2,56.3,11.2,3.7
2025-08-24,Ahmedabad,Gujarat,West,23.0225,72.5714,35.3,56.7,14.9,0.0
2025-08-25,Ahmedabad,Gujarat,West,23.0225,72.5714,38.2,52.1,5.5,1.1
2025-08-26,Ahmedabad,Gujarat,West,23.0225,72.5714,36.7,56.2,14.0,0.0
2025-08-27,Ahmedabad,Gujarat,West,23.0225,72.5714,30.6,63.1,9.9,1.7
2025-08-28,Ahmedabad,Gujarat,West,23.0225,72.5714,29.7,54.1,16.5,1.8
2025-08-29,Ahmedabad,Gujarat,West,23.0225,72.5714,33.0,53.2,13.1,3.8
2025-08-30,Ahmedabad,Gujarat,West,23.0225,72.5714,31.0,48.0,14.8,0.0
2025-08-31,Ahmedabad,Gujarat,West,23.0225,72.5714,33.1,60.5,10.4,0.9
2025-09-01,Ahmedabad,Gujarat,West,23.0225,72.5714,32.3,47.1,15.0,2.9
2025-09-02,Ahmedabad,Gujarat,West,23.0225,72.5714,32.4,57.1,12.0,1.3
2025-09-03,Ahmedabad,Gujarat,West,23.0225,72.5714,30.5,54.2,14.4,2.6
2025-09-04,Ahmedabad,Gujarat,West,23.0225,72.5714,29.7,65.0,12.3,1.7
2025-09-05,Ahmedabad,Gujarat,West,23.0225,72.5714,30.6,56.7,12.3,0.6
2025-09-06,Ahmedabad,Gujarat,West,23.0225,72.5714,30.3,56.7,10.3,1.5
2025-09-07,Ahmedabad,Gujarat,West,23.0225,72.5714,32.1,59.4,12.3,3.7
2025-09-08,Ahmedabad,Gujarat,West,23.0225,72.5714,30.7,60.3,10.9,0.4
2025-09-09,Ahmedabad,Gujarat,West,23.0225,72.5714,29.3,67.0,11.5,0.6
2025-09-10,Ahmedabad,Gujarat,West,23.0225,72.5714,31.1,58.8,12.5,0.6
2025-09-11,Ahmedabad,Gujarat,West,23.0225,72.5714,30.2,57.6,16.1,2.1
2025-09-12,Ahmedabad,Gujarat,West,23.0225,72.5714,32.3,57.6,15.2,0.2
2025-09-13,Ahmedabad,Gujarat,West,23.0225,72.5714,29.4,58.0,10.1,1.9
2025-09-14,Ahmedabad,Gujarat,West,23.0225,72.5714,35.7,61.6,12.0,1.0
2025-09-15,Ahmedabad,Gujarat,West,23.0225,72.5714,34.0,54.4,5.7,1.1
2025-09-16,Ahmedabad,Gujarat,West,23.0225,72.5714,32.4,56.2,8.3,0.1
2025-09-17,Ahmedabad,Gujarat,West,23.0225,72.5714,32.0,54.3,10.9,0.2
2025-09-18,Ahmedabad,Gujarat,West,23.0225,72.5714,30.6,62.1,14.7,4.9
2025-09-19,Ahmedabad,Gujarat,West,23.0225,72.5714,31.3,63.8,13.6,1.4
2025-09-20,Ahmedabad,Gujarat,West,23.0225,72.5714,31.2,62.4,10.2,2.6
2025-09-21,Ahmedabad,Gujarat,West,23.0225,72.5714,29.0,55.2,9.7,0.1
2025-09-22,Ahmedabad,Gujarat,West,23.0225,72.5714,31.1,56.8,16.2,3.7
2025-09-23,Ahmedabad,Gujarat,West,23.0225,72.5714,31.6,60.3,11.5,2.2
2025-09-24,Ahmedabad,Gujarat,West,23.0225,72.5714,29.5,59.1,16.0,1.9
2025-09-25,Ahmedabad,Gujarat,West,23.0225,72.5714,30.7,56.7,8.5,1.6
2025-09-26,Ahmedabad,Gujarat,West,23.0225,72.5714,29.6,53.1,12.0,1.2
2025-09-27,Ahmedabad,Gujarat,West,23.0225,72.5714,30.0,47.8,11.6,2.9
2025-09-28,Ahmedabad,Gujarat,West,23.0225,72.5714,29.4,55.2,17.6,0.1
2025-09-29,Ahmedabad,Gujarat,West,23.0225,72.5714,27.9,53.9,13.2,0.3
2025-09-30,Ahmedabad,Gujarat,West,23.0225,72.5714,26.8,69.0,8.0,1.6
2025-10-01,Ahmedabad,Gujarat,West,23.0225,72.5714,26.6,49.9,11.5,0.2
2025-10-02,Ahmedabad,Gujarat,West,23.0225,72.5714,28.9,64.0,12.9,0.6
2025-10-03,Ahmedabad,Gujarat,West,23.0225,72.5714,30.6,49.6,10.5,2.2
2025-10-04,Ahmedabad,Gujarat,West,23.0225,72.5714,29.0,56.7,2.2,0.1
2025-10-05,Ahmedabad,Gujarat,West,23.0225,72.5714,29.5,58.2,4.6,1.0
2025-10-06,Ahmedabad,Gujarat,West,23.0225,72.5714,27.6,64.5,14.5,0.6
2025-10-07,Ahmedabad,Gujarat,West,23.0225,72.5714,27.7,59.0,12.6,1.5
2025-10-08,Ahmedabad,Gujarat,West,23.0225,72.5714,29.6,52.0,16.9,3.3
2025-10-09,Ahmedabad,Gujarat,West,23.0225,72.5714,26.2,62.8,12.4,5.5
2025-10-10,Ahmedabad,Gujarat,West,23.0225,72.5714,26.0,67.1,10.4,2.9
2025-10-11,Ahmedabad,Gujarat,West,23.0225,72.5714,28.4,59.7,9.9,1.4
2025-10-12,Ahmedabad,Gujarat,West,23.0225,72.5714,25.6,59.4,13.3,1.0
2025-10-13,Ahmedabad,Gujarat,West,23.0225,72.5714,32.9,56.6,10.3,3.3
2025-10-14,Ahmedabad,Gujarat,West,23.0225,72.5714,28.3,66.4,19.3,2.4
2025-10-15,Ahmedabad,Gujarat,West,23.0225,72.5714,25.6,61.8,13.2,2.0
2025-10-16,Ahmedabad,Gujarat,West,23.0225,72.5714,31.1,67.5,10.9,1.8
2025-10-17,Ahmedabad,Gujarat,West,23.0225,72.5714,27.1,58.6,15.0,1.4
2025-10-18,Ahmedabad,Gujarat,West,23.0225,72.5714,28.3,62.0,14.0,1.1
2025-10-19,Ahmedabad,Gujarat,West,23.0225,72.5714,28.5,66.4,8.1,0.5
2025-10-20,Ahmedabad,Gujarat,West,23.0225,72.5714,26.0,54.9,10.0,0.8
2025-10-21,Ahmedabad,Gujarat,West,23.0225,72.5714,26.1,59.7,5.5,0.9
2025-10-22,Ahmedabad,Gujarat,West,23.0225,72.5714,30.4,67.1,13.2,2.8
2025-10-23,Ahmedabad,Gujarat,West,23.0225,72.5714,28.9,59.5,16.4,0.6
2025-10-24,Ahmedabad,Gujarat,West,23.0225,72.5714,25.6,66.7,15.9,0.6
2025-10-25,Ahmedabad,Gujarat,West,23.0225,72.5714,28.9,80.2,7.2,4.0
2025-10-26,Ahmedabad,Gujarat,West,23.0225,72.5714,27.7,71.5,7.6,0.0
2025-10-27,Ahmedabad,Gujarat,West,23.0225,72.5714,23.7,57.3,8.9,3.1
2025-10-28,Ahmedabad,Gujarat,West,23.0225,72.5714,26.5,69.1,7.7,3.3
2025-10-29,Ahmedabad,Gujarat,West,23.0225,72.5714,29.2,67.6,7.1,3.3
2025-10-30,Ahmedabad,Gujarat,West,23.0225,72.5714,28.6,68.8,5.1,2.7
2025-10-31,Ahmedabad,Gujarat,West,23.0225,72.5714,23.4,59.8,17.3,5.3
2025-11-01,Ahmedabad,Gujarat,West,23.0225,72.5714,25.7,77.5,14.2,4.7
2025-11-02,Ahmedabad,Gujarat,West,23.0225,72.5714,25.6,63.7,15.4,3.9
2025-11-03,Ahmedabad,Gujarat,West,23.0225,72.5714,26.9,60.7,11.3,1.2
2025-11-04,Ahmedabad,Gujarat,West,23.0225,72.5714,24.5,59.9,10.9,1.8
2025-11-05,Ahmedabad,Gujarat,West,23.0225,72.5714,28.0,64.3,9.4,0.2
2025-11-06,Ahmedabad,Gujarat,West,23.0225,72.5714,23.0,64.6,11.2,0.4
2025-11-07,Ahmedabad,Gujarat,West,23.0225,72.5714,26.6,69.9,12.4,0.0
2025-11-08,Ahmedabad,Gujarat,West,23.0225,72.5714,27.6,67.4,12.8,2.3
2025-11-09,Ahmedabad,Gujarat,West,23.0225,72.5714,25.5,56.5,9.2,1.6
2025-11-10,Ahmedabad,Gujarat,West,23.0225,72.5714,24.5,64.7,13.0,14.3
2025-11-11,Ahmedabad,Gujarat,West,23.0225,72.5714,27.6,60.3,8.1,0.3
2025-11-12,Ahmedabad,Gujarat,West,23.0225,72.5714,24.5,61.6,10.6,0.2
2025-11-13,Ahmedabad,Gujarat,West,23.0225,72.5714,26.8,68.5,15.7,0.4
2025-11-14,Ahmedabad,Gujarat,West,23.0225,72.5714,22.3,63.1,10.7,9.1
2025-11-15,Ahmedabad,Gujarat,West,23.0225,72.5714,28.3,65.6,10.1,1.3
2025-11-16,Ahmedabad,Gujarat,West,23.0225,72.5714,21.7,66.8,14.5,5.6
2025-11-17,Ahmedabad,Gujarat,West,23.0225,72.5714,25.9,69.1,13.4,1.6
2025-11-18,Ahmedabad,Gujarat,West,23.0225,72.5714,24.2,72.1,5.5,1.3
2025-11-19,Ahmedabad,Gujarat,West,23.0225,72.5714,23.5,63.0,10.8,1.5
2025-11-20,Ahmedabad,Gujarat,West,23.0225,72.5714,24.8,57.8,17.5,2.7
2025-11-21,Ahmedabad,Gujarat,West,23.0225,72.5714,24.6,55.8,8.7,0.8
2025-11-22,Ahmedabad,Gujarat,West,23.0225,72.5714,23.1,66.5,13.7,1.3
2025-11-23,Ahmedabad,Gujarat,West,23.0225,72.5714,26.4,69.6,12.1,6.7
2025-11-24,Ahmedabad,Gujarat,West,23.0225,72.5714,26.1,63.6,9.7,2.3
2025-11-25,Ahmedabad,Gujarat,West,23.0225,72.5714,23.9,71.1,11.4,0.2
2025-11-26,Ahmedabad,Gujarat,West,23.0225,72.5714,26.5,67.1,17.4,0.3
2025-11-27,Ahmedabad,Gujarat,West,23.0225,72.5714,22.3,64.8,6.8,1.2
2025-11-28,Ahmedabad,Gujarat,West,23.0225,72.5714,23.8,68.0,12.4,0.0
2025-11-29,Ahmedabad,Gujarat,West,23.0225,72.5714,25.3,73.5,6.1,0.6
2025-11-30,Ahmedabad,Gujarat,West,23.0225,72.5714,25.4,71.4,4.4,1.0
2025-12-01,Ahmedabad,Gujarat,West,23.0225,72.5714,25.6,68.8,7.0,6.3
2025-12-02,Ahmedabad,Gujarat,West,23.0225,72.5714,23.5,67.0,5.9,3.9
2025-12-03,Ahmedabad,Gujarat,West,23.0225,72.5714,27.1,59.0,10.9,0.4
2025-12-04,Ahmedabad,Gujarat,West,23.0225,72.5714,23.6,72.2,9.2,0.8
2025-12-05,Ahmedabad,Gujarat,West,23.0225,72.5714,26.2,71.1,11.8,5.4
2025-12-06,Ahmedabad,Gujarat,West,23.0225,72.5714,24.0,59.9,12.1,1.2
2025-12-07,Ahmedabad,Gujarat,West,23.0225,72.5714,22.9,65.9,2.4,4.5
2025-12-08,Ahmedabad,Gujarat,West,23.0225,72.5714,23.7,56.3,9.3,0.1
2025-12-09,Ahmedabad,Gujarat,West,23.0225,72.5714,24.0,59.0,15.2,0.1
2025-12-10,Ahmedabad,Gujarat,West,23.0225,72.5714,26.3,63.2,11.8,1.1
2025-12-11,Ahmedabad,Gujarat,West,23.0225,72.5714,27.3,62.6,8.2,0.4
2025-12-12,Ahmedabad,Gujarat,West,23.0225,72.5714,26.5,65.4,6.6,5.4
2025-12-13,Ahmedabad,Gujarat,West,23.0225,72.5714,28.4,78.7,16.6,0.1
2025-12-14,Ahmedabad,Gujarat,West,23.0225,72.5714,28.3,60.0,15.9,0.8
2025-12-15,Ahmedabad,Gujarat,West,23.0225,72.5714,27.8,65.7,8.6,0.3
2025-12-16,Ahmedabad,Gujarat,West,23.0225,72.5714,25.2,70.5,16.4,1.4
2025-12-17,Ahmedabad,Gujarat,West,23.0225,72.5714,24.0,72.3,9.7,4.0
2025-12-18,Ahmedabad,Gujarat,West,23.0225,72.5714,24.8,67.2,18.1,0.3
2025-12-19,Ahmedabad,Gujarat,West,23.0225,72.5714,26.1,68.9,10.8,0.0
2025-12-20,Ahmedabad,Gujarat,West,23.0225,72.5714,25.1,76.2,11.3,3.4
2025-12-21,Ahmedabad,Gujarat,West,23.0225,72.5714,25.4,70.0,3.5,2.3
2025-12-22,Ahmedabad,Gujarat,West,23.0225,72.5714,25.7,66.4,2.5,6.1
2025-12-23,Ahmedabad,Gujarat,West,23.0225,72.5714,26.9,57.9,15.9,0.3
2025-12-24,Ahmedabad,Gujarat,West,23.0225,72.5714,24.9,72.2,10.5,0.4
2025-12-25,Ahmedabad,Gujarat,West,23.0225,72.5714,29.4,62.2,12.6,1.1
2025-12-26,Ahmedabad,Gujarat,West,23.0225,72.5714,21.8,75.5,14.8,3.0
2025-12-27,Ahmedabad,Gujarat,West,23.0225,72.5714,26.8,70.2,12.2,3.6
2025-12-28,Ahmedabad,Gujarat,West,23.0225,72.5714,25.0,70.8,7.8,0.3
2025-12-29,Ahmedabad,Gujarat,West,23.0225,72.5714,21.4,60.9,8.9,0.2
2025-12-30,Ahmedabad,Gujarat,West,23.0225,72.5714,26.2,69.9,14.6,0.8
2025-12-31,Ahmedabad,Gujarat,West,23.0225,72.5714,26.5,62.9,12.4,0.4
2025-01-01,Jaipur,Rajasthan,Northwest,26.9124,75.7873,30.0,69.1,7.0,1.5
2025-01-02,Jaipur,Rajasthan,Northwest,26.9124,75.7873,26.5,61.2,8.9,3.3
2025-01-03,Jaipur,Rajasthan,Northwest,26.9124,75.7873,27.7,61.4,16.5,0.6
2025-01-04,Jaipur,Rajasthan,Northwest,26.9124,75.7873,29.4,63.7,9.4,2.8
2025-01-05,Jaipur,Rajasthan,Northwest,26.9124,75.7873,31.8,66.1,11.4,0.1
2025-01-06,Jaipur,Rajasthan,Northwest,26.9124,75.7873,34.0,64.6,12.5,0.3
2025-01-07,Jaipur,Rajasthan,Northwest,26.9124,75.7873,27.4,70.3,18.8,1.2
2025-01-08,Jaipur,Rajasthan,Northwest,26.9124,75.7873,32.7,61.4,14.9,1.2
2025-01-09,Jaipur,Rajasthan,Northwest,26.9124,75.7873,33.4,67.2,10.0,2.1
2025-01-10,Jaipur,Rajasthan,Northwest,26.9124,75.7873,32.2,72.9,9.0,0.0
2025-01-11,Jaipur,Rajasthan,Northwest,26.9124,75.7873,29.8,55.4,12.3,5.3
2025-01-12,Jaipur,Rajasthan,Northwest,26.9124,75.7873,31.9,52.9,1.0,0.3
2025-01-13,Jaipur,Rajasthan,Northwest,26.9124,75.7873,29.0,68.3,12.1,2.3
2025-01-14,Jaipur,Rajasthan,Northwest,26.9124,75.7873,31.5,61.0,13.3,1.8
2025-01-15,Jaipur,Rajasthan,Northwest,26.9124,75.7873,30.3,60.3,10.6,0.9
2025-01-16,Jaipur,Rajasthan,Northwest,26.9124,75.7873,29.7,75.2,7.7,0.2
2025-01-17,Jaipur,Rajasthan,Northwest,26.9124,75.7873,28.1,63.3,19.6,1.6
2025-01-18,Jaipur,Rajasthan,Northwest,26.9124,75.7873,32.4,58.1,16.9,2.9
2025-01-19,Jaipur,Rajasthan,Northwest,26.9124,75.7873,29.5,46.5,16.7,0.7
2025-01-20,Jaipur,Rajasthan,Northwest,26.9124,75.7873,33.6,64.1,14.0,0.3
2025-01-21,Jaipur,Rajasthan,Northwest,26.9124,75.7873,32.9,52.2,13.6,0.0
2025-01-22,Jaipur,Rajasthan,Northwest,26.9124,75.7873,30.5,53.8,14.7,0.1
2025-01-23,Jaipur,Rajasthan,Northwest,26.9124,75.7873,30.7,68.1,13.7,1.0
2025-01-24,Jaipur,Rajasthan,Northwest,26.9124,75.7873,31.6,62.6,6.5,4.8
2025-01-25,Jaipur,Rajasthan,Northwest,26.9124,75.7873,32.5,72.6,16.2,1.1
2025-01-26,Jaipur,Rajasthan,Northwest,26.9124,75.7873,31.6,57.1,11.9,0.7
2025-01-27,Jaipur,Rajasthan,Northwest,26.9124,75.7873,32.3,60.7,10.7,2.2
2025-01-28,Jaipur,Rajasthan,Northwest,26.9124,75.7873,28.5,61.2,7.0,2.7
2025-01-29,Jaipur,Rajasthan,Northwest,26.9124,75.7873,32.4,67.0,8.8,5.8
2025-01-30,Jaipur,Rajasthan,Northwest,26.9124,75.7873,32.6,63.2,10.1,0.6
2025-01-31,Jaipur,Rajasthan,Northwest,26.9124,75.7873,32.3,62.7,8.9,1.2
2025-02-01,Jaipur,Rajasthan,Northwest,26.9124,75.7873,33.4,68.7,14.3,0.2
2025-02-02,Jaipur,Rajasthan,Northwest,26.9124,75.7873,33.7,57.2,1.0,0.8
2025-02-03,Jaipur,Rajasthan,Northwest,26.9124,75.7873,34.9,70.0,14.3,1.1
2025-02-04,Jaipur,Rajasthan,Northwest,26.9124,75.7873,35.1,65.8,11.3,3.9
2025-02-05,Jaipur,Rajasthan,Northwest,26.9124,75.7873,32.8,49.9,10.8,0.6
2025-02-06,Jaipur,Rajasthan,Northwest,26.9124,75.7873,34.6,59.6,17.5,0.2
2025-02-07,Jaipur,Rajasthan,Northwest,26.9124,75.7873,31.7,61.1,12.0,2.9
2025-02-08,Jaipur,Rajasthan,Northwest,26.9124,75.7873,33.1,50.6,10.0,3.0
2025-02-09,Jaipur,Rajasthan,Northwest,26.9124,75.7873,30.6,54.9,14.9,5.1
2025-02-10,Jaipur,Rajasthan,Northwest,26.9124,75.7873,30.2,67.1,22.0,1.6
2025-02-11,Jaipur,Rajasthan,Northwest,26.9124,75.7873,33.5,66.6,1.0,0.4
2025-02-12,Jaipur,Rajasthan,Northwest,26.9124,75.7873,33.9,66.7,13.4,5.4
2025-02-13,Jaipur,Rajasthan,Northwest,26.9124,75.7873,32.8,57.6,14.0,0.3
2025-02-14,Jaipur,Rajasthan,Northwest,26.9124,75.7873,32.0,58.6,9.7,1.0
2025-02-15,Jaipur,Rajasthan,Northwest,26.9124,75.7873,31.3,56.8,17.7,0.4
2025-02-16,Jaipur,Rajasthan,Northwest,26.9124,75.7873,34.2,47.4,13.3,1.7
2025-02-17,Jaipur,Rajasthan,Northwest,26.9124,75.7873,32.3,59.4,12.6,4.9
2025-02-18,Jaipur,Rajasthan,Northwest,26.9124,75.7873,33.6,53.0,11.6,0.0
2025-02-19,Jaipur,Rajasthan,Northwest,26.9124,75.7873,35.6,53.7,11.7,1.6
2025-02-20,Jaipur,Rajasthan,Northwest,26.9124,75.7873,34.0,44.5,15.9,2.2
2025-02-21,Jaipur,Rajasthan,Northwest,26.9124,75.7873,35.3,64.5,10.9,4.7
2025-02-22,Jaipur,Rajasthan,Northwest,26.9124,75.7873,35.1,50.4,15.4,0.4
2025-02-23,Jaipur,Rajasthan,Northwest,26.9124,75.7873,35.8,58.6,13.3,4.9
2025-02-24,Jaipur,Rajasthan,Northwest,26.9124,75.7873,36.0,54.7,14.2,0.1
2025-02-25,Jaipur,Rajasthan,Northwest,26.9124,75.7873,31.9,46.3,10.5,0.4
2025-02-26,Jaipur,Rajasthan,Northwest,26.9124,75.7873,34.6,48.5,3.2,0.8
2025-02-27,Jaipur,Rajasthan,Northwest,26.9124,75.7873,35.2,56.2,13.3,0.0
2025-02-28,Jaipur,Rajasthan,Northwest,26.9124,75.7873,37.6,54.3,9.7,2.8
2025-03-01,Jaipur,Rajasthan,Northwest,26.9124,75.7873,35.4,63.0,19.8,0.1
2025-03-02,Jaipur,Rajasthan,Northwest,26.9124,75.7873,36.6,49.0,12.1,1.6
2025-03-03,Jaipur,Rajasthan,Northwest,26.9124,75.7873,33.5,55.5,11.8,3.6
2025-03-04,Jaipur,Rajasthan,Northwest,26.9124,75.7873,35.6,55.8,11.9,0.1
2025-03-05,Jaipur,Rajasthan,Northwest,26.9124,75.7873,34.7,40.8,11.2,1.6
2025-03-06,Jaipur,Rajasthan,Northwest,26.9124,75.7873,36.2,47.9,14.3,0.0
2025-03-07,Jaipur,Rajasthan,Northwest,26.9124,75.7873,36.1,59.8,9.3,0.0
2025-03-08,Jaipur,Rajasthan,Northwest,26.9124,75.7873,36.9,56.9,8.1,0.0
2025-03-09,Jaipur,Rajasthan,Northwest,26.9124,75.7873,34.4,49.2,19.9,5.0
2025-03-10,Jaipur,Rajasthan,Northwest,26.9124,75.7873,37.5,43.6,19.6,0.0
2025-03-11,Jaipur,Rajasthan,Northwest,26.9124,75.7873,36.9,49.7,9.5,1.4
2025-03-12,Jaipur,Rajasthan,Northwest,26.9124,75.7873,37.9,45.1,13.8,4.3
2025-03-13,Jaipur,Rajasthan,Northwest,26.9124,75.7873,36.9,39.6,13.1,0.0
2025-03-14,Jaipur,Rajasthan,Northwest,26.9124,75.7873,38.5,65.1,11.4,0.7
2025-03-15,Jaipur,Rajasthan,Northwest,26.9124,75.7873,38.8,69.2,2.4,0.0
2025-03-16,Jaipur,Rajasthan,Northwest,26.9124,75.7873,35.0,37.1,13.2,0.0
2025-03-17,Jaipur,Rajasthan,Northwest,26.9124,75.7873,38.3,51.9,9.6,0.0
2025-03-18,Jaipur,Rajasthan,Northwest,26.9124,75.7873,39.1,47.8,13.2,0.3
2025-03-19,Jaipur,Rajasthan,Northwest,26.9124,75.7873,37.9,63.0,3.3,1.5
2025-03-20,Jaipur,Rajasthan,Northwest,26.9124,75.7873,34.3,49.2,22.8,0.0
2025-03-21,Jaipur,Rajasthan,Northwest,26.9124,75.7873,38.2,52.9,14.7,0.0
2025-03-22,Jaipur,Rajasthan,Northwest,26.9124,75.7873,39.1,45.9,2.3,0.0
2025-03-23,Jaipur,Rajasthan,Northwest,26.9124,75.7873,40.1,49.9,8.6,0.0
2025-03-24,Jaipur,Rajasthan,Northwest,26.9124,75.7873,39.0,52.2,7.5,0.0
2025-03-25,Jaipur,Rajasthan,Northwest,26.9124,75.7873,41.2,61.5,8.2,0.0
2025-03-26,Jaipur,Rajasthan,Northwest,26.9124,75.7873,39.5,58.4,11.1,0.0
2025-03-27,Jaipur,Rajasthan,Northwest,26.9124,75.7873,39.1,51.9,14.7,0.0
2025-03-28,Jaipur,Rajasthan,Northwest,26.9124,75.7873,39.8,47.3,4.4,0.0
2025-03-29,Jaipur,Rajasthan,Northwest,26.9124,75.7873,42.2,53.6,7.6,3.5
2025-03-30,Jaipur,Rajasthan,Northwest,26.9124,75.7873,40.4,42.3,6.0,0.0
2025-03-31,Jaipur,Rajasthan,Northwest,26.9124,75.7873,36.0,48.9,17.2,0.0
2025-04-01,Jaipur,Rajasthan,Northwest,26.9124,75.7873,38.3,45.7,13.0,0.0
2025-04-02,Jaipur,Rajasthan,Northwest,26.9124,75.7873,39.2,43.5,18.3,0.0
2025-04-03,Jaipur,Rajasthan,Northwest,26.9124,75.7873,36.2,45.6,10.8,0.0
2025-04-04,Jaipur,Rajasthan,Northwest,26.9124,75.7873,39.2,41.1,15.8,0.0
2025-04-05,Jaipur,Rajasthan,Northwest,26.9124,75.7873,39.4,44.8,9.4,0.0
2025-04-06,Jaipur,Rajasthan,Northwest,26.9124,75.7873,39.3,50.2,8.4,0.0
2025-04-07,Jaipur,Rajasthan,Northwest,26.9124,75.7873,41.3,42.6,17.1,0.0
2025-04-08,Jaipur,Rajasthan,Northwest,26.9124,75.7873,39.0,52.6,6.9,0.0
2025-04-09,Jaipur,Rajasthan,Northwest,26.9124,75.7873,36.5,56.1,14.7,0.0
2025-04-10,Jaipur,Rajasthan,Northwest,26.9124,75.7873,38.3,39.2,10.1,0.0
2025-04-11,Jaipur,Rajasthan,Northwest,26.9124,75.7873,37.0,45.3,11.1,0.0
2025-04-12,Jaipur,Rajasthan,Northwest,26.9124,75.7873,42.5,53.8,10.5,0.0
2025-04-13,Jaipur,Rajasthan,Northwest,26.9124,75.7873,38.5,53.5,12.2,0.0
2025-04-14,Jaipur,Rajasthan,Northwest,26.9124,75.7873,43.4,59.5,11.9,0.0
2025-04-15,Jaipur,Rajasthan,Northwest,26.9124,75.7873,41.2,53.1,8.4,0.0
2025-04-16,Jaipur,Rajasthan,Northwest,26.9124,75.7873,40.9,31.2,11.6,0.0
2025-04-17,Jaipur,Rajasthan,Northwest,26.9124,75.7873,42.6,45.9,17.0,0.0
2025-04-18,Jaipur,Rajasthan,Northwest,26.9124,75.7873,42.5,36.4,7.8,0.0
2025-04-19,Jaipur,Rajasthan,Northwest,26.9124,75.7873,43.0,39.6,17.0,0.0
2025-04-20,Jaipur,Rajasthan,Northwest,26.9124,75.7873,42.3,47.0,7.7,0.0
2025-04-21,Jaipur,Rajasthan,Northwest,26.9124,75.7873,38.9,40.7,14.7,0.0
2025-04-22,Jaipur,Rajasthan,Northwest,26.9124,75.7873,42.5,47.3,8.4,0.0
2025-04-23,Jaipur,Rajasthan,Northwest,26.9124,75.7873,40.5,40.9,12.4,0.0
2025-04-24,Jaipur,Rajasthan,Northwest,26.9124,75.7873,38.2,40.5,17.3,0.0
2025-04-25,Jaipur,Rajasthan,Northwest,26.9124,75.7873,44.7,58.8,6.7,0.0
2025-04-26,Jaipur,Rajasthan,Northwest,26.9124,75.7873,43.9,43.5,10.4,0.0
2025-04-27,Jaipur,Rajasthan,Northwest,26.9124,75.7873,43.5,50.1,9.6,0.0
2025-04-28,Jaipur,Rajasthan,Northwest,26.9124,75.7873,44.7,37.6,10.3,0.0
2025-04-29,Jaipur,Rajasthan,Northwest,26.9124,75.7873,43.0,45.1,9.1,0.0
2025-04-30,Jaipur,Rajasthan,Northwest,26.9124,75.7873,44.3,46.3,12.5,0.0
2025-05-01,Jaipur,Rajasthan,Northwest,26.9124,75.7873,42.1,57.0,8.7,0.0
2025-05-02,Jaipur,Rajasthan,Northwest,26.9124,75.7873,46.7,64.0,15.6,0.0
2025-05-03,Jaipur,Rajasthan,Northwest,26.9124,75.7873,44.5,51.8,13.4,0.0
2025-05-04,Jaipur,Rajasthan,Northwest,26.9124,75.7873,42.0,43.7,10.5,0.0
2025-05-05,Jaipur,Rajasthan,Northwest,26.9124,75.7873,43.9,40.5,18.6,0.0
2025-05-06,Jaipur,Rajasthan,Northwest,26.9124,75.7873,44.3,50.3,16.8,0.0
2025-05-07,Jaipur,Rajasthan,Northwest,26.9124,75.7873,46.8,46.5,18.4,0.0
2025-05-08,Jaipur,Rajasthan,Northwest,26.9124,75.7873,42.3,47.0,15.0,0.0
2025-05-09,Jaipur,Rajasthan,Northwest,26.9124,75.7873,41.6,47.1,15.5,0.0
2025-05-10,Jaipur,Rajasthan,Northwest,26.9124,75.7873,43.7,37.7,14.2,0.0
2025-05-11,Jaipur,Rajasthan,Northwest,26.9124,75.7873,41.5,40.0,8.2,0.0
2025-05-12,Jaipur,Rajasthan,Northwest,26.9124,75.7873,42.5,35.1,9.7,0.0
2025-05-13,Jaipur,Rajasthan,Northwest,26.9124,75.7873,45.6,38.6,11.8,0.0
2025-05-14,Jaipur,Rajasthan,Northwest,26.9124,75.7873,44.4,36.5,12.9,0.0
2025-05-15,Jaipur,Rajasthan,Northwest,26.9124,75.7873,47.6,44.7,11.4,0.0
2025-05-16,Jaipur,Rajasthan,Northwest,26.9124,75.7873,45.4,43.0,18.6,0.0
2025-05-17,Jaipur,Rajasthan,Northwest,26.9124,75.7873,43.2,44.1,16.3,0.0
2025-05-18,Jaipur,Rajasthan,Northwest,26.9124,75.7873,41.0,43.1,10.3,0.0
2025-05-19,Jaipur,Rajasthan,Northwest,26.9124,75.7873,40.9,40.8,14.0,0.0
2025-05-20,Jaipur,Rajasthan,Northwest,26.9124,75.7873,42.2,39.6,7.9,0.0
2025-05-21,Jaipur,Rajasthan,Northwest,26.9124,75.7873,45.3,48.1,15.8,0.0
2025-05-22,Jaipur,Rajasthan,Northwest,26.9124,75.7873,46.1,41.1,12.4,0.0
2025-05-23,Jaipur,Rajasthan,Northwest,26.9124,75.7873,43.9,52.3,6.6,0.0
2025-05-24,Jaipur,Rajasthan,Northwest,26.9124,75.7873,42.4,47.6,13.6,0.0
2025-05-25,Jaipur,Rajasthan,Northwest,26.9124,75.7873,44.6,52.1,12.3,0.0
2025-05-26,Jaipur,Rajasthan,Northwest,26.9124,75.7873,45.8,52.3,13.9,0.0
2025-05-27,Jaipur,Rajasthan,Northwest,26.9124,75.7873,44.1,47.4,10.5,0.0
2025-05-28,Jaipur,Rajasthan,Northwest,26.9124,75.7873,48.3,47.6,15.3,0.0
2025-05-29,Jaipur,Rajasthan,Northwest,26.9124,75.7873,45.5,40.0,14.3,0.0
2025-05-30,Jaipur,Rajasthan,Northwest,26.9124,75.7873,41.3,38.0,18.9,0.0
2025-05-31,Jaipur,Rajasthan,Northwest,26.9124,75.7873,41.7,37.6,6.7,0.0
2025-06-01,Jaipur,Rajasthan,Northwest,26.9124,75.7873,46.4,43.3,10.1,0.0
2025-06-02,Jaipur,Rajasthan,Northwest,26.9124,75.7873,46.2,43.8,11.6,0.0
2025-06-03,Jaipur,Rajasthan,Northwest,26.9124,75.7873,43.4,38.4,11.6,0.0
2025-06-04,Jaipur,Rajasthan,Northwest,26.9124,75.7873,44.5,42.8,15.0,0.0
2025-06-05,Jaipur,Rajasthan,Northwest,26.9124,75.7873,44.2,45.4,13.0,0.0
2025-06-06,Jaipur,Rajasthan,Northwest,26.9124,75.7873,43.7,37.8,12.3,0.0
2025-06-07,Jaipur,Rajasthan,Northwest,26.9124,75.7873,45.3,47.3,12.9,0.0
2025-06-08,Jaipur,Rajasthan,Northwest,26.9124,75.7873,42.9,44.5,7.5,0.0
2025-06-09,Jaipur,Rajasthan,Northwest,26.9124,75.7873,44.6,41.0,4.5,0.0
2025-06-10,Jaipur,Rajasthan,Northwest,26.9124,75.7873,44.9,38.8,16.2,0.0
2025-06-11,Jaipur,Rajasthan,Northwest,26.9124,75.7873,41.6,38.6,13.5,0.0
2025-06-12,Jaipur,Rajasthan,Northwest,26.9124,75.7873,45.3,38.2,14.2,0.0
2025-06-13,Jaipur,Rajasthan,Northwest,26.9124,75.7873,43.2,46.0,7.1,0.0
2025-06-14,Jaipur,Rajasthan,Northwest,26.9124,75.7873,46.6,38.6,16.7,0.0
2025-06-15,Jaipur,Rajasthan,Northwest,26.9124,75.7873,46.5,38.4,11.0,0.0
2025-06-16,Jaipur,Rajasthan,Northwest,26.9124,75.7873,47.1,43.6,8.8,0.0
2025-06-17,Jaipur,Rajasthan,Northwest,26.9124,75.7873,41.6,43.6,12.1,0.0
2025-06-18,Jaipur,Rajasthan,Northwest,26.9124,75.7873,42.8,43.2,11.9,0.0
2025-06-19,Jaipur,Rajasthan,Northwest,26.9124,75.7873,44.9,51.5,20.8,0.0
2025-06-20,Jaipur,Rajasthan,Northwest,26.9124,75.7873,47.0,38.3,8.9,0.0
2025-06-21,Jaipur,Rajasthan,Northwest,26.9124,75.7873,42.0,39.4,10.6,0.0
2025-06-22,Jaipur,Rajasthan,Northwest,26.9124,75.7873,44.8,46.4,11.4,0.0
2025-06-23,Jaipur,Rajasthan,Northwest,26.9124,75.7873,41.8,33.8,12.4,0.0
2025-06-24,Jaipur,Rajasthan,Northwest,26.9124,75.7873,43.7,49.1,7.0,0.0
2025-06-25,Jaipur,Rajasthan,Northwest,26.9124,75.7873,40.6,41.8,18.8,0.0
2025-06-26,Jaipur,Rajasthan,Northwest,26.9124,75.7873,43.0,46.7,8.5,0.0
2025-06-27,Jaipur,Rajasthan,Northwest,26.9124,75.7873,43.5,36.1,10.4,0.0
2025-06-28,Jaipur,Rajasthan,Northwest,26.9124,75.7873,42.9,37.0,18.4,0.0
2025-06-29,Jaipur,Rajasthan,Northwest,26.9124,75.7873,44.7,45.5,16.2,0.0
2025-06-30,Jaipur,Rajasthan,Northwest,26.9124,75.7873,42.9,39.9,13.7,0.0
2025-07-01,Jaipur,Rajasthan,Northwest,26.9124,75.7873,45.1,38.3,11.9,0.0
2025-07-02,Jaipur,Rajasthan,Northwest,26.9124,75.7873,44.9,38.2,9.3,0.0
2025-07-03,Jaipur,Rajasthan,Northwest,26.9124,75.7873,44.6,34.0,5.7,0.0
2025-07-04,Jaipur,Rajasthan,Northwest,26.9124,75.7873,42.2,42.7,9.8,0.0
2025-07-05,Jaipur,Rajasthan,Northwest,26.9124,75.7873,40.7,45.5,15.9,0.0
2025-07-06,Jaipur,Rajasthan,Northwest,26.9124,75.7873,40.5,54.6,10.4,0.0
2025-07-07,Jaipur,Rajasthan,Northwest,26.9124,75.7873,42.8,58.2,4.6,0.0
2025-07-08,Jaipur,Rajasthan,Northwest,26.9124,75.7873,41.6,37.5,8.4,0.0
2025-07-09,Jaipur,Rajasthan,Northwest,26.9124,75.7873,39.4,54.0,12.1,0.0
2025-07-10,Jaipur,Rajasthan,Northwest,26.9124,75.7873,44.4,45.4,11.7,0.0
2025-07-11,Jaipur,Rajasthan,Northwest,26.9124,75.7873,45.6,46.9,15.9,0.0
2025-07-12,Jaipur,Rajasthan,Northwest,26.9124,75.7873,43.6,42.0,13.2,0.0
2025-07-13,Jaipur,Rajasthan,Northwest,26.9124,75.7873,41.4,52.2,11.9,0.0
2025-07-14,Jaipur,Rajasthan,Northwest,26.9124,75.7873,40.8,46.4,9.0,0.0
2025-07-15,Jaipur,Rajasthan,Northwest,26.9124,75.7873,42.5,56.8,7.7,0.0
2025-07-16,Jaipur,Rajasthan,Northwest,26.9124,75.7873,40.7,49.4,14.1,0.0
2025-07-17,Jaipur,Rajasthan,Northwest,26.9124,75.7873,42.8,39.2,8.6,0.0
2025-07-18,Jaipur,Rajasthan,Northwest,26.9124,75.7873,46.3,48.5,10.5,0.0
2025-07-19,Jaipur,Rajasthan,Northwest,26.9124,75.7873,37.5,51.4,13.1,0.0
2025-07-20,Jaipur,Rajasthan,Northwest,26.9124,75.7873,39.5,45.0,17.7,0.0
2025-07-21,Jaipur,Rajasthan,Northwest,26.9124,75.7873,42.6,48.0,9.4,0.0
2025-07-22,Jaipur,Rajasthan,Northwest,26.9124,75.7873,41.3,53.1,15.9,0.0
2025-07-23,Jaipur,Rajasthan,Northwest,26.9124,75.7873,41.9,42.8,10.5,0.0
2025-07-24,Jaipur,Rajasthan,Northwest,26.9124,75.7873,40.2,48.1,15.6,3.2
2025-07-25,Jaipur,Rajasthan,Northwest,26.9124,75.7873,40.5,41.5,13.7,0.0
2025-07-26,Jaipur,Rajasthan,Northwest,26.9124,75.7873,38.5,48.3,12.5,0.0
2025-07-27,Jaipur,Rajasthan,Northwest,26.9124,75.7873,40.9,42.6,14.6,0.0
2025-07-28,Jaipur,Rajasthan,Northwest,26.9124,75.7873,38.6,52.5,17.8,0.0
2025-07-29,Jaipur,Rajasthan,Northwest,26.9124,75.7873,39.8,57.0,11.1,0.0
2025-07-30,Jaipur,Rajasthan,Northwest,26.9124,75.7873,38.1,52.7,8.3,0.0
2025-07-31,Jaipur,Rajasthan,Northwest,26.9124,75.7873,38.1,43.6,9.3,0.0
2025-08-01,Jaipur,Rajasthan,Northwest,26.9124,75.7873,41.7,55.8,4.2,0.0
2025-08-02,Jaipur,Rajasthan,Northwest,26.9124,75.7873,41.7,54.3,7.7,0.0
2025-08-03,Jaipur,Rajasthan,Northwest,26.9124,75.7873,39.4,56.6,7.0,0.0
2025-08-04,Jaipur,Rajasthan,Northwest,26.9124,75.7873,40.7,48.6,18.2,0.0
2025-08-05,Jaipur,Rajasthan,Northwest,26.9124,75.7873,41.2,49.1,16.9,0.0
2025-08-06,Jaipur,Rajasthan,Northwest,26.9124,75.7873,39.4,41.3,10.1,0.0
2025-08-07,Jaipur,Rajasthan,Northwest,26.9124,75.7873,38.3,53.8,17.6,0.0
2025-08-08,Jaipur,Rajasthan,Northwest,26.9124,75.7873,39.3,42.6,14.9,0.0
2025-08-09,Jaipur,Rajasthan,Northwest,26.9124,75.7873,38.8,51.0,14.8,0.0
2025-08-10,Jaipur,Rajasthan,Northwest,26.9124,75.7873,38.1,48.1,19.2,0.0
2025-08-11,Jaipur,Rajasthan,Northwest,26.9124,75.7873,38.5,49.9,12.1,0.5
2025-08-12,Jaipur,Rajasthan,Northwest,26.9124,75.7873,38.8,41.1,7.9,0.0
2025-08-13,Jaipur,Rajasthan,Northwest,26.9124,75.7873,43.5,45.0,6.6,3.4
2025-08-14,Jaipur,Rajasthan,Northwest,26.9124,75.7873,39.7,51.4,10.6,0.0
2025-08-15,Jaipur,Rajasthan,Northwest,26.9124,75.7873,42.1,42.4,4.1,0.4
2025-08-16,Jaipur,Rajasthan,Northwest,26.9124,75.7873,35.4,57.3,14.0,0.0
2025-08-17,Jaipur,Rajasthan,Northwest,26.9124,75.7873,40.5,62.8,11.0,0.0
2025-08-18,Jaipur,Rajasthan,Northwest,26.9124,75.7873,33.7,50.0,10.2,0.0
2025-08-19,Jaipur,Rajasthan,Northwest,26.9124,75.7873,39.7,60.1,11.3,0.1
2025-08-20,Jaipur,Rajasthan,Northwest,26.9124,75.7873,39.6,52.8,13.7,3.1
2025-08-21,Jaipur,Rajasthan,Northwest,26.9124,75.7873,41.1,44.2,9.9,1.8
2025-08-22,Jaipur,Rajasthan,Northwest,26.9124,75.7873,37.1,45.4,13.8,0.1
2025-08-23,Jaipur,Rajasthan,Northwest,26.9124,75.7873,38.7,57.8,4.2,6.1
2025-08-24,Jaipur,Rajasthan,Northwest,26.9124,75.7873,37.0,47.6,18.9,0.0
2025-08-25,Jaipur,Rajasthan,Northwest,26.9124,75.7873,35.3,58.5,12.5,0.0
2025-08-26,Jaipur,Rajasthan,Northwest,26.9124,75.7873,34.4,48.6,13.2,1.4
2025-08-27,Jaipur,Rajasthan,Northwest,26.9124,75.7873,36.0,57.1,14.1,6.5
2025-08-28,Jaipur,Rajasthan,Northwest,26.9124,75.7873,38.9,63.2,7.9,0.0
2025-08-29,Jaipur,Rajasthan,Northwest,26.9124,75.7873,37.1,53.9,4.8,0.0
2025-08-30,Jaipur,Rajasthan,Northwest,26.9124,75.7873,36.8,60.5,17.4,0.7
2025-08-31,Jaipur,Rajasthan,Northwest,26.9124,75.7873,37.0,53.5,7.5,1.5
2025-09-01,Jaipur,Rajasthan,Northwest,26.9124,75.7873,34.5,58.5,8.6,1.0
2025-09-02,Jaipur,Rajasthan,Northwest,26.9124,75.7873,38.2,52.5,9.5,0.9
2025-09-03,Jaipur,Rajasthan,Northwest,26.9124,75.7873,30.9,52.6,11.4,2.3
2025-09-04,Jaipur,Rajasthan,Northwest,26.9124,75.7873,33.1,54.0,14.0,1.3
2025-09-05,Jaipur,Rajasthan,Northwest,26.9124,75.7873,36.3,61.7,6.4,0.7
2025-09-06,Jaipur,Rajasthan,Northwest,26.9124,75.7873,36.7,50.7,8.9,0.6
2025-09-07,Jaipur,Rajasthan,Northwest,26.9124,75.7873,34.3,56.5,14.9,0.9
2025-09-08,Jaipur,Rajasthan,Northwest,26.9124,75.7873,34.5,62.4,7.6,0.9
2025-09-09,Jaipur,Rajasthan,Northwest,26.9124,75.7873,33.7,63.6,7.3,0.7
2025-09-10,Jaipur,Rajasthan,Northwest,26.9124,75.7873,33.4,57.7,10.5,5.5
2025-09-11,Jaipur,Rajasthan,Northwest,26.9124,75.7873,32.3,66.2,7.5,0.6
2025-09-12,Jaipur,Rajasthan,Northwest,26.9124,75.7873,32.9,54.5,14.1,0.0
2025-09-13,Jaipur,Rajasthan,Northwest,26.9124,75.7873,33.1,45.1,16.0,1.4
2025-09-14,Jaipur,Rajasthan,Northwest,26.9124,75.7873,30.9,61.5,16.1,4.1
2025-09-15,Jaipur,Rajasthan,Northwest,26.9124,75.7873,32.4,56.3,15.0,1.6
2025-09-16,Jaipur,Rajasthan,Northwest,26.9124,75.7873,32.3,56.2,14.8,0.5
2025-09-17,Jaipur,Rajasthan,Northwest,26.9124,75.7873,38.3,66.8,11.1,1.8
2025-09-18,Jaipur,Rajasthan,Northwest,26.9124,75.7873,33.8,53.1,15.8,2.0
2025-09-19,Jaipur,Rajasthan,Northwest,26.9124,75.7873,34.7,61.6,8.9,2.3
2025-09-20,Jaipur,Rajasthan,Northwest,26.9124,75.7873,33.2,56.8,16.9,0.5
2025-09-21,Jaipur,Rajasthan,Northwest,26.9124,75.7873,31.1,63.9,12.7,3.2
2025-09-22,Jaipur,Rajasthan,Northwest,26.9124,75.7873,35.0,57.8,17.1,0.2
2025-09-23,Jaipur,Rajasthan,Northwest,26.9124,75.7873,33.9,62.9,9.2,0.0
2025-09-24,Jaipur,Rajasthan,Northwest,26.9124,75.7873,30.6,68.3,18.2,0.8
2025-09-25,Jaipur,Rajasthan,Northwest,26.9124,75.7873,34.3,63.5,22.2,2.7
2025-09-26,Jaipur,Rajasthan,Northwest,26.9124,75.7873,27.7,62.1,10.6,0.8
2025-09-27,Jaipur,Rajasthan,Northwest,26.9124,75.7873,32.3,65.7,5.0,3.8
2025-09-28,Jaipur,Rajasthan,Northwest,26.9124,75.7873,31.7,60.2,12.1,7.0
2025-09-29,Jaipur,Rajasthan,Northwest,26.9124,75.7873,30.8,58.0,12.8,0.4
2025-09-30,Jaipur,Rajasthan,Northwest,26.9124,75.7873,33.2,63.6,18.2,0.1
2025-10-01,Jaipur,Rajasthan,Northwest,26.9124,75.7873,34.2,63.9,14.2,0.6
2025-10-02,Jaipur,Rajasthan,Northwest,26.9124,75.7873,30.2,65.4,9.9,1.1
2025-10-03,Jaipur,Rajasthan,Northwest,26.9124,75.7873,29.9,41.8,16.8,0.6
2025-10-04,Jaipur,Rajasthan,Northwest,26.9124,75.7873,31.8,59.3,5.7,4.0
2025-10-05,Jaipur,Rajasthan,Northwest,26.9124,75.7873,30.1,65.4,13.7,1.4
2025-10-06,Jaipur,Rajasthan,Northwest,26.9124,75.7873,32.1,57.4,10.9,0.1
2025-10-07,Jaipur,Rajasthan,Northwest,26.9124,75.7873,28.8,61.2,12.5,4.7
2025-10-08,Jaipur,Rajasthan,Northwest,26.9124,75.7873,31.0,68.9,14.7,3.2
2025-10-09,Jaipur,Rajasthan,Northwest,26.9124,75.7873,33.6,70.9,10.6,1.2
2025-10-10,Jaipur,Rajasthan,Northwest,26.9124,75.7873,30.9,66.8,17.9,3.4
2025-10-11,Jaipur,Rajasthan,Northwest,26.9124,75.7873,30.5,54.9,12.9,1.3
2025-10-12,Jaipur,Rajasthan,Northwest,26.9124,75.7873,34.6,60.0,12.6,0.4
2025-10-13,Jaipur,Rajasthan,Northwest,26.9124,75.7873,32.7,56.1,8.1,1.5
2025-10-14,Jaipur,Rajasthan,Northwest,26.9124,75.7873,30.0,64.6,10.9,1.5
2025-10-15,Jaipur,Rajasthan,Northwest,26.9124,75.7873,27.7,61.5,18.2,3.1
2025-10-16,Jaipur,Rajasthan,Northwest,26.9124,75.7873,28.8,65.1,11.1,1.0
2025-10-17,Jaipur,Rajasthan,Northwest,26.9124,75.7873,28.1,66.7,18.2,1.0
2025-10-18,Jaipur,Rajasthan,Northwest,26.9124,75.7873,29.3,60.1,4.9,1.4
2025-10-19,Jaipur,Rajasthan,Northwest,26.9124,75.7873,33.2,66.8,8.0,3.8
2025-10-20,Jaipur,Rajasthan,Northwest,26.9124,75.7873,29.9,53.8,8.8,1.9
2025-10-21,Jaipur,Rajasthan,Northwest,26.9124,75.7873,30.2,69.7,14.7,2.4
2025-10-22,Jaipur,Rajasthan,Northwest,26.9124,75.7873,27.6,77.5,15.1,1.8
2025-10-23,Jaipur,Rajasthan,Northwest,26.9124,75.7873,29.7,51.0,19.5,0.5
2025-10-24,Jaipur,Rajasthan,Northwest,26.9124,75.7873,25.3,65.7,13.5,0.9
2025-10-25,Jaipur,Rajasthan,Northwest,26.9124,75.7873,29.5,58.1,11.4,0.1
2025-10-26,Jaipur,Rajasthan,Northwest,26.9124,75.7873,30.1,73.5,9.6,1.7
2025-10-27,Jaipur,Rajasthan,Northwest,26.9124,75.7873,30.2,60.0,9.0,0.0
2025-10-28,Jaipur,Rajasthan,Northwest,26.9124,75.7873,28.6,60.5,9.0,0.4
2025-10-29,Jaipur,Rajasthan,Northwest,26.9124,75.7873,28.5,61.1,12.5,4.0
2025-10-30,Jaipur,Rajasthan,Northwest,26.9124,75.7873,28.5,65.0,7.6,0.6
2025-10-31,Jaipur,Rajasthan,Northwest,26.9124,75.7873,32.3,68.9,7.5,1.1
2025-11-01,Jaipur,Rajasthan,Northwest,26.9124,75.7873,30.0,59.8,16.4,0.2
2025-11-02,Jaipur,Rajasthan,Northwest,26.9124,75.7873,29.3,69.5,16.3,0.2
2025-11-03,Jaipur,Rajasthan,Northwest,26.9124,75.7873,27.9,76.6,6.9,6.3
2025-11-04,Jaipur,Rajasthan,Northwest,26.9124,75.7873,31.6,67.1,11.7,4.6
2025-11-05,Jaipur,Rajasthan,Northwest,26.9124,75.7873,30.3,62.1,15.5,0.7
2025-11-06,Jaipur,Rajasthan,Northwest,26.9124,75.7873,23.8,63.2,5.1,0.4
2025-11-07,Jaipur,Rajasthan,Northwest,26.9124,75.7873,29.4,70.2,13.0,2.1
2025-11-08,Jaipur,Rajasthan,Northwest,26.9124,75.7873,27.4,67.0,11.7,5.4
2025-11-09,Jaipur,Rajasthan,Northwest,26.9124,75.7873,30.2,70.8,12.1,0.5
2025-11-10,Jaipur,Rajasthan,Northwest,26.9124,75.7873,26.9,69.1,10.0,0.3
2025-11-11,Jaipur,Rajasthan,Northwest,26.9124,75.7873,29.7,66.0,12.1,0.4
2025-11-12,Jaipur,Rajasthan,Northwest,26.9124,75.7873,28.7,62.0,4.9,0.7
2025-11-13,Jaipur,Rajasthan,Northwest,26.9124,75.7873,29.2,62.2,11.0,0.4
2025-11-14,Jaipur,Rajasthan,Northwest,26.9124,75.7873,29.2,74.4,15.7,2.3
2025-11-15,Jaipur,Rajasthan,Northwest,26.9124,75.7873,26.3,61.6,16.8,1.2
2025-11-16,Jaipur,Rajasthan,Northwest,26.9124,75.7873,28.0,59.7,11.0,1.1
2025-11-17,Jaipur,Rajasthan,Northwest,26.9124,75.7873,27.5,66.9,17.8,2.3
2025-11-18,Jaipur,Rajasthan,Northwest,26.9124,75.7873,27.7,71.1,13.0,0.0
2025-11-19,Jaipur,Rajasthan,Northwest,26.9124,75.7873,30.7,68.5,4.1,0.3
2025-11-20,Jaipur,Rajasthan,Northwest,26.9124,75.7873,29.0,66.3,16.0,4.2
2025-11-21,Jaipur,Rajasthan,Northwest,26.9124,75.7873,31.3,72.0,14.3,1.0
2025-11-22,Jaipur,Rajasthan,Northwest,26.9124,75.7873,30.0,75.3,12.3,0.9
2025-11-23,Jaipur,Rajasthan,Northwest,26.9124,75.7873,26.6,65.6,7.8,1.0
2025-11-24,Jaipur,Rajasthan,Northwest,26.9124,75.7873,31.3,64.1,12.8,1.8
2025-11-25,Jaipur,Rajasthan,Northwest,26.9124,75.7873,29.1,70.0,15.2,1.3
2025-11-26,Jaipur,Rajasthan,Northwest,26.9124,75.7873,28.6,71.9,12.3,4.6
2025-11-27,Jaipur,Rajasthan,Northwest,26.9124,75.7873,24.9,64.6,5.7,0.7
2025-11-28,Jaipur,Rajasthan,Northwest,26.9124,75.7873,25.3,70.9,10.3,0.1
2025-11-29,Jaipur,Rajasthan,Northwest,26.9124,75.7873,26.3,70.1,10.0,0.6
2025-11-30,Jaipur,Rajasthan,Northwest,26.9124,75.7873,27.7,69.5,13.2,0.5
2025-12-01,Jaipur,Rajasthan,Northwest,26.9124,75.7873,24.5,52.7,13.4,1.4
2025-12-02,Jaipur,Rajasthan,Northwest,26.9124,75.7873,28.9,72.4,13.8,0.0
2025-12-03,Jaipur,Rajasthan,Northwest,26.9124,75.7873,29.5,65.8,13.2,1.5
2025-12-04,Jaipur,Rajasthan,Northwest,26.9124,75.7873,31.0,68.7,3.4,2.1
2025-12-05,Jaipur,Rajasthan,Northwest,26.9124,75.7873,31.0,63.2,11.9,1.2
2025-12-06,Jaipur,Rajasthan,Northwest,26.9124,75.7873,28.1,77.0,8.7,0.6
2025-12-07,Jaipur,Rajasthan,Northwest,26.9124,75.7873,29.6,68.9,15.3,10.0
2025-12-08,Jaipur,Rajasthan,Northwest,26.9124,75.7873,27.8,65.4,10.5,6.0
2025-12-09,Jaipur,Rajasthan,Northwest,26.9124,75.7873,30.2,66.9,12.2,0.6
2025-12-10,Jaipur,Rajasthan,Northwest,26.9124,75.7873,27.6,64.3,14.8,2.3
2025-12-11,Jaipur,Rajasthan,Northwest,26.9124,75.7873,26.1,70.9,11.6,0.7
2025-12-12,Jaipur,Rajasthan,Northwest,26.9124,75.7873,27.3,70.0,14.2,1.2
2025-12-13,Jaipur,Rajasthan,Northwest,26.9124,75.7873,30.9,76.2,10.9,0.6
2025-12-14,Jaipur,Rajasthan,Northwest,26.9124,75.7873,30.4,68.3,5.2,1.2
2025-12-15,Jaipur,Rajasthan,Northwest,26.9124,75.7873,26.7,65.9,8.4,0.4
2025-12-16,Jaipur,Rajasthan,Northwest,26.9124,75.7873,29.5,58.0,10.2,1.8
2025-12-17,Jaipur,Rajasthan,Northwest,26.9124,75.7873,26.8,53.9,6.3,0.3
2025-12-18,Jaipur,Rajasthan,Northwest,26.9124,75.7873,28.7,65.4,16.0,1.1
2025-12-19,Jaipur,Rajasthan,Northwest,26.9124,75.7873,28.4,63.2,20.0,2.5
2025-12-20,Jaipur,Rajasthan,Northwest,26.9124,75.7873,31.7,63.0,9.1,3.3
2025-12-21,Jaipur,Rajasthan,Northwest,26.9124,75.7873,25.8,66.2,11.3,0.3
2025-12-22,Jaipur,Rajasthan,Northwest,26.9124,75.7873,27.7,68.0,19.3,0.3
2025-12-23,Jaipur,Rajasthan,Northwest,26.9124,75.7873,29.3,59.1,15.7,0.8
2025-12-24,Jaipur,Rajasthan,Northwest,26.9124,75.7873,25.4,65.6,11.5,0.4
2025-12-25,Jaipur,Rajasthan,Northwest,26.9124,75.7873,32.1,60.9,21.8,6.6
2025-12-26,Jaipur,Rajasthan,Northwest,26.9124,75.7873,29.5,61.1,21.8,1.7
2025-12-27,Jaipur,Rajasthan,Northwest,26.9124,75.7873,26.8,61.3,12.1,2.7
2025-12-28,Jaipur,Rajasthan,Northwest,26.9124,75.7873,25.8,61.1,12.0,2.6
2025-12-29,Jaipur,Rajasthan,Northwest,26.9124,75.7873,27.8,71.0,8.7,4.4
2025-12-30,Jaipur,Rajasthan,Northwest,26.9124,75.7873,32.3,66.0,16.8,2.4
2025-12-31,Jaipur,Rajasthan,Northwest,26.9124,75.7873,29.0,71.6,16.4,0.5
2025-01-01,Jodhpur,Rajasthan,Northwest,26.2389,73.0243,27.7,71.3,10.8,2.6
2025-01-02,Jodhpur,Rajasthan,Northwest,26.2389,73.0243,26.8,62.5,6.6,0.4
2025-01-03,Jodhpur,Rajasthan,Northwest,26.2389,73.0243,27.7,59.9,15.4,1.2
2025-01-04,Jodhpur,Rajasthan,Northwest,26.2389,73.0243,29.7,64.7,9.1,0.2
2025-01-05,Jodhpur,Rajasthan,Northwest,26.2389,73.0243,29.1,75.0,18.2,1.1
2025-01-06,Jodhpur,Rajasthan,Northwest,26.2389,73.0243,28.4,64.2,16.0,0.3
2025-01-07,Jodhpur,Rajasthan,Northwest,26.2389,73.0243,35.9,66.0,8.6,0.4
2025-01-08,Jodhpur,Rajasthan,Northwest,26.2389,73.0243,28.4,61.3,9.1,0.5
2025-01-09,Jodhpur,Rajasthan,Northwest,26.2389,73.0243,27.7,62.0,12.0,2.2
2025-01-10,Jodhpur,Rajasthan,Northwest,26.2389,73.0243,31.5,64.6,13.7,3.1
2025-01-11,Jodhpur,Rajasthan,Northwest,26.2389,73.0243,29.1,62.5,8.1,0.4
2025-01-12,Jodhpur,Rajasthan,Northwest,26.2389,73.0243,28.5,58.6,3.6,5.9
2025-01-13,Jodhpur,Rajasthan,Northwest,26.2389,73.0243,32.5,68.2,9.1,0.8
2025-01-14,Jodhpur,Rajasthan,Northwest,26.2389,73.0243,32.1,56.0,7.6,1.4
2025-01-15,Jodhpur,Rajasthan,Northwest,26.2389,73.0243,34.9,61.1,12.9,2.2
2025-01-16,Jodhpur,Rajasthan,Northwest,26.2389,73.0243,31.2,59.1,3.9,0.3
2025-01-17,Jodhpur,Rajasthan,Northwest,26.2389,73.0243,28.1,56.8,12.1,1.3
2025-01-18,Jodhpur,Rajasthan,Northwest,26.2389,73.0243,29.2,68.2,13.0,2.3
2025-01-19,Jodhpur,Rajasthan,Northwest,26.2389,73.0243,30.7,61.2,16.6,2.9
2025-01-20,Jodhpur,Rajasthan,Northwest,26.2389,73.0243,30.0,55.0,10.3,2.1
2025-01-21,Jodhpur,Rajasthan,Northwest,26.2389,73.0243,32.7,66.7,18.6,0.9
2025-01-22,Jodhpur,Rajasthan,Northwest,26.2389,73.0243,27.7,67.9,10.5,2.1
2025-01-23,Jodhpur,Rajasthan,Northwest,26.2389,73.0243,32.4,56.2,5.6,0.6
2025-01-24,Jodhpur,Rajasthan,Northwest,26.2389,73.0243,29.4,51.6,12.4,5.7
2025-01-25,Jodhpur,Rajasthan,Northwest,26.2389,73.0243,34.6,62.0,9.6,1.8
2025-01-26,Jodhpur,Rajasthan,Northwest,26.2389,73.0243,33.5,63.2,14.0,0.0
2025-01-27,Jodhpur,Rajasthan,Northwest,26.2389,73.0243,31.0,63.0,12.5,2.1
2025-01-28,Jodhpur,Rajasthan,Northwest,26.2389,73.0243,30.7,61.0,11.8,0.1
2025-01-29,Jodhpur,Rajasthan,Northwest,26.2389,73.0243,33.3,60.2,19.8,0.3
2025-01-30,Jodhpur,Rajasthan,Northwest,26.2389,73.0243,35.4,68.1,17.4,3.9
2025-01-31,Jodhpur,Rajasthan,Northwest,26.2389,73.0243,32.1,56.6,18.8,1.7
2025-02-01,Jodhpur,Rajasthan,Northwest,26.2389,73.0243,29.8,68.6,10.9,0.9
2025-02-02,Jodhpur,Rajasthan,Northwest,26.2389,73.0243,31.1,63.0,6.5,1.2
2025-02-03,Jodhpur,Rajasthan,Northwest,26.2389,73.0243,32.4,60.0,14.4,2.6
2025-02-04,Jodhpur,Rajasthan,Northwest,26.2389,73.0243,34.3,53.8,16.5,0.2
2025-02-05,Jodhpur,Rajasthan,Northwest,26.2389,73.0243,34.0,56.8,12.0,0.0
2025-02-06,Jodhpur,Rajasthan,Northwest,26.2389,73.0243,33.5,57.3,8.6,1.7
2025-02-07,Jodhpur,Rajasthan,Northwest,26.2389,73.0243,34.2,58.2,14.8,1.9
2025-02-08,Jodhpur,Rajasthan,Northwest,26.2389,73.0243,34.4,68.2,17.4,2.0
2025-02-09,Jodhpur,Rajasthan,Northwest,26.2389,73.0243,33.7,59.4,15.5,4.1
2025-02-10,Jodhpur,Rajasthan,Northwest,26.2389,73.0243,34.6,72.5,1.1,3.5
2025-02-11,Jodhpur,Rajasthan,Northwest,26.2389,73.0243,37.1,49.1,9.8,1.9
2025-02-12,Jodhpur,Rajasthan,Northwest,26.2389,73.0243,33.6,56.7,13.3,1.8
2025-02-13,Jodhpur,Rajasthan,Northwest,26.2389,73.0243,31.6,60.4,6.5,0.4
2025-02-14,Jodhpur,Rajasthan,Northwest,26.2389,73.0243,32.9,64.5,18.4,2.1
2025-02-15,Jodhpur,Rajasthan,Northwest,26.2389,73.0243,31.1,52.5,2.9,4.0
2025-02-16,Jodhpur,Rajasthan,Northwest,26.2389,73.0243,32.7,56.7,13.7,4.0
2025-02-17,Jodhpur,Rajasthan,Northwest,26.2389,73.0243,35.1,48.5,15.2,0.0
2025-02-18,Jodhpur,Rajasthan,Northwest,26.2389,73.0243,33.4,46.0,15.1,0.8
2025-02-19,Jodhpur,Rajasthan,Northwest,26.2389,73.0243,36.2,59.7,16.2,0.6
2025-02-20,Jodhpur,Rajasthan,Northwest,26.2389,73.0243,35.2,40.3,16.4,0.0
2025-02-21,Jodhpur,Rajasthan,Northwest,26.2389,73.0243,38.3,61.0,18.1,1.7
2025-02-22,Jodhpur,Rajasthan,Northwest,26.2389,73.0243,36.0,47.3,14.7,0.2
2025-02-23,Jodhpur,Rajasthan,Northwest,26.2389,73.0243,37.9,44.0,16.8,2.1
2025-02-24,Jodhpur,Rajasthan,Northwest,26.2389,73.0243,33.5,63.3,8.9,2.1
2025-02-25,Jodhpur,Rajasthan,Northwest,26.2389,73.0243,36.8,68.4,14.2,3.4
2025-02-26,Jodhpur,Rajasthan,Northwest,26.2389,73.0243,35.2,46.8,14.1,0.5
2025-02-27,Jodhpur,Rajasthan,Northwest,26.2389,73.0243,35.0,43.0,12.6,0.4
2025-02-28,Jodhpur,Rajasthan,Northwest,26.2389,73.0243,32.3,66.0,12.8,1.1
2025-03-01,Jodhpur,Rajasthan,Northwest,26.2389,73.0243,33.2,62.4,14.7,1.4
2025-03-02,Jodhpur,Rajasthan,Northwest,26.2389,73.0243,32.9,45.0,14.5,0.9
2025-03-03,Jodhpur,Rajasthan,Northwest,26.2389,73.0243,35.7,54.0,12.4,0.5
2025-03-04,Jodhpur,Rajasthan,Northwest,26.2389,73.0243,35.7,54.3,16.3,0.5
2025-03-05,Jodhpur,Rajasthan,Northwest,26.2389,73.0243,32.2,56.5,8.1,11.2
2025-03-06,Jodhpur,Rajasthan,Northwest,26.2389,73.0243,36.8,43.0,8.3,1.9
2025-03-07,Jodhpur,Rajasthan,Northwest,26.2389,73.0243,38.6,51.4,19.0,0.0
2025-03-08,Jodhpur,Rajasthan,Northwest,26.2389,73.0243,36.2,56.6,14.8,0.0
2025-03-09,Jodhpur,Rajasthan,Northwest,26.2389,73.0243,36.2,48.5,10.1,0.1
2025-03-10,Jodhpur,Rajasthan,Northwest,26.2389,73.0243,37.0,56.8,12.4,0.4
2025-03-11,Jodhpur,Rajasthan,Northwest,26.2389,73.0243,37.6,61.0,11.7,0.5
2025-03-12,Jodhpur,Rajasthan,Northwest,26.2389,73.0243,37.0,48.7,9.2,0.0
2025-03-13,Jodhpur,Rajasthan,Northwest,26.2389,73.0243,36.6,60.9,1.0,0.0
2025-03-14,Jodhpur,Rajasthan,Northwest,26.2389,73.0243,38.4,49.5,12.0,0.0
2025-03-15,Jodhpur,Rajasthan,Northwest,26.2389,73.0243,38.3,55.2,14.4,0.0
2025-03-16,Jodhpur,Rajasthan,Northwest,26.2389,73.0243,33.1,57.1,14.8,1.0
2025-03-17,Jodhpur,Rajasthan,Northwest,26.2389,73.0243,36.5,55.9,10.5,0.0
2025-03-18,Jodhpur,Rajasthan,Northwest,26.2389,73.0243,34.4,47.1,16.6,0.0
2025-03-19,Jodhpur,Rajasthan,Northwest,26.2389,73.0243,38.8,51.2,14.2,0.0
2025-03-20,Jodhpur,Rajasthan,Northwest,26.2389,73.0243,36.0,51.2,8.9,0.0
2025-03-21,Jodhpur,Rajasthan,Northwest,26.2389,73.0243,40.5,51.4,10.1,2.9
2025-03-22,Jodhpur,Rajasthan,Northwest,26.2389,73.0243,38.3,58.1,4.4,0.4
2025-03-23,Jodhpur,Rajasthan,Northwest,26.2389,73.0243,41.0,45.0,10.3,0.0
2025-03-24,Jodhpur,Rajasthan,Northwest,26.2389,73.0243,37.7,47.2,14.5,0.0
2025-03-25,Jodhpur,Rajasthan,Northwest,26.2389,73.0243,39.2,54.5,3.7,0.0
2025-03-26,Jodhpur,Rajasthan,Northwest,26.2389,73.0243,43.0,64.7,9.7,5.3
2025-03-27,Jodhpur,Rajasthan,Northwest,26.2389,73.0243,39.2,55.9,15.0,0.0
2025-03-28,Jodhpur,Rajasthan,Northwest,26.2389,73.0243,40.0,49.3,14.0,0.0
2025-03-29,Jodhpur,Rajasthan,Northwest,26.2389,73.0243,39.8,50.0,15.3,0.0
2025-03-30,Jodhpur,Rajasthan,Northwest,26.2389,73.0243,38.2,54.7,9.1,0.0
2025-03-31,Jodhpur,Rajasthan,Northwest,26.2389,73.0243,37.5,56.2,21.5,0.0
2025-04-01,Jodhpur,Rajasthan,Northwest,26.2389,73.0243,39.3,59.5,12.3,0.0
2025-04-02,Jodhpur,Rajasthan,Northwest,26.2389,73.0243,38.1,38.5,16.4,0.0
2025-04-03,Jodhpur,Rajasthan,Northwest,26.2389,73.0243,36.1,42.0,12.0,0.0
2025-04-04,Jodhpur,Rajasthan,Northwest,26.2389,73.0243,40.2,48.2,12.6,0.0
2025-04-05,Jodhpur,Rajasthan,Northwest,26.2389,73.0243,41.6,53.2,11.2,0.0
2025-04-06,Jodhpur,Rajasthan,Northwest,26.2389,73.0243,39.4,55.9,11.0,0.0
2025-04-07,Jodhpur,Rajasthan,Northwest,26.2389,73.0243,41.1,42.0,8.3,0.0
2025-04-08,Jodhpur,Rajasthan,Northwest,26.2389,73.0243,39.2,44.0,14.8,0.0
2025-04-09,Jodhpur,Rajasthan,Northwest,26.2389,73.0243,39.7,47.6,11.7,0.0
2025-04-10,Jodhpur,Rajasthan,Northwest,26.2389,73.0243,41.6,43.1,16.2,0.0
2025-04-11,Jodhpur,Rajasthan,Northwest,26.2389,73.0243,42.8,50.0,13.6,0.0
2025-04-12,Jodhpur,Rajasthan,Northwest,26.2389,73.0243,42.5,58.1,11.7,0.0
2025-04-13,Jodhpur,Rajasthan,Northwest,26.2389,73.0243,42.5,51.6,11.8,0.0
2025-04-14,Jodhpur,Rajasthan,Northwest,26.2389,73.0243,45.0,47.0,13.5,0.0
2025-04-15,Jodhpur,Rajasthan,Northwest,26.2389,73.0243,43.9,44.8,11.7,0.0
2025-04-16,Jodhpur,Rajasthan,Northwest,26.2389,73.0243,43.2,47.1,12.7,0.0
2025-04-17,Jodhpur,Rajasthan,Northwest,26.2389,73.0243,40.2,49.3,10.9,0.0
2025-04-18,Jodhpur,Rajasthan,Northwest,26.2389,73.0243,43.4,45.0,17.7,0.0
2025-04-19,Jodhpur,Rajasthan,Northwest,26.2389,73.0243,40.6,56.3,10.7,0.0
2025-04-20,Jodhpur,Rajasthan,Northwest,26.2389,73.0243,45.5,45.8,17.0,0.0
2025-04-21,Jodhpur,Rajasthan,Northwest,26.2389,73.0243,40.2,45.5,19.6,0.0
2025-04-22,Jodhpur,Rajasthan,Northwest,26.2389,73.0243,36.8,41.9,9.5,0.0
2025-04-23,Jodhpur,Rajasthan,Northwest,26.2389,73.0243,40.5,37.7,14.8,0.0
2025-04-24,Jodhpur,Rajasthan,Northwest,26.2389,73.0243,41.0,52.2,9.4,0.0
2025-04-25,Jodhpur,Rajasthan,Northwest,26.2389,73.0243,41.5,44.6,7.7,0.0
2025-04-26,Jodhpur,Rajasthan,Northwest,26.2389,73.0243,44.3,53.9,7.8,0.0
2025-04-27,Jodhpur,Rajasthan,Northwest,26.2389,73.0243,40.8,39.1,7.5,0.0
2025-04-28,Jodhpur,Rajasthan,Northwest,26.2389,73.0243,40.6,54.3,8.3,0.0
2025-04-29,Jodhpur,Rajasthan,Northwest,26.2389,73.0243,45.0,42.4,12.1,0.0
2025-04-30,Jodhpur,Rajasthan,Northwest,26.2389,73.0243,43.9,44.1,10.2,0.0
2025-05-01,Jodhpur,Rajasthan,Northwest,26.2389,73.0243,43.3,48.9,17.9,0.0
2025-05-02,Jodhpur,Rajasthan,Northwest,26.2389,73.0243,40.5,41.7,23.8,0.0
2025-05-03,Jodhpur,Rajasthan,Northwest,26.2389,73.0243,44.3,48.2,12.4,0.0
2025-05-04,Jodhpur,Rajasthan,Northwest,26.2389,73.0243,43.5,46.2,11.9,0.0
2025-05-05,Jodhpur,Rajasthan,Northwest,26.2389,73.0243,40.0,54.3,12.1,0.0
2025-05-06,Jodhpur,Rajasthan,Northwest,26.2389,73.0243,44.7,38.7,10.2,0.0
2025-05-07,Jodhpur,Rajasthan,Northwest,26.2389,73.0243,41.4,52.1,8.2,0.0
2025-05-08,Jodhpur,Rajasthan,Northwest,26.2389,73.0243,41.7,44.8,10.0,0.0
2025-05-09,Jodhpur,Rajasthan,Northwest,26.2389,73.0243,45.5,38.7,14.7,0.0
2025-05-10,Jodhpur,Rajasthan,Northwest,26.2389,73.0243,41.3,55.5,9.0,0.0
2025-05-11,Jodhpur,Rajasthan,Northwest,26.2389,73.0243,44.7,47.4,15.8,0.0
2025-05-12,Jodhpur,Rajasthan,Northwest,26.2389,73.0243,46.6,40.9,6.9,0.0
2025-05-13,Jodhpur,Rajasthan,Northwest,26.2389,73.0243,42.7,55.5,10.2,0.0
2025-05-14,Jodhpur,Rajasthan,Northwest,26.2389,73.0243,44.4,47.2,14.3,0.0
2025-05-15,Jodhpur,Rajasthan,Northwest,26.2389,73.0243,44.4,48.6,10.6,0.0
2025-05-16,Jodhpur,Rajasthan,Northwest,26.2389,73.0243,43.1,45.4,13.8,0.0
2025-05-17,Jodhpur,Rajasthan,Northwest,26.2389,73.0243,45.2,41.6,16.8,0.0
2025-05-18,Jodhpur,Rajasthan,Northwest,26.2389,73.0243,43.8,32.3,17.6,0.0
2025-05-19,Jodhpur,Rajasthan,Northwest,26.2389,73.0243,44.0,51.8,13.6,0.0
2025-05-20,Jodhpur,Rajasthan,Northwest,26.2389,73.0243,43.6,42.2,8.9,0.0
2025-05-21,Jodhpur,Rajasthan,Northwest,26.2389,73.0243,46.8,47.3,5.1,0.0
2025-05-22,Jodhpur,Rajasthan,Northwest,26.2389,73.0243,45.8,43.8,11.1,0.0
2025-05-23,Jodhpur,Rajasthan,Northwest,26.2389,73.0243,44.6,47.0,12.3,5.3
2025-05-24,Jodhpur,Rajasthan,Northwest,26.2389,73.0243,45.3,37.7,11.9,0.0
2025-05-25,Jodhpur,Rajasthan,Northwest,26.2389,73.0243,43.5,46.2,4.9,0.0
2025-05-26,Jodhpur,Rajasthan,Northwest,26.2389,73.0243,43.4,36.0,12.8,0.0
2025-05-27,Jodhpur,Rajasthan,Northwest,26.2389,73.0243,41.2,35.7,12.1,0.0
2025-05-28,Jodhpur,Rajasthan,Northwest,26.2389,73.0243,43.2,44.8,8.9,0.0
2025-05-29,Jodhpur,Rajasthan,Northwest,26.2389,73.0243,43.9,44.2,5.1,0.0
2025-05-30,Jodhpur,Rajasthan,Northwest,26.2389,73.0243,44.2,47.7,4.9,0.0
2025-05-31,Jodhpur,Rajasthan,Northwest,26.2389,73.0243,46.7,38.6,15.8,0.0
2025-06-01,Jodhpur,Rajasthan,Northwest,26.2389,73.0243,46.2,41.5,10.2,0.0
2025-06-02,Jodhpur,Rajasthan,Northwest,26.2389,73.0243,44.9,36.9,7.8,0.0
2025-06-03,Jodhpur,Rajasthan,Northwest,26.2389,73.0243,42.4,47.6,9.5,0.0
2025-06-04,Jodhpur,Rajasthan,Northwest,26.2389,73.0243,41.6,37.2,16.7,0.0
2025-06-05,Jodhpur,Rajasthan,Northwest,26.2389,73.0243,47.8,37.9,10.7,0.0
2025-06-06,Jodhpur,Rajasthan,Northwest,26.2389,73.0243,43.3,38.9,6.4,0.0
2025-06-07,Jodhpur,Rajasthan,Northwest,26.2389,73.0243,41.7,50.7,11.6,0.0
2025-06-08,Jodhpur,Rajasthan,Northwest,26.2389,73.0243,47.1,43.2,15.6,0.0
2025-06-09,Jodhpur,Rajasthan,Northwest,26.2389,73.0243,47.4,41.0,11.1,0.0
2025-06-10,Jodhpur,Rajasthan,Northwest,26.2389,73.0243,44.4,41.0,14.5,0.0
2025-06-11,Jodhpur,Rajasthan,Northwest,26.2389,73.0243,43.3,39.4,16.9,0.0
2025-06-12,Jodhpur,Rajasthan,Northwest,26.2389,73.0243,44.7,43.3,2.9,0.0
2025-06-13,Jodhpur,Rajasthan,Northwest,26.2389,73.0243,41.9,40.2,9.9,0.0
2025-06-14,Jodhpur,Rajasthan,Northwest,26.2389,73.0243,47.6,46.6,11.6,0.0
2025-06-15,Jodhpur,Rajasthan,Northwest,26.2389,73.0243,46.9,44.1,15.0,0.0
2025-06-16,Jodhpur,Rajasthan,Northwest,26.2389,73.0243,43.9,38.2,11.7,0.0
2025-06-17,Jodhpur,Rajasthan,Northwest,26.2389,73.0243,42.3,40.4,19.0,0.0
2025-06-18,Jodhpur,Rajasthan,Northwest,26.2389,73.0243,48.0,49.0,17.9,0.0
2025-06-19,Jodhpur,Rajasthan,Northwest,26.2389,73.0243,46.8,42.1,2.5,0.0
2025-06-20,Jodhpur,Rajasthan,Northwest,26.2389,73.0243,44.8,47.3,12.6,0.0
2025-06-21,Jodhpur,Rajasthan,Northwest,26.2389,73.0243,43.4,38.9,16.1,0.0
2025-06-22,Jodhpur,Rajasthan,Northwest,26.2389,73.0243,42.8,55.9,8.4,0.0
2025-06-23,Jodhpur,Rajasthan,Northwest,26.2389,73.0243,43.6,41.2,9.9,0.0
2025-06-24,Jodhpur,Rajasthan,Northwest,26.2389,73.0243,41.5,31.6,10.5,0.0
2025-06-25,Jodhpur,Rajasthan,Northwest,26.2389,73.0243,44.4,43.7,15.2,0.0
2025-06-26,Jodhpur,Rajasthan,Northwest,26.2389,73.0243,45.7,55.6,12.2,0.0
2025-06-27,Jodhpur,Rajasthan,Northwest,26.2389,73.0243,43.8,55.7,5.9,0.0
2025-06-28,Jodhpur,Rajasthan,Northwest,26.2389,73.0243,41.1,44.2,16.0,0.0
2025-06-29,Jodhpur,Rajasthan,Northwest,26.2389,73.0243,41.5,43.1,5.9,0.0
2025-06-30,Jodhpur,Rajasthan,Northwest,26.2389,73.0243,41.0,40.1,8.4,0.0
2025-07-01,Jodhpur,Rajasthan,Northwest,26.2389,73.0243,42.3,37.2,16.7,0.0
2025-07-02,Jodhpur,Rajasthan,Northwest,26.2389,73.0243,41.9,46.9,9.6,0.0
2025-07-03,Jodhpur,Rajasthan,Northwest,26.2389,73.0243,41.5,36.4,3.4,0.0
2025-07-04,Jodhpur,Rajasthan,Northwest,26.2389,73.0243,42.7,43.3,11.8,0.0
2025-07-05,Jodhpur,Rajasthan,Northwest,26.2389,73.0243,44.8,49.0,11.9,0.0
2025-07-06,Jodhpur,Rajasthan,Northwest,26.2389,73.0243,45.1,50.4,16.2,0.0
2025-07-07,Jodhpur,Rajasthan,Northwest,26.2389,73.0243,43.2,46.2,8.6,0.0
2025-07-08,Jodhpur,Rajasthan,Northwest,26.2389,73.0243,43.5,44.3,9.3,0.0
2025-07-09,Jodhpur,Rajasthan,Northwest,26.2389,73.0243,39.5,39.1,16.0,0.0
2025-07-10,Jodhpur,Rajasthan,Northwest,26.2389,73.0243,42.7,39.1,10.5,0.0
2025-07-11,Jodhpur,Rajasthan,Northwest,26.2389,73.0243,42.7,41.3,8.4,0.0
2025-07-12,Jodhpur,Rajasthan,Northwest,26.2389,73.0243,41.0,45.6,10.6,0.0
2025-07-13,Jodhpur,Rajasthan,Northwest,26.2389,73.0243,42.4,23.8,8.8,0.0
2025-07-14,Jodhpur,Rajasthan,Northwest,26.2389,73.0243,41.2,52.7,14.7,0.0
2025-07-15,Jodhpur,Rajasthan,Northwest,26.2389,73.0243,39.5,48.6,8.8,0.0
2025-07-16,Jodhpur,Rajasthan,Northwest,26.2389,73.0243,40.8,47.0,5.8,0.0
2025-07-17,Jodhpur,Rajasthan,Northwest,26.2389,73.0243,43.6,49.5,5.6,0.0
2025-07-18,Jodhpur,Rajasthan,Northwest,26.2389,73.0243,42.3,51.0,8.1,0.0
2025-07-19,Jodhpur,Rajasthan,Northwest,26.2389,73.0243,44.8,44.3,7.6,0.0
2025-07-20,Jodhpur,Rajasthan,Northwest,26.2389,73.0243,40.7,50.6,12.4,0.0
2025-07-21,Jodhpur,Rajasthan,Northwest,26.2389,73.0243,37.5,47.7,10.2,0.0
2025-07-22,Jodhpur,Rajasthan,Northwest,26.2389,73.0243,41.2,48.6,17.2,0.0
2025-07-23,Jodhpur,Rajasthan,Northwest,26.2389,73.0243,39.2,41.1,16.4,1.8
2025-07-24,Jodhpur,Rajasthan,Northwest,26.2389,73.0243,40.2,35.3,7.3,0.0
2025-07-25,Jodhpur,Rajasthan,Northwest,26.2389,73.0243,43.5,35.0,15.0,0.0
2025-07-26,Jodhpur,Rajasthan,Northwest,26.2389,73.0243,39.2,51.4,14.5,0.0
2025-07-27,Jodhpur,Rajasthan,Northwest,26.2389,73.0243,42.2,52.0,7.9,0.0
2025-07-28,Jodhpur,Rajasthan,Northwest,26.2389,73.0243,39.6,36.0,9.3,0.0
2025-07-29,Jodhpur,Rajasthan,Northwest,26.2389,73.0243,41.0,46.7,8.6,0.0
2025-07-30,Jodhpur,Rajasthan,Northwest,26.2389,73.0243,38.9,39.6,12.0,0.0
2025-07-31,Jodhpur,Rajasthan,Northwest,26.2389,73.0243,41.1,44.0,11.1,0.0
2025-08-01,Jodhpur,Rajasthan,Northwest,26.2389,73.0243,42.8,45.1,13.7,2.8
2025-08-02,Jodhpur,Rajasthan,Northwest,26.2389,73.0243,39.0,52.4,11.1,0.0
2025-08-03,Jodhpur,Rajasthan,Northwest,26.2389,73.0243,39.4,48.1,18.6,0.0
2025-08-04,Jodhpur,Rajasthan,Northwest,26.2389,73.0243,40.8,58.3,16.1,0.0
2025-08-05,Jodhpur,Rajasthan,Northwest,26.2389,73.0243,37.0,42.9,15.5,0.0
2025-08-06,Jodhpur,Rajasthan,Northwest,26.2389,73.0243,38.2,55.9,9.0,0.0
2025-08-07,Jodhpur,Rajasthan,Northwest,26.2389,73.0243,38.7,45.7,14.8,0.0
2025-08-08,Jodhpur,Rajasthan,Northwest,26.2389,73.0243,39.7,42.3,11.0,0.0
2025-08-09,Jodhpur,Rajasthan,Northwest,26.2389,73.0243,39.6,53.8,9.4,0.0
2025-08-10,Jodhpur,Rajasthan,Northwest,26.2389,73.0243,38.4,43.2,11.3,0.0
2025-08-11,Jodhpur,Rajasthan,Northwest,26.2389,73.0243,41.4,41.6,17.3,0.0
2025-08-12,Jodhpur,Rajasthan,Northwest,26.2389,73.0243,39.3,52.0,18.2,0.0
2025-08-13,Jodhpur,Rajasthan,Northwest,26.2389,73.0243,38.9,51.3,6.1,0.0
2025-08-14,Jodhpur,Rajasthan,Northwest,26.2389,73.0243,38.6,41.4,22.8,2.8
2025-08-15,Jodhpur,Rajasthan,Northwest,26.2389,73.0243,39.2,45.3,19.2,3.1
2025-08-16,Jodhpur,Rajasthan,Northwest,26.2389,73.0243,37.0,55.4,13.5,0.0
2025-08-17,Jodhpur,Rajasthan,Northwest,26.2389,73.0243,36.5,56.1,15.3,0.0
2025-08-18,Jodhpur,Rajasthan,Northwest,26.2389,73.0243,37.9,54.1,15.2,4.5
2025-08-19,Jodhpur,Rajasthan,Northwest,26.2389,73.0243,36.4,57.2,18.5,0.0
2025-08-20,Jodhpur,Rajasthan,Northwest,26.2389,73.0243,35.0,44.9,17.3,0.7
2025-08-21,Jodhpur,Rajasthan,Northwest,26.2389,73.0243,38.7,52.7,6.3,1.7
2025-08-22,Jodhpur,Rajasthan,Northwest,26.2389,73.0243,42.0,42.7,14.8,0.0
2025-08-23,Jodhpur,Rajasthan,Northwest,26.2389,73.0243,39.3,58.2,8.4,2.2
2025-08-24,Jodhpur,Rajasthan,Northwest,26.2389,73.0243,38.9,47.3,11.1,2.7
2025-08-25,Jodhpur,Rajasthan,Northwest,26.2389,73.0243,35.2,60.9,5.0,0.5
2025-08-26,Jodhpur,Rajasthan,Northwest,26.2389,73.0243,37.1,54.2,12.4,3.2
2025-08-27,Jodhpur,Rajasthan,Northwest,26.2389,73.0243,35.5,49.1,11.9,1.0
2025-08-28,Jodhpur,Rajasthan,Northwest,26.2389,73.0243,34.8,51.6,12.3,4.9
2025-08-29,Jodhpur,Rajasthan,Northwest,26.2389,73.0243,38.5,58.1,15.8,0.0
2025-08-30,Jodhpur,Rajasthan,Northwest,26.2389,73.0243,33.8,52.8,12.6,0.4
2025-08-31,Jodhpur,Rajasthan,Northwest,26.2389,73.0243,32.8,57.6,6.7,0.1
2025-09-01,Jodhpur,Rajasthan,Northwest,26.2389,73.0243,35.6,51.8,13.7,1.1
2025-09-02,Jodhpur,Rajasthan,Northwest,26.2389,73.0243,38.9,43.5,15.9,5.5
2025-09-03,Jodhpur,Rajasthan,Northwest,26.2389,73.0243,35.9,53.1,12.5,0.4
2025-09-04,Jodhpur,Rajasthan,Northwest,26.2389,73.0243,35.8,62.0,8.1,0.2
2025-09-05,Jodhpur,Rajasthan,Northwest,26.2389,73.0243,36.5,61.0,10.0,2.5
2025-09-06,Jodhpur,Rajasthan,Northwest,26.2389,73.0243,35.8,61.7,14.0,0.1
2025-09-07,Jodhpur,Rajasthan,Northwest,26.2389,73.0243,35.0,55.0,12.8,5.0
2025-09-08,Jodhpur,Rajasthan,Northwest,26.2389,73.0243,32.9,63.1,10.6,0.0
2025-09-09,Jodhpur,Rajasthan,Northwest,26.2389,73.0243,36.0,55.1,12.9,1.2
2025-09-10,Jodhpur,Rajasthan,Northwest,26.2389,73.0243,33.2,46.9,10.0,4.1
2025-09-11,Jodhpur,Rajasthan,Northwest,26.2389,73.0243,37.4,65.9,8.4,1.2
2025-09-12,Jodhpur,Rajasthan,Northwest,26.2389,73.0243,34.6,56.0,10.7,0.0
2025-09-13,Jodhpur,Rajasthan,Northwest,26.2389,73.0243,33.1,55.6,20.0,4.2
2025-09-14,Jodhpur,Rajasthan,Northwest,26.2389,73.0243,33.6,50.2,15.9,0.6
2025-09-15,Jodhpur,Rajasthan,Northwest,26.2389,73.0243,31.9,52.6,1.0,1.4
2025-09-16,Jodhpur,Rajasthan,Northwest,26.2389,73.0243,34.9,52.0,18.3,0.6
2025-09-17,Jodhpur,Rajasthan,Northwest,26.2389,73.0243,32.9,52.3,15.4,2.2
2025-09-18,Jodhpur,Rajasthan,Northwest,26.2389,73.0243,35.1,61.4,6.2,1.7
2025-09-19,Jodhpur,Rajasthan,Northwest,26.2389,73.0243,38.7,53.3,23.3,2.5
2025-09-20,Jodhpur,Rajasthan,Northwest,26.2389,73.0243,32.7,60.7,10.1,0.3
2025-09-21,Jodhpur,Rajasthan,Northwest,26.2389,73.0243,30.9,57.7,17.1,6.0
2025-09-22,Jodhpur,Rajasthan,Northwest,26.2389,73.0243,33.0,50.8,17.2,1.8
2025-09-23,Jodhpur,Rajasthan,Northwest,26.2389,73.0243,34.0,57.9,12.7,0.8
2025-09-24,Jodhpur,Rajasthan,Northwest,26.2389,73.0243,34.8,58.5,17.3,0.8
2025-09-25,Jodhpur,Rajasthan,Northwest,26.2389,73.0243,35.1,59.2,6.6,0.9
2025-09-26,Jodhpur,Rajasthan,Northwest,26.2389,73.0243,31.7,54.1,9.9,1.9
2025-09-27,Jodhpur,Rajasthan,Northwest,26.2389,73.0243,34.5,59.9,12.3,2.9
2025-09-28,Jodhpur,Rajasthan,Northwest,26.2389,73.0243,31.9,63.1,13.2,2.6
2025-09-29,Jodhpur,Rajasthan,Northwest,26.2389,73.0243,31.8,63.9,10.6,0.0
2025-09-30,Jodhpur,Rajasthan,Northwest,26.2389,73.0243,32.1,58.6,11.0,0.6
2025-10-01,Jodhpur,Rajasthan,Northwest,26.2389,73.0243,30.7,63.8,17.2,0.0
2025-10-02,Jodhpur,Rajasthan,Northwest,26.2389,73.0243,34.0,63.0,15.0,0.8
2025-10-03,Jodhpur,Rajasthan,Northwest,26.2389,73.0243,31.2,65.0,8.4,5.1
2025-10-04,Jodhpur,Rajasthan,Northwest,26.2389,73.0243,31.9,59.2,10.0,1.6
2025-10-05,Jodhpur,Rajasthan,Northwest,26.2389,73.0243,32.6,69.8,11.3,4.7
2025-10-06,Jodhpur,Rajasthan,Northwest,26.2389,73.0243,33.9,66.0,2.0,1.3
2025-10-07,Jodhpur,Rajasthan,Northwest,26.2389,73.0243,34.0,60.3,4.1,0.6
2025-10-08,Jodhpur,Rajasthan,Northwest,26.2389,73.0243,31.7,62.8,10.0,0.5
2025-10-09,Jodhpur,Rajasthan,Northwest,26.2389,73.0243,31.8,56.7,16.5,1.4
2025-10-10,Jodhpur,Rajasthan,Northwest,26.2389,73.0243,32.4,65.6,16.6,0.7
2025-10-11,Jodhpur,Rajasthan,Northwest,26.2389,73.0243,30.4,54.4,17.4,2.1
2025-10-12,Jodhpur,Rajasthan,Northwest,26.2389,73.0243,34.5,59.8,12.0,1.9
2025-10-13,Jodhpur,Rajasthan,Northwest,26.2389,73.0243,29.5,72.8,8.9,0.5
2025-10-14,Jodhpur,Rajasthan,Northwest,26.2389,73.0243,31.9,60.8,7.7,3.8
2025-10-15,Jodhpur,Rajasthan,Northwest,26.2389,73.0243,29.7,70.1,18.4,0.6
2025-10-16,Jodhpur,Rajasthan,Northwest,26.2389,73.0243,31.5,64.6,12.2,0.8
2025-10-17,Jodhpur,Rajasthan,Northwest,26.2389,73.0243,28.5,68.0,12.3,0.8
2025-10-18,Jodhpur,Rajasthan,Northwest,26.2389,73.0243,27.1,60.6,9.1,0.1
2025-10-19,Jodhpur,Rajasthan,Northwest,26.2389,73.0243,29.9,75.2,13.0,0.2
2025-10-20,Jodhpur,Rajasthan,Northwest,26.2389,73.0243,28.5,66.8,10.8,2.5
2025-10-21,Jodhpur,Rajasthan,Northwest,26.2389,73.0243,32.1,64.0,18.6,10.1
2025-10-22,Jodhpur,Rajasthan,Northwest,26.2389,73.0243,31.4,68.0,6.7,1.2
2025-10-23,Jodhpur,Rajasthan,Northwest,26.2389,73.0243,30.3,59.4,18.6,0.1
2025-10-24,Jodhpur,Rajasthan,Northwest,26.2389,73.0243,33.4,69.4,11.8,1.0
2025-10-25,Jodhpur,Rajasthan,Northwest,26.2389,73.0243,31.8,68.1,12.4,3.9
2025-10-26,Jodhpur,Rajasthan,Northwest,26.2389,73.0243,32.2,70.1,11.0,0.5
2025-10-27,Jodhpur,Rajasthan,Northwest,26.2389,73.0243,29.2,64.6,10.5,0.5
2025-10-28,Jodhpur,Rajasthan,Northwest,26.2389,73.0243,31.7,66.9,11.2,3.6
2025-10-29,Jodhpur,Rajasthan,Northwest,26.2389,73.0243,33.1,71.0,2.5,4.9
2025-10-30,Jodhpur,Rajasthan,Northwest,26.2389,73.0243,28.1,63.9,8.0,0.8
2025-10-31,Jodhpur,Rajasthan,Northwest,26.2389,73.0243,23.4,64.5,7.4,1.4
2025-11-01,Jodhpur,Rajasthan,Northwest,26.2389,73.0243,29.1,61.3,9.7,0.1
2025-11-02,Jodhpur,Rajasthan,Northwest,26.2389,73.0243,28.2,74.6,17.6,2.3
2025-11-03,Jodhpur,Rajasthan,Northwest,26.2389,73.0243,30.3,51.6,9.5,0.9
2025-11-04,Jodhpur,Rajasthan,Northwest,26.2389,73.0243,28.7,79.3,11.2,2.0
2025-11-05,Jodhpur,Rajasthan,Northwest,26.2389,73.0243,28.4,64.3,13.5,5.3
2025-11-06,Jodhpur,Rajasthan,Northwest,26.2389,73.0243,30.4,70.7,9.5,1.5
2025-11-07,Jodhpur,Rajasthan,Northwest,26.2389,73.0243,27.4,62.8,8.4,0.8
2025-11-08,Jodhpur,Rajasthan,Northwest,26.2389,73.0243,27.8,63.2,9.8,0.1
2025-11-09,Jodhpur,Rajasthan,Northwest,26.2389,73.0243,29.4,67.5,12.2,0.8
2025-11-10,Jodhpur,Rajasthan,Northwest,26.2389,73.0243,28.8,60.3,12.4,1.9
2025-11-11,Jodhpur,Rajasthan,Northwest,26.2389,73.0243,28.7,68.9,4.3,0.2
2025-11-12,Jodhpur,Rajasthan,Northwest,26.2389,73.0243,30.5,71.9,12.1,2.5
2025-11-13,Jodhpur,Rajasthan,Northwest,26.2389,73.0243,27.7,62.9,14.3,0.6
2025-11-14,Jodhpur,Rajasthan,Northwest,26.2389,73.0243,24.6,67.4,11.7,3.2
2025-11-15,Jodhpur,Rajasthan,Northwest,26.2389,73.0243,30.3,75.2,13.7,0.8
2025-11-16,Jodhpur,Rajasthan,Northwest,26.2389,73.0243,27.3,71.3,6.2,1.3
2025-11-17,Jodhpur,Rajasthan,Northwest,26.2389,73.0243,28.6,59.8,8.4,6.8
2025-11-18,Jodhpur,Rajasthan,Northwest,26.2389,73.0243,29.0,63.6,7.8,0.1
2025-11-19,Jodhpur,Rajasthan,Northwest,26.2389,73.0243,29.7,70.7,11.4,0.0
2025-11-20,Jodhpur,Rajasthan,Northwest,26.2389,73.0243,28.2,82.6,16.6,2.2
2025-11-21,Jodhpur,Rajasthan,Northwest,26.2389,73.0243,30.2,66.6,9.7,1.0
2025-11-22,Jodhpur,Rajasthan,Northwest,26.2389,73.0243,27.2,55.6,7.4,7.8
2025-11-23,Jodhpur,Rajasthan,Northwest,26.2389,73.0243,24.5,80.8,10.5,3.5
2025-11-24,Jodhpur,Rajasthan,Northwest,26.2389,73.0243,26.3,55.3,5.0,5.2
2025-11-25,Jodhpur,Rajasthan,Northwest,26.2389,73.0243,25.8,65.9,8.3,0.2
2025-11-26,Jodhpur,Rajasthan,Northwest,26.2389,73.0243,26.2,69.0,11.1,0.8
2025-11-27,Jodhpur,Rajasthan,Northwest,26.2389,73.0243,28.0,65.9,20.1,7.7
2025-11-28,Jodhpur,Rajasthan,Northwest,26.2389,73.0243,27.4,72.3,15.5,4.8
2025-11-29,Jodhpur,Rajasthan,Northwest,26.2389,73.0243,26.3,68.7,11.3,0.7
2025-11-30,Jodhpur,Rajasthan,Northwest,26.2389,73.0243,28.5,78.0,5.9,2.4
2025-12-01,Jodhpur,Rajasthan,Northwest,26.2389,73.0243,27.8,68.4,6.6,0.6
2025-12-02,Jodhpur,Rajasthan,Northwest,26.2389,73.0243,26.9,62.6,6.2,1.4
2025-12-03,Jodhpur,Rajasthan,Northwest,26.2389,73.0243,27.2,69.3,14.7,1.7
2025-12-04,Jodhpur,Rajasthan,Northwest,26.2389,73.0243,28.5,63.6,13.9,0.6
2025-12-05,Jodhpur,Rajasthan,Northwest,26.2389,73.0243,27.0,56.1,8.0,3.9
2025-12-06,Jodhpur,Rajasthan,Northwest,26.2389,73.0243,28.4,60.7,13.7,4.7
2025-12-07,Jodhpur,Rajasthan,Northwest,26.2389,73.0243,26.7,63.9,1.0,5.2
2025-12-08,Jodhpur,Rajasthan,Northwest,26.2389,73.0243,24.9,84.9,19.0,0.2
2025-12-09,Jodhpur,Rajasthan,Northwest,26.2389,73.0243,29.4,65.3,17.1,0.2
2025-12-10,Jodhpur,Rajasthan,Northwest,26.2389,73.0243,27.1,74.4,13.1,4.2
2025-12-11,Jodhpur,Rajasthan,Northwest,26.2389,73.0243,26.7,73.8,10.3,0.9
2025-12-12,Jodhpur,Rajasthan,Northwest,26.2389,73.0243,31.0,75.9,15.0,1.4
2025-12-13,Jodhpur,Rajasthan,Northwest,26.2389,73.0243,27.7,67.3,12.0,1.4
2025-12-14,Jodhpur,Rajasthan,Northwest,26.2389,73.0243,28.3,58.7,14.2,3.1
2025-12-15,Jodhpur,Rajasthan,Northwest,26.2389,73.0243,29.4,60.6,15.4,4.0
2025-12-16,Jodhpur,Rajasthan,Northwest,26.2389,73.0243,28.1,67.1,12.4,2.1
2025-12-17,Jodhpur,Rajasthan,Northwest,26.2389,73.0243,30.1,62.7,12.3,2.7
2025-12-18,Jodhpur,Rajasthan,Northwest,26.2389,73.0243,32.3,67.0,1.0,0.4
2025-12-19,Jodhpur,Rajasthan,Northwest,26.2389,73.0243,30.6,61.8,10.0,0.4
2025-12-20,Jodhpur,Rajasthan,Northwest,26.2389,73.0243,29.5,57.0,7.7,3.2
2025-12-21,Jodhpur,Rajasthan,Northwest,26.2389,73.0243,29.1,62.2,15.0,0.7
2025-12-22,Jodhpur,Rajasthan,Northwest,26.2389,73.0243,27.6,67.6,17.9,0.4
2025-12-23,Jodhpur,Rajasthan,Northwest,26.2389,73.0243,24.9,79.1,7.6,0.8
2025-12-24,Jodhpur,Rajasthan,Northwest,26.2389,73.0243,29.6,68.7,15.7,0.2
2025-12-25,Jodhpur,Rajasthan,Northwest,26.2389,73.0243,27.8,64.4,13.0,0.2
2025-12-26,Jodhpur,Rajasthan,Northwest,26.2389,73.0243,28.0,79.0,11.0,0.7
2025-12-27,Jodhpur,Rajasthan,Northwest,26.2389,73.0243,30.1,47.1,12.2,0.8
2025-12-28,Jodhpur,Rajasthan,Northwest,26.2389,73.0243,30.8,70.4,15.7,1.0
2025-12-29,Jodhpur,Rajasthan,Northwest,26.2389,73.0243,27.2,64.0,20.0,10.2
2025-12-30,Jodhpur,Rajasthan,Northwest,26.2389,73.0243,28.7,73.5,9.2,0.0
2025-12-31,Jodhpur,Rajasthan,Northwest,26.2389,73.0243,26.6,69.7,25.6,1.5
2025-01-01,Delhi,Delhi,North,28.7041,77.1025,24.4,59.0,4.5,3.2
2025-01-02,Delhi,Delhi,North,28.7041,77.1025,23.4,80.8,15.5,3.8
2025-01-03,Delhi,Delhi,North,28.7041,77.1025,24.7,66.7,9.9,0.7
2025-01-04,Delhi,Delhi,North,28.7041,77.1025,28.4,64.9,9.4,0.9
2025-01-05,Delhi,Delhi,North,28.7041,77.1025,26.9,58.5,9.0,0.1
2025-01-06,Delhi,Delhi,North,28.7041,77.1025,26.9,65.8,14.3,0.8
2025-01-07,Delhi,Delhi,North,28.7041,77.1025,24.6,62.3,7.5,1.5
2025-01-08,Delhi,Delhi,North,28.7041,77.1025,26.4,54.6,14.9,0.1
2025-01-09,Delhi,Delhi,North,28.7041,77.1025,24.2,71.2,10.7,1.2
2025-01-10,Delhi,Delhi,North,28.7041,77.1025,28.3,75.3,12.4,0.6
2025-01-11,Delhi,Delhi,North,28.7041,77.1025,26.2,58.0,9.5,2.1
2025-01-12,Delhi,Delhi,North,28.7041,77.1025,22.6,78.3,11.5,1.6
2025-01-13,Delhi,Delhi,North,28.7041,77.1025,27.7,70.0,19.9,4.1
2025-01-14,Delhi,Delhi,North,28.7041,77.1025,26.9,52.0,6.0,2.9
2025-01-15,Delhi,Delhi,North,28.7041,77.1025,25.0,64.4,15.3,6.1
2025-01-16,Delhi,Delhi,North,28.7041,77.1025,27.8,64.2,9.6,1.1
2025-01-17,Delhi,Delhi,North,28.7041,77.1025,25.3,61.7,8.4,0.2
2025-01-18,Delhi,Delhi,North,28.7041,77.1025,31.5,71.8,14.7,2.9
2025-01-19,Delhi,Delhi,North,28.7041,77.1025,26.4,68.0,8.7,1.1
2025-01-20,Delhi,Delhi,North,28.7041,77.1025,25.9,71.4,4.5,1.8
2025-01-21,Delhi,Delhi,North,28.7041,77.1025,27.0,72.6,11.4,0.1
2025-01-22,Delhi,Delhi,North,28.7041,77.1025,26.6,67.2,13.8,1.1
2025-01-23,Delhi,Delhi,North,28.7041,77.1025,27.4,66.6,16.1,0.7
2025-01-24,Delhi,Delhi,North,28.7041,77.1025,27.9,66.5,11.0,4.6
2025-01-25,Delhi,Delhi,North,28.7041,77.1025,27.6,60.9,12.3,1.3
2025-01-26,Delhi,Delhi,North,28.7041,77.1025,27.4,70.2,22.1,0.8
2025-01-27,Delhi,Delhi,North,28.7041,77.1025,26.9,63.5,14.3,1.1
2025-01-28,Delhi,Delhi,North,28.7041,77.1025,30.0,65.1,10.3,2.4
2025-01-29,Delhi,Delhi,North,28.7041,77.1025,31.8,67.0,11.8,0.4
2025-01-30,Delhi,Delhi,North,28.7041,77.1025,26.3,64.8,7.5,4.8
2025-01-31,Delhi,Delhi,North,28.7041,77.1025,25.7,58.3,15.5,2.8
2025-02-01,Delhi,Delhi,North,28.7041,77.1025,28.8,61.4,16.4,2.8
2025-02-02,Delhi,Delhi,North,28.7041,77.1025,27.6,55.1,13.0,5.3
2025-02-03,Delhi,Delhi,North,28.7041,77.1025,24.0,57.6,7.7,0.7
2025-02-04,Delhi,Delhi,North,28.7041,77.1025,30.0,61.6,12.4,3.6
2025-02-05,Delhi,Delhi,North,28.7041,77.1025,29.2,51.3,12.5,1.5
2025-02-06,Delhi,Delhi,North,28.7041,77.1025,31.7,62.0,9.6,0.9
2025-02-07,Delhi,Delhi,North,28.7041,77.1025,26.7,59.2,14.2,2.8
2025-02-08,Delhi,Delhi,North,28.7041,77.1025,27.5,64.8,15.7,1.3
2025-02-09,Delhi,Delhi,North,28.7041,77.1025,29.5,61.9,12.7,3.5
2025-02-10,Delhi,Delhi,North,28.7041,77.1025,29.7,66.0,14.5,1.1
2025-02-11,Delhi,Delhi,North,28.7041,77.1025,29.1,45.0,18.6,1.7
2025-02-12,Delhi,Delhi,North,28.7041,77.1025,28.4,58.4,11.4,1.8
2025-02-13,Delhi,Delhi,North,28.7041,77.1025,31.5,63.4,7.9,0.2
2025-02-14,Delhi,Delhi,North,28.7041,77.1025,29.7,58.8,9.8,0.0
2025-02-15,Delhi,Delhi,North,28.7041,77.1025,29.0,60.8,13.3,1.9
2025-02-16,Delhi,Delhi,North,28.7041,77.1025,29.0,52.7,14.5,0.6
2025-02-17,Delhi,Delhi,North,28.7041,77.1025,30.2,55.1,18.6,0.7
2025-02-18,Delhi,Delhi,North,28.7041,77.1025,29.0,57.0,9.5,2.6
2025-02-19,Delhi,Delhi,North,28.7041,77.1025,31.8,58.5,11.3,3.3
2025-02-20,Delhi,Delhi,North,28.7041,77.1025,30.6,60.1,8.8,0.4
2025-02-21,Delhi,Delhi,North,28.7041,77.1025,33.3,49.5,11.2,8.0
2025-02-22,Delhi,Delhi,North,28.7041,77.1025,31.2,51.5,14.7,2.2
2025-02-23,Delhi,Delhi,North,28.7041,77.1025,35.0,57.3,8.0,0.7
2025-02-24,Delhi,Delhi,North,28.7041,77.1025,29.6,52.5,7.6,1.4
2025-02-25,Delhi,Delhi,North,28.7041,77.1025,32.6,58.1,14.7,1.0
2025-02-26,Delhi,Delhi,North,28.7041,77.1025,30.1,42.9,13.8,0.9
2025-02-27,Delhi,Delhi,North,28.7041,77.1025,29.6,58.2,14.4,1.9
2025-02-28,Delhi,Delhi,North,28.7041,77.1025,29.5,52.0,11.7,0.5
2025-03-01,Delhi,Delhi,North,28.7041,77.1025,34.6,52.4,10.3,3.0
2025-03-02,Delhi,Delhi,North,28.7041,77.1025,32.3,45.7,20.9,4.2
2025-03-03,Delhi,Delhi,North,28.7041,77.1025,29.7,53.9,16.3,0.0
2025-03-04,Delhi,Delhi,North,28.7041,77.1025,35.7,46.6,19.9,0.1
2025-03-05,Delhi,Delhi,North,28.7041,77.1025,33.8,47.9,14.0,2.4
2025-03-06,Delhi,Delhi,North,28.7041,77.1025,34.8,48.3,11.5,1.9
2025-03-07,Delhi,Delhi,North,28.7041,77.1025,31.7,58.1,9.5,1.3
2025-03-08,Delhi,Delhi,North,28.7041,77.1025,29.6,60.1,22.0,0.5
2025-03-09,Delhi,Delhi,North,28.7041,77.1025,32.1,50.0,19.1,0.0
2025-03-10,Delhi,Delhi,North,28.7041,77.1025,35.0,48.3,9.6,5.3
2025-03-11,Delhi,Delhi,North,28.7041,77.1025,34.3,58.3,12.0,1.2
2025-03-12,Delhi,Delhi,North,28.7041,77.1025,32.6,54.3,8.3,1.7
2025-03-13,Delhi,Delhi,North,28.7041,77.1025,35.8,58.9,9.9,0.0
2025-03-14,Delhi,Delhi,North,28.7041,77.1025,32.7,46.4,5.0,1.2
2025-03-15,Delhi,Delhi,North,28.7041,77.1025,31.9,50.7,9.1,1.9
2025-03-16,Delhi,Delhi,North,28.7041,77.1025,32.3,43.5,13.9,0.2
2025-03-17,Delhi,Delhi,North,28.7041,77.1025,36.5,49.1,13.3,1.5
2025-03-18,Delhi,Delhi,North,28.7041,77.1025,35.3,61.9,13.3,0.0
2025-03-19,Delhi,Delhi,North,28.7041,77.1025,35.5,50.1,1.0,0.0
2025-03-20,Delhi,Delhi,North,28.7041,77.1025,34.5,62.9,12.3,0.0
2025-03-21,Delhi,Delhi,North,28.7041,77.1025,36.7,49.2,8.5,0.0
2025-03-22,Delhi,Delhi,North,28.7041,77.1025,35.6,51.0,15.8,0.0
2025-03-23,Delhi,Delhi,North,28.7041,77.1025,35.2,57.7,11.7,0.0
2025-03-24,Delhi,Delhi,North,28.7041,77.1025,34.2,54.8,15.7,2.6
2025-03-25,Delhi,Delhi,North,28.7041,77.1025,35.5,50.4,9.3,0.0
2025-03-26,Delhi,Delhi,North,28.7041,77.1025,37.4,53.3,13.8,0.0
2025-03-27,Delhi,Delhi,North,28.7041,77.1025,32.2,51.5,10.8,0.0
2025-03-28,Delhi,Delhi,North,28.7041,77.1025,35.2,52.2,12.1,0.0
2025-03-29,Delhi,Delhi,North,28.7041,77.1025,33.8,50.6,18.5,0.0
2025-03-30,Delhi,Delhi,North,28.7041,77.1025,36.0,45.7,5.5,1.1
2025-03-31,Delhi,Delhi,North,28.7041,77.1025,37.0,46.4,4.6,0.0
2025-04-01,Delhi,Delhi,North,28.7041,77.1025,34.7,47.8,17.8,0.0
2025-04-02,Delhi,Delhi,North,28.7041,77.1025,33.1,47.0,12.6,0.0
2025-04-03,Delhi,Delhi,North,28.7041,77.1025,35.4,55.0,7.7,0.0
2025-04-04,Delhi,Delhi,North,28.7041,77.1025,36.9,46.1,10.8,0.0
2025-04-05,Delhi,Delhi,North,28.7041,77.1025,41.1,50.9,14.5,0.0
2025-04-06,Delhi,Delhi,North,28.7041,77.1025,38.6,43.8,2.0,0.0
2025-04-07,Delhi,Delhi,North,28.7041,77.1025,35.8,51.5,12.9,0.0
2025-04-08,Delhi,Delhi,North,28.7041,77.1025,36.5,62.6,11.6,0.0
2025-04-09,Delhi,Delhi,North,28.7041,77.1025,38.1,57.2,8.8,0.0
2025-04-10,Delhi,Delhi,North,28.7041,77.1025,38.2,57.8,4.9,0.0
2025-04-11,Delhi,Delhi,North,28.7041,77.1025,36.5,53.1,14.6,0.0
2025-04-12,Delhi,Delhi,North,28.7041,77.1025,36.0,47.5,11.2,0.0
2025-04-13,Delhi,Delhi,North,28.7041,77.1025,35.3,40.1,17.1,0.0
2025-04-14,Delhi,Delhi,North,28.7041,77.1025,35.4,42.6,14.8,0.0
2025-04-15,Delhi,Delhi,North,28.7041,77.1025,40.4,42.1,16.6,0.0
2025-04-16,Delhi,Delhi,North,28.7041,77.1025,37.9,35.9,23.6,0.0
2025-04-17,Delhi,Delhi,North,28.7041,77.1025,38.1,39.7,7.6,0.0
2025-04-18,Delhi,Delhi,North,28.7041,77.1025,38.8,53.5,15.4,0.0
2025-04-19,Delhi,Delhi,North,28.7041,77.1025,38.0,46.9,21.2,0.0
2025-04-20,Delhi,Delhi,North,28.7041,77.1025,35.5,51.9,12.9,0.0
2025-04-21,Delhi,Delhi,North,28.7041,77.1025,36.3,41.8,13.5,0.0
2025-04-22,Delhi,Delhi,North,28.7041,77.1025,39.6,52.1,13.4,0.0
2025-04-23,Delhi,Delhi,North,28.7041,77.1025,37.6,51.0,12.8,0.0
2025-04-24,Delhi,Delhi,North,28.7041,77.1025,39.1,53.2,21.9,0.0
2025-04-25,Delhi,Delhi,North,28.7041,77.1025,35.4,50.4,15.5,0.0
2025-04-26,Delhi,Delhi,North,28.7041,77.1025,39.1,46.4,3.1,0.0
2025-04-27,Delhi,Delhi,North,28.7041,77.1025,39.5,46.4,14.1,0.0
2025-04-28,Delhi,Delhi,North,28.7041,77.1025,38.4,27.5,7.4,0.0
2025-04-29,Delhi,Delhi,North,28.7041,77.1025,38.5,37.8,18.4,0.0
2025-04-30,Delhi,Delhi,North,28.7041,77.1025,37.7,45.6,14.3,0.0
2025-05-01,Delhi,Delhi,North,28.7041,77.1025,42.0,48.7,12.8,0.0
2025-05-02,Delhi,Delhi,North,28.7041,77.1025,39.7,36.1,5.2,0.0
2025-05-03,Delhi,Delhi,North,28.7041,77.1025,41.0,47.9,14.6,0.0
2025-05-04,Delhi,Delhi,North,28.7041,77.1025,39.3,50.2,15.3,0.0
2025-05-05,Delhi,Delhi,North,28.7041,77.1025,39.6,46.2,11.4,0.0
2025-05-06,Delhi,Delhi,North,28.7041,77.1025,38.5,33.9,13.0,0.0
2025-05-07,Delhi,Delhi,North,28.7041,77.1025,38.4,43.3,13.2,0.0
2025-05-08,Delhi,Delhi,North,28.7041,77.1025,35.9,40.1,10.4,0.0
2025-05-09,Delhi,Delhi,North,28.7041,77.1025,42.0,35.1,9.0,0.0
2025-05-10,Delhi,Delhi,North,28.7041,77.1025,42.2,33.4,20.4,0.0
2025-05-11,Delhi,Delhi,North,28.7041,77.1025,39.3,42.2,4.2,0.0
2025-05-12,Delhi,Delhi,North,28.7041,77.1025,39.0,47.0,15.1,1.6
2025-05-13,Delhi,Delhi,North,28.7041,77.1025,40.7,41.4,9.4,0.0
2025-05-14,Delhi,Delhi,North,28.7041,77.1025,41.9,44.6,11.1,0.0
2025-05-15,Delhi,Delhi,North,28.7041,77.1025,41.4,35.8,7.2,0.0
2025-05-16,Delhi,Delhi,North,28.7041,77.1025,40.7,54.6,4.9,0.0
2025-05-17,Delhi,Delhi,North,28.7041,77.1025,39.8,48.1,10.5,0.0
2025-05-18,Delhi,Delhi,North,28.7041,77.1025,42.6,40.2,7.1,0.0
2025-05-19,Delhi,Delhi,North,28.7041,77.1025,39.2,50.2,16.6,0.0
2025-05-20,Delhi,Delhi,North,28.7041,77.1025,39.5,37.3,7.2,0.0
2025-05-21,Delhi,Delhi,North,28.7041,77.1025,37.7,44.6,14.5,0.0
2025-05-22,Delhi,Delhi,North,28.7041,77.1025,39.3,41.0,20.1,0.0
2025-05-23,Delhi,Delhi,North,28.7041,77.1025,40.0,41.5,7.4,0.0
2025-05-24,Delhi,Delhi,North,28.7041,77.1025,36.7,45.2,11.4,0.0
2025-05-25,Delhi,Delhi,North,28.7041,77.1025,42.2,50.2,8.7,0.0
2025-05-26,Delhi,Delhi,North,28.7041,77.1025,37.9,38.6,16.6,0.0
2025-05-27,Delhi,Delhi,North,28.7041,77.1025,38.4,42.9,13.9,0.0
2025-05-28,Delhi,Delhi,North,28.7041,77.1025,41.4,45.2,12.6,0.0
2025-05-29,Delhi,Delhi,North,28.7041,77.1025,40.6,43.4,10.9,0.0
2025-05-30,Delhi,Delhi,North,28.7041,77.1025,40.1,53.6,15.5,1.3
2025-05-31,Delhi,Delhi,North,28.7041,77.1025,40.5,39.1,15.5,0.0
2025-06-01,Delhi,Delhi,North,28.7041,77.1025,37.5,40.6,10.1,0.0
2025-06-02,Delhi,Delhi,North,28.7041,77.1025,39.3,39.4,10.1,0.0
2025-06-03,Delhi,Delhi,North,28.7041,77.1025,41.7,52.1,5.7,0.0
2025-06-04,Delhi,Delhi,North,28.7041,77.1025,38.7,47.3,11.7,0.0
2025-06-05,Delhi,Delhi,North,28.7041,77.1025,39.5,48.8,17.1,0.0
2025-06-06,Delhi,Delhi,North,28.7041,77.1025,39.1,47.1,19.5,0.0
2025-06-07,Delhi,Delhi,North,28.7041,77.1025,38.6,38.7,11.6,0.0
2025-06-08,Delhi,Delhi,North,28.7041,77.1025,40.3,43.9,5.6,0.0
2025-06-09,Delhi,Delhi,North,28.7041,77.1025,36.7,51.5,10.9,0.0
2025-06-10,Delhi,Delhi,North,28.7041,77.1025,40.4,38.1,12.2,0.0
2025-06-11,Delhi,Delhi,North,28.7041,77.1025,37.4,42.5,16.2,0.0
2025-06-12,Delhi,Delhi,North,28.7041,77.1025,40.7,41.2,10.9,0.0
2025-06-13,Delhi,Delhi,North,28.7041,77.1025,37.6,42.4,18.2,0.0
2025-06-14,Delhi,Delhi,North,28.7041,77.1025,41.6,41.0,19.0,0.0
2025-06-15,Delhi,Delhi,North,28.7041,77.1025,40.5,41.6,14.7,0.0
2025-06-16,Delhi,Delhi,North,28.7041,77.1025,39.6,41.8,10.8,0.0
2025-06-17,Delhi,Delhi,North,28.7041,77.1025,40.7,48.7,5.8,0.0
2025-06-18,Delhi,Delhi,North,28.7041,77.1025,40.6,45.3,7.8,0.0
2025-06-19,Delhi,Delhi,North,28.7041,77.1025,40.8,39.5,10.2,0.0
2025-06-20,Delhi,Delhi,North,28.7041,77.1025,37.8,44.6,10.3,0.0
2025-06-21,Delhi,Delhi,North,28.7041,77.1025,38.2,50.9,13.6,0.0
2025-06-22,Delhi,Delhi,North,28.7041,77.1025,37.9,38.8,11.1,0.0
2025-06-23,Delhi,Delhi,North,28.7041,77.1025,40.0,39.4,4.2,0.0
2025-06-24,Delhi,Delhi,North,28.7041,77.1025,36.3,48.9,18.7,0.0
2025-06-25,Delhi,Delhi,North,28.7041,77.1025,40.0,43.8,10.9,0.0
2025-06-26,Delhi,Delhi,North,28.7041,77.1025,37.3,47.9,6.6,0.0
2025-06-27,Delhi,Delhi,North,28.7041,77.1025,38.7,46.8,9.0,0.0
2025-06-28,Delhi,Delhi,North,28.7041,77.1025,39.2,38.3,14.5,0.0
2025-06-29,Delhi,Delhi,North,28.7041,77.1025,39.0,47.3,17.4,0.0
2025-06-30,Delhi,Delhi,North,28.7041,77.1025,39.9,43.5,17.7,0.0
2025-07-01,Delhi,Delhi,North,28.7041,77.1025,42.3,41.1,4.6,0.0
2025-07-02,Delhi,Delhi,North,28.7041,77.1025,38.5,45.8,13.3,0.0
2025-07-03,Delhi,Delhi,North,28.7041,77.1025,39.8,33.9,14.5,0.0
2025-07-04,Delhi,Delhi,North,28.7041,77.1025,38.3,51.2,7.3,0.0
2025-07-05,Delhi,Delhi,North,28.7041,77.1025,38.0,43.0,15.6,0.0
2025-07-06,Delhi,Delhi,North,28.7041,77.1025,39.1,43.7,14.7,0.0
2025-07-07,Delhi,Delhi,North,28.7041,77.1025,35.8,46.0,12.9,0.0
2025-07-08,Delhi,Delhi,North,28.7041,77.1025,37.7,54.2,9.4,0.0
2025-07-09,Delhi,Delhi,North,28.7041,77.1025,40.8,42.1,18.4,1.6
2025-07-10,Delhi,Delhi,North,28.7041,77.1025,39.4,44.2,10.8,0.0
2025-07-11,Delhi,Delhi,North,28.7041,77.1025,40.7,55.5,10.7,0.0
2025-07-12,Delhi,Delhi,North,28.7041,77.1025,36.9,42.1,18.1,0.0
2025-07-13,Delhi,Delhi,North,28.7041,77.1025,37.2,39.2,15.9,0.0
2025-07-14,Delhi,Delhi,North,28.7041,77.1025,37.9,46.7,16.7,0.0
2025-07-15,Delhi,Delhi,North,28.7041,77.1025,40.7,51.3,8.9,0.0
2025-07-16,Delhi,Delhi,North,28.7041,77.1025,38.6,34.7,11.4,0.0
2025-07-17,Delhi,Delhi,North,28.7041,77.1025,35.6,53.6,10.9,0.0
2025-07-18,Delhi,Delhi,North,28.7041,77.1025,38.2,38.9,1.9,0.0
2025-07-19,Delhi,Delhi,North,28.7041,77.1025,37.7,42.4,11.4,0.0
2025-07-20,Delhi,Delhi,North,28.7041,77.1025,34.3,42.6,11.2,0.0
2025-07-21,Delhi,Delhi,North,28.7041,77.1025,38.4,58.3,13.1,0.0
2025-07-22,Delhi,Delhi,North,28.7041,77.1025,37.2,51.5,10.3,0.0
2025-07-23,Delhi,Delhi,North,28.7041,77.1025,39.0,39.1,11.6,0.0
2025-07-24,Delhi,Delhi,North,28.7041,77.1025,36.9,50.0,12.1,0.0
2025-07-25,Delhi,Delhi,North,28.7041,77.1025,39.2,43.6,15.9,0.0
2025-07-26,Delhi,Delhi,North,28.7041,77.1025,36.2,39.0,17.1,0.0
2025-07-27,Delhi,Delhi,North,28.7041,77.1025,36.5,46.4,11.8,0.0
2025-07-28,Delhi,Delhi,North,28.7041,77.1025,37.2,41.5,11.7,4.1
2025-07-29,Delhi,Delhi,North,28.7041,77.1025,35.8,47.4,8.4,0.0
2025-07-30,Delhi,Delhi,North,28.7041,77.1025,35.9,47.9,6.1,0.0
2025-07-31,Delhi,Delhi,North,28.7041,77.1025,38.2,42.6,14.7,0.0
2025-08-01,Delhi,Delhi,North,28.7041,77.1025,34.4,52.4,18.0,0.0
2025-08-02,Delhi,Delhi,North,28.7041,77.1025,37.2,51.4,16.7,0.0
2025-08-03,Delhi,Delhi,North,28.7041,77.1025,39.5,58.6,10.7,0.0
2025-08-04,Delhi,Delhi,North,28.7041,77.1025,33.6,58.1,9.8,0.0
2025-08-05,Delhi,Delhi,North,28.7041,77.1025,35.3,51.5,17.5,0.0
2025-08-06,Delhi,Delhi,North,28.7041,77.1025,34.7,46.0,12.3,0.0
2025-08-07,Delhi,Delhi,North,28.7041,77.1025,36.5,48.0,7.4,0.0
2025-08-08,Delhi,Delhi,North,28.7041,77.1025,37.5,47.5,8.1,0.0
2025-08-09,Delhi,Delhi,North,28.7041,77.1025,35.2,47.5,10.6,0.0
2025-08-10,Delhi,Delhi,North,28.7041,77.1025,36.7,42.2,17.8,0.0
2025-08-11,Delhi,Delhi,North,28.7041,77.1025,36.1,53.5,18.1,0.0
2025-08-12,Delhi,Delhi,North,28.7041,77.1025,35.4,52.2,16.8,0.0
2025-08-13,Delhi,Delhi,North,28.7041,77.1025,36.4,49.3,12.1,0.0
2025-08-14,Delhi,Delhi,North,28.7041,77.1025,36.0,56.4,14.1,0.0
2025-08-15,Delhi,Delhi,North,28.7041,77.1025,34.1,59.9,3.2,0.0
2025-08-16,Delhi,Delhi,North,28.7041,77.1025,31.5,52.3,14.6,4.0
2025-08-17,Delhi,Delhi,North,28.7041,77.1025,35.0,47.1,14.3,0.0
2025-08-18,Delhi,Delhi,North,28.7041,77.1025,35.6,58.8,12.8,1.6
2025-08-19,Delhi,Delhi,North,28.7041,77.1025,31.0,49.2,11.2,1.6
2025-08-20,Delhi,Delhi,North,28.7041,77.1025,35.5,47.0,12.0,1.2
2025-08-21,Delhi,Delhi,North,28.7041,77.1025,32.7,42.6,11.0,1.6
2025-08-22,Delhi,Delhi,North,28.7041,77.1025,32.4,55.5,8.1,3.7
2025-08-23,Delhi,Delhi,North,28.7041,77.1025,35.0,56.7,10.8,3.3
2025-08-24,Delhi,Delhi,North,28.7041,77.1025,32.2,58.8,17.5,1.1
2025-08-25,Delhi,Delhi,North,28.7041,77.1025,31.9,53.0,14.7,0.4
2025-08-26,Delhi,Delhi,North,28.7041,77.1025,34.7,52.1,14.8,0.0
2025-08-27,Delhi,Delhi,North,28.7041,77.1025,33.1,56.1,7.6,0.0
2025-08-28,Delhi,Delhi,North,28.7041,77.1025,32.6,47.4,18.3,3.1
2025-08-29,Delhi,Delhi,North,28.7041,77.1025,34.6,51.3,7.9,0.0
2025-08-30,Delhi,Delhi,North,28.7041,77.1025,31.4,59.5,11.1,0.3
2025-08-31,Delhi,Delhi,North,28.7041,77.1025,31.8,54.5,5.2,0.1
2025-09-01,Delhi,Delhi,North,28.7041,77.1025,32.6,42.3,11.2,1.1
2025-09-02,Delhi,Delhi,North,28.7041,77.1025,32.9,57.4,8.0,1.9
2025-09-03,Delhi,Delhi,North,28.7041,77.1025,28.9,53.4,21.3,1.0
2025-09-04,Delhi,Delhi,North,28.7041,77.1025,34.5,52.9,10.0,0.9
2025-09-05,Delhi,Delhi,North,28.7041,77.1025,30.9,54.5,11.8,3.4
2025-09-06,Delhi,Delhi,North,28.7041,77.1025,33.1,45.1,13.0,6.0
2025-09-07,Delhi,Delhi,North,28.7041,77.1025,32.7,61.0,10.3,13.2
2025-09-08,Delhi,Delhi,North,28.7041,77.1025,33.2,59.7,9.5,1.7
2025-09-09,Delhi,Delhi,North,28.7041,77.1025,33.0,59.8,15.6,0.0
2025-09-10,Delhi,Delhi,North,28.7041,77.1025,29.1,54.5,13.1,0.1
2025-09-11,Delhi,Delhi,North,28.7041,77.1025,30.2,52.9,7.9,1.9
2025-09-12,Delhi,Delhi,North,28.7041,77.1025,27.7,58.4,10.0,1.4
2025-09-13,Delhi,Delhi,North,28.7041,77.1025,29.2,53.4,11.8,2.6
2025-09-14,Delhi,Delhi,North,28.7041,77.1025,32.3,49.9,14.1,3.0
2025-09-15,Delhi,Delhi,North,28.7041,77.1025,27.0,57.1,13.0,0.8
2025-09-16,Delhi,Delhi,North,28.7041,77.1025,31.3,57.8,11.9,0.2
2025-09-17,Delhi,Delhi,North,28.7041,77.1025,27.8,52.7,10.3,2.0
2025-09-18,Delhi,Delhi,North,28.7041,77.1025,32.0,48.5,8.8,0.5
2025-09-19,Delhi,Delhi,North,28.7041,77.1025,32.5,54.4,11.3,2.4
2025-09-20,Delhi,Delhi,North,28.7041,77.1025,27.9,52.4,23.1,1.7
2025-09-21,Delhi,Delhi,North,28.7041,77.1025,28.8,51.5,10.5,2.7
2025-09-22,Delhi,Delhi,North,28.7041,77.1025,27.4,63.4,11.0,1.2
2025-09-23,Delhi,Delhi,North,28.7041,77.1025,25.5,64.7,17.9,2.1
2025-09-24,Delhi,Delhi,North,28.7041,77.1025,27.0,65.9,9.4,0.7
2025-09-25,Delhi,Delhi,North,28.7041,77.1025,25.4,60.4,8.0,3.9
2025-09-26,Delhi,Delhi,North,28.7041,77.1025,27.1,64.3,12.8,3.3
2025-09-27,Delhi,Delhi,North,28.7041,77.1025,23.9,71.9,12.4,0.2
2025-09-28,Delhi,Delhi,North,28.7041,77.1025,25.5,62.9,19.8,0.6
2025-09-29,Delhi,Delhi,North,28.7041,77.1025,26.4,59.0,10.3,0.5
2025-09-30,Delhi,Delhi,North,28.7041,77.1025,28.3,54.5,13.7,0.7
2025-10-01,Delhi,Delhi,North,28.7041,77.1025,29.5,71.4,14.0,2.6
2025-10-02,Delhi,Delhi,North,28.7041,77.1025,29.4,63.4,12.9,1.1
2025-10-03,Delhi,Delhi,North,28.7041,77.1025,29.6,68.0,14.0,0.0
2025-10-04,Delhi,Delhi,North,28.7041,77.1025,29.6,61.0,11.5,0.3
2025-10-05,Delhi,Delhi,North,28.7041,77.1025,24.8,54.6,10.5,0.9
2025-10-06,Delhi,Delhi,North,28.7041,77.1025,26.6,59.4,12.4,1.7
2025-10-07,Delhi,Delhi,North,28.7041,77.1025,24.4,66.3,8.9,0.7
2025-10-08,Delhi,Delhi,North,28.7041,77.1025,27.6,65.9,17.6,3.4
2025-10-09,Delhi,Delhi,North,28.7041,77.1025,26.5,56.6,6.9,5.5
2025-10-10,Delhi,Delhi,North,28.7041,77.1025,29.5,61.3,12.1,1.5
2025-10-11,Delhi,Delhi,North,28.7041,77.1025,26.9,63.9,8.5,3.0
2025-10-12,Delhi,Delhi,North,28.7041,77.1025,26.8,61.9,13.3,8.0
2025-10-13,Delhi,Delhi,North,28.7041,77.1025,28.0,59.6,15.9,7.3
2025-10-14,Delhi,Delhi,North,28.7041,77.1025,27.7,61.2,13.3,1.7
2025-10-15,Delhi,Delhi,North,28.7041,77.1025,27.3,63.8,7.9,0.9
2025-10-16,Delhi,Delhi,North,28.7041,77.1025,27.5,68.0,10.4,0.2
2025-10-17,Delhi,Delhi,North,28.7041,77.1025,26.8,63.9,11.3,2.0
2025-10-18,Delhi,Delhi,North,28.7041,77.1025,26.1,64.6,16.4,3.5
2025-10-19,Delhi,Delhi,North,28.7041,77.1025,23.4,75.4,7.8,3.9
2025-10-20,Delhi,Delhi,North,28.7041,77.1025,23.3,63.7,9.6,0.6
2025-10-21,Delhi,Delhi,North,28.7041,77.1025,26.5,67.4,4.9,1.0
2025-10-22,Delhi,Delhi,North,28.7041,77.1025,25.1,65.2,12.0,0.8
2025-10-23,Delhi,Delhi,North,28.7041,77.1025,23.8,62.2,11.3,4.5
2025-10-24,Delhi,Delhi,North,28.7041,77.1025,24.3,66.8,8.8,2.4
2025-10-25,Delhi,Delhi,North,28.7041,77.1025,28.7,69.3,14.8,1.3
2025-10-26,Delhi,Delhi,North,28.7041,77.1025,25.1,64.6,12.7,0.5
2025-10-27,Delhi,Delhi,North,28.7041,77.1025,26.7,66.9,13.4,0.5
2025-10-28,Delhi,Delhi,North,28.7041,77.1025,26.6,62.7,5.7,2.3
2025-10-29,Delhi,Delhi,North,28.7041,77.1025,24.9,60.5,12.5,0.4
2025-10-30,Delhi,Delhi,North,28.7041,77.1025,23.0,62.7,10.4,0.2
2025-10-31,Delhi,Delhi,North,28.7041,77.1025,27.5,60.0,11.9,0.3
2025-11-01,Delhi,Delhi,North,28.7041,77.1025,26.0,63.0,7.1,1.6
2025-11-02,Delhi,Delhi,North,28.7041,77.1025,23.4,70.9,14.1,3.7
2025-11-03,Delhi,Delhi,North,28.7041,77.1025,25.4,66.3,15.5,6.9
2025-11-04,Delhi,Delhi,North,28.7041,77.1025,24.9,63.0,15.4,0.4
2025-11-05,Delhi,Delhi,North,28.7041,77.1025,21.2,78.0,15.5,0.2
2025-11-06,Delhi,Delhi,North,28.7041,77.1025,23.2,60.0,5.7,1.9
2025-11-07,Delhi,Delhi,North,28.7041,77.1025,24.9,65.4,15.3,1.3
2025-11-08,Delhi,Delhi,North,28.7041,77.1025,24.4,61.9,10.3,0.0
2025-11-09,Delhi,Delhi,North,28.7041,77.1025,22.8,66.6,17.7,0.6
2025-11-10,Delhi,Delhi,North,28.7041,77.1025,21.4,69.4,9.5,5.9
2025-11-11,Delhi,Delhi,North,28.7041,77.1025,23.8,70.8,11.3,2.1
2025-11-12,Delhi,Delhi,North,28.7041,77.1025,25.2,65.6,11.2,3.0
2025-11-13,Delhi,Delhi,North,28.7041,77.1025,25.8,66.8,16.2,1.2
2025-11-14,Delhi,Delhi,North,28.7041,77.1025,24.0,71.0,10.7,3.8
2025-11-15,Delhi,Delhi,North,28.7041,77.1025,25.3,59.1,17.7,3.9
2025-11-16,Delhi,Delhi,North,28.7041,77.1025,20.9,66.3,13.7,0.1
2025-11-17,Delhi,Delhi,North,28.7041,77.1025,25.0,76.1,4.6,1.4
2025-11-18,Delhi,Delhi,North,28.7041,77.1025,23.3,73.9,9.0,1.6
2025-11-19,Delhi,Delhi,North,28.7041,77.1025,24.4,73.0,14.3,1.6
2025-11-20,Delhi,Delhi,North,28.7041,77.1025,23.4,69.9,7.0,0.9
2025-11-21,Delhi,Delhi,North,28.7041,77.1025,23.8,74.0,10.1,1.0
2025-11-22,Delhi,Delhi,North,28.7041,77.1025,24.6,63.9,8.9,0.8
2025-11-23,Delhi,Delhi,North,28.7041,77.1025,26.3,71.3,12.3,3.3
2025-11-24,Delhi,Delhi,North,28.7041,77.1025,27.1,60.8,11.3,1.7
2025-11-25,Delhi,Delhi,North,28.7041,77.1025,27.4,72.9,11.5,0.8
2025-11-26,Delhi,Delhi,North,28.7041,77.1025,25.3,64.5,4.1,1.1
2025-11-27,Delhi,Delhi,North,28.7041,77.1025,25.8,65.5,12.8,0.0
2025-11-28,Delhi,Delhi,North,28.7041,77.1025,21.6,69.7,17.9,2.0
2025-11-29,Delhi,Delhi,North,28.7041,77.1025,23.6,64.6,16.1,1.9
2025-11-30,Delhi,Delhi,North,28.7041,77.1025,27.6,56.7,13.5,0.6
2025-12-01,Delhi,Delhi,North,28.7041,77.1025,21.9,69.7,12.7,2.7
2025-12-02,Delhi,Delhi,North,28.7041,77.1025,23.7,61.0,18.9,0.6
2025-12-03,Delhi,Delhi,North,28.7041,77.1025,25.5,64.2,8.8,1.1
2025-12-04,Delhi,Delhi,North,28.7041,77.1025,25.8,66.9,11.9,2.6
2025-12-05,Delhi,Delhi,North,28.7041,77.1025,25.4,63.6,17.6,3.1
2025-12-06,Delhi,Delhi,North,28.7041,77.1025,23.8,62.7,16.9,1.2
2025-12-07,Delhi,Delhi,North,28.7041,77.1025,24.7,67.4,14.2,0.6
2025-12-08,Delhi,Delhi,North,28.7041,77.1025,23.7,80.6,9.1,0.6
2025-12-09,Delhi,Delhi,North,28.7041,77.1025,23.0,64.9,10.7,2.9
2025-12-10,Delhi,Delhi,North,28.7041,77.1025,22.7,61.7,12.9,3.8
2025-12-11,Delhi,Delhi,North,28.7041,77.1025,25.0,67.4,8.1,1.3
2025-12-12,Delhi,Delhi,North,28.7041,77.1025,25.1,65.6,12.3,0.0
2025-12-13,Delhi,Delhi,North,28.7041,77.1025,23.5,63.4,10.0,0.3
2025-12-14,Delhi,Delhi,North,28.7041,77.1025,19.3,72.3,18.7,0.7
2025-12-15,Delhi,Delhi,North,28.7041,77.1025,22.3,64.6,17.9,1.6
2025-12-16,Delhi,Delhi,North,28.7041,77.1025,21.7,62.4,7.2,1.9
2025-12-17,Delhi,Delhi,North,28.7041,77.1025,25.0,70.0,3.8,0.9
2025-12-18,Delhi,Delhi,North,28.7041,77.1025,25.8,65.5,12.3,1.9
2025-12-19,Delhi,Delhi,North,28.7041,77.1025,22.6,66.2,14.3,1.6
2025-12-20,Delhi,Delhi,North,28.7041,77.1025,23.9,62.0,11.4,2.5
2025-12-21,Delhi,Delhi,North,28.7041,77.1025,26.0,75.4,1.0,1.8
2025-12-22,Delhi,Delhi,North,28.7041,77.1025,25.3,56.1,15.2,1.2
2025-12-23,Delhi,Delhi,North,28.7041,77.1025,23.8,68.6,16.1,0.8
2025-12-24,Delhi,Delhi,North,28.7041,77.1025,22.5,63.8,13.2,2.9
2025-12-25,Delhi,Delhi,North,28.7041,77.1025,25.0,71.3,7.1,1.9
2025-12-26,Delhi,Delhi,North,28.7041,77.1025,23.5,67.4,12.0,8.2
2025-12-27,Delhi,Delhi,North,28.7041,77.1025,23.2,78.0,20.0,0.2
2025-12-28,Delhi,Delhi,North,28.7041,77.1025,24.7,62.4,11.1,0.2
2025-12-29,Delhi,Delhi,North,28.7041,77.1025,24.8,57.2,11.7,0.8
2025-12-30,Delhi,Delhi,North,28.7041,77.1025,27.7,66.1,8.7,0.6
2025-12-31,Delhi,Delhi,North,28.7041,77.1025,25.5,65.8,11.1,1.3
2025-01-01,Lucknow,Uttar Pradesh,North,26.8467,80.9462,24.6,63.5,14.8,9.7
2025-01-02,Lucknow,Uttar Pradesh,North,26.8467,80.9462,27.2,69.3,12.8,3.2
2025-01-03,Lucknow,Uttar Pradesh,North,26.8467,80.9462,28.0,55.1,15.4,1.6
2025-01-04,Lucknow,Uttar Pradesh,North,26.8467,80.9462,27.7,65.8,11.8,2.9
2025-01-05,Lucknow,Uttar Pradesh,North,26.8467,80.9462,25.9,66.0,10.9,0.9
2025-01-06,Lucknow,Uttar Pradesh,North,26.8467,80.9462,25.3,62.4,8.3,5.2
2025-01-07,Lucknow,Uttar Pradesh,North,26.8467,80.9462,26.1,58.6,16.9,1.0
2025-01-08,Lucknow,Uttar Pradesh,North,26.8467,80.9462,26.8,73.4,7.9,1.3
2025-01-09,Lucknow,Uttar Pradesh,North,26.8467,80.9462,28.6,54.4,9.4,2.9
2025-01-10,Lucknow,Uttar Pradesh,North,26.8467,80.9462,24.4,70.2,4.5,8.9
2025-01-11,Lucknow,Uttar Pradesh,North,26.8467,80.9462,23.2,54.1,11.2,4.4
2025-01-12,Lucknow,Uttar Pradesh,North,26.8467,80.9462,30.6,62.6,11.1,5.8
2025-01-13,Lucknow,Uttar Pradesh,North,26.8467,80.9462,24.7,53.3,16.0,2.0
2025-01-14,Lucknow,Uttar Pradesh,North,26.8467,80.9462,25.8,66.4,14.3,0.4
2025-01-15,Lucknow,Uttar Pradesh,North,26.8467,80.9462,26.3,68.2,17.9,2.3
2025-01-16,Lucknow,Uttar Pradesh,North,26.8467,80.9462,24.0,56.9,7.8,1.1
2025-01-17,Lucknow,Uttar Pradesh,North,26.8467,80.9462,27.7,62.9,13.8,7.0
2025-01-18,Lucknow,Uttar Pradesh,North,26.8467,80.9462,27.1,56.7,14.4,3.1
2025-01-19,Lucknow,Uttar Pradesh,North,26.8467,80.9462,25.6,65.7,7.1,8.5
2025-01-20,Lucknow,Uttar Pradesh,North,26.8467,80.9462,25.5,61.0,12.0,3.2
2025-01-21,Lucknow,Uttar Pradesh,North,26.8467,80.9462,24.4,65.2,8.3,0.8
2025-01-22,Lucknow,Uttar Pradesh,North,26.8467,80.9462,29.3,55.0,17.4,0.3
2025-01-23,Lucknow,Uttar Pradesh,North,26.8467,80.9462,26.9,65.6,7.6,3.9
2025-01-24,Lucknow,Uttar Pradesh,North,26.8467,80.9462,25.8,55.1,6.2,3.3
2025-01-25,Lucknow,Uttar Pradesh,North,26.8467,80.9462,27.7,58.8,13.6,1.2
2025-01-26,Lucknow,Uttar Pradesh,North,26.8467,80.9462,26.2,68.7,10.1,1.9
2025-01-27,Lucknow,Uttar Pradesh,North,26.8467,80.9462,27.8,63.3,10.8,0.9
2025-01-28,Lucknow,Uttar Pradesh,North,26.8467,80.9462,29.1,58.5,11.5,0.9
2025-01-29,Lucknow,Uttar Pradesh,North,26.8467,80.9462,26.8,64.2,11.0,2.8
2025-01-30,Lucknow,Uttar Pradesh,North,26.8467,80.9462,28.2,59.3,15.7,0.8
2025-01-31,Lucknow,Uttar Pradesh,North,26.8467,80.9462,28.2,61.1,23.1,1.3
2025-02-01,Lucknow,Uttar Pradesh,North,26.8467,80.9462,25.6,59.5,10.8,6.4
2025-02-02,Lucknow,Uttar Pradesh,North,26.8467,80.9462,31.1,65.8,7.5,5.7
2025-02-03,Lucknow,Uttar Pradesh,North,26.8467,80.9462,29.9,62.6,10.2,1.8
2025-02-04,Lucknow,Uttar Pradesh,North,26.8467,80.9462,30.5,60.9,7.2,0.5
2025-02-05,Lucknow,Uttar Pradesh,North,26.8467,80.9462,29.0,70.1,5.7,13.3
2025-02-06,Lucknow,Uttar Pradesh,North,26.8467,80.9462,27.7,58.2,13.4,7.2
2025-02-07,Lucknow,Uttar Pradesh,North,26.8467,80.9462,29.2,53.9,9.6,7.6
2025-02-08,Lucknow,Uttar Pradesh,North,26.8467,80.9462,31.3,52.6,11.1,1.3
2025-02-09,Lucknow,Uttar Pradesh,North,26.8467,80.9462,30.9,62.3,21.2,0.6
2025-02-10,Lucknow,Uttar Pradesh,North,26.8467,80.9462,27.5,49.5,13.6,6.2
2025-02-11,Lucknow,Uttar Pradesh,North,26.8467,80.9462,25.7,57.6,9.7,3.6
2025-02-12,Lucknow,Uttar Pradesh,North,26.8467,80.9462,28.3,63.2,12.8,0.5
2025-02-13,Lucknow,Uttar Pradesh,North,26.8467,80.9462,29.9,58.5,7.6,4.2
2025-02-14,Lucknow,Uttar Pradesh,North,26.8467,80.9462,31.8,54.8,15.6,0.3
2025-02-15,Lucknow,Uttar Pradesh,North,26.8467,80.9462,29.6,48.9,5.2,0.4
2025-02-16,Lucknow,Uttar Pradesh,North,26.8467,80.9462,29.0,53.5,15.9,0.6
2025-02-17,Lucknow,Uttar Pradesh,North,26.8467,80.9462,29.4,55.5,20.7,2.4
2025-02-18,Lucknow,Uttar Pradesh,North,26.8467,80.9462,32.3,50.5,16.1,0.8
2025-02-19,Lucknow,Uttar Pradesh,North,26.8467,80.9462,28.5,65.3,9.8,0.6
2025-02-20,Lucknow,Uttar Pradesh,North,26.8467,80.9462,28.4,54.7,14.0,0.1
2025-02-21,Lucknow,Uttar Pradesh,North,26.8467,80.9462,29.3,61.0,9.4,0.5
2025-02-22,Lucknow,Uttar Pradesh,North,26.8467,80.9462,30.6,60.2,14.3,0.5
2025-02-23,Lucknow,Uttar Pradesh,North,26.8467,80.9462,29.5,54.1,14.2,2.9
2025-02-24,Lucknow,Uttar Pradesh,North,26.8467,80.9462,34.9,58.6,13.8,0.0
2025-02-25,Lucknow,Uttar Pradesh,North,26.8467,80.9462,32.3,49.6,12.5,2.2
2025-02-26,Lucknow,Uttar Pradesh,North,26.8467,80.9462,31.4,53.4,15.3,9.1
2025-02-27,Lucknow,Uttar Pradesh,North,26.8467,80.9462,31.7,48.3,10.7,1.3
2025-02-28,Lucknow,Uttar Pradesh,North,26.8467,80.9462,34.2,55.2,13.0,1.9
2025-03-01,Lucknow,Uttar Pradesh,North,26.8467,80.9462,29.9,65.5,12.2,0.0
2025-03-02,Lucknow,Uttar Pradesh,North,26.8467,80.9462,31.6,51.9,9.9,2.1
2025-03-03,Lucknow,Uttar Pradesh,North,26.8467,80.9462,31.9,52.8,13.0,2.0
2025-03-04,Lucknow,Uttar Pradesh,North,26.8467,80.9462,30.3,48.8,15.5,0.0
2025-03-05,Lucknow,Uttar Pradesh,North,26.8467,80.9462,32.2,49.7,10.2,1.4
2025-03-06,Lucknow,Uttar Pradesh,North,26.8467,80.9462,32.1,60.8,17.5,3.4
2025-03-07,Lucknow,Uttar Pradesh,North,26.8467,80.9462,30.7,53.7,15.9,1.2
2025-03-08,Lucknow,Uttar Pradesh,North,26.8467,80.9462,30.6,65.5,13.3,1.2
2025-03-09,Lucknow,Uttar Pradesh,North,26.8467,80.9462,33.4,59.4,9.1,1.3
2025-03-10,Lucknow,Uttar Pradesh,North,26.8467,80.9462,34.5,52.0,15.3,1.9
2025-03-11,Lucknow,Uttar Pradesh,North,26.8467,80.9462,32.9,53.7,7.9,5.6
2025-03-12,Lucknow,Uttar Pradesh,North,26.8467,80.9462,33.8,52.6,12.2,0.0
2025-03-13,Lucknow,Uttar Pradesh,North,26.8467,80.9462,30.4,59.0,12.2,0.0
2025-03-14,Lucknow,Uttar Pradesh,North,26.8467,80.9462,32.7,53.5,13.1,1.8
2025-03-15,Lucknow,Uttar Pradesh,North,26.8467,80.9462,32.5,47.3,14.6,4.1
2025-03-16,Lucknow,Uttar Pradesh,North,26.8467,80.9462,32.6,55.9,13.4,0.1
2025-03-17,Lucknow,Uttar Pradesh,North,26.8467,80.9462,31.8,40.5,9.7,0.0
2025-03-18,Lucknow,Uttar Pradesh,North,26.8467,80.9462,37.4,41.5,13.8,0.0
2025-03-19,Lucknow,Uttar Pradesh,North,26.8467,80.9462,30.1,47.9,11.2,0.0
2025-03-20,Lucknow,Uttar Pradesh,North,26.8467,80.9462,36.8,49.4,14.2,0.0
2025-03-21,Lucknow,Uttar Pradesh,North,26.8467,80.9462,33.0,45.4,13.0,0.0
2025-03-22,Lucknow,Uttar Pradesh,North,26.8467,80.9462,36.0,59.2,15.1,1.2
2025-03-23,Lucknow,Uttar Pradesh,North,26.8467,80.9462,32.9,46.0,14.8,0.0
2025-03-24,Lucknow,Uttar Pradesh,North,26.8467,80.9462,34.5,50.1,18.9,0.0
2025-03-25,Lucknow,Uttar Pradesh,North,26.8467,80.9462,35.2,46.0,8.3,0.0
2025-03-26,Lucknow,Uttar Pradesh,North,26.8467,80.9462,36.5,48.0,17.1,0.0
2025-03-27,Lucknow,Uttar Pradesh,North,26.8467,80.9462,38.4,44.6,7.9,0.0
2025-03-28,Lucknow,Uttar Pradesh,North,26.8467,80.9462,32.3,53.7,8.1,1.5
2025-03-29,Lucknow,Uttar Pradesh,North,26.8467,80.9462,33.4,47.3,10.5,0.0
2025-03-30,Lucknow,Uttar Pradesh,North,26.8467,80.9462,32.5,54.1,8.5,0.0
2025-03-31,Lucknow,Uttar Pradesh,North,26.8467,80.9462,38.4,50.4,14.6,0.0
2025-04-01,Lucknow,Uttar Pradesh,North,26.8467,80.9462,33.3,44.9,20.0,0.0
2025-04-02,Lucknow,Uttar Pradesh,North,26.8467,80.9462,37.0,52.8,9.3,0.0
2025-04-03,Lucknow,Uttar Pradesh,North,26.8467,80.9462,35.6,49.8,8.6,0.0
2025-04-04,Lucknow,Uttar Pradesh,North,26.8467,80.9462,38.5,43.9,16.0,0.0
2025-04-05,Lucknow,Uttar Pradesh,North,26.8467,80.9462,35.0,53.3,8.3,0.0
2025-04-06,Lucknow,Uttar Pradesh,North,26.8467,80.9462,34.2,45.4,15.3,0.0
2025-04-07,Lucknow,Uttar Pradesh,North,26.8467,80.9462,36.7,51.2,8.2,0.0
2025-04-08,Lucknow,Uttar Pradesh,North,26.8467,80.9462,39.5,51.5,17.4,0.0
2025-04-09,Lucknow,Uttar Pradesh,North,26.8467,80.9462,37.0,41.4,13.4,0.0
2025-04-10,Lucknow,Uttar Pradesh,North,26.8467,80.9462,33.9,47.0,15.3,0.0
2025-04-11,Lucknow,Uttar Pradesh,North,26.8467,80.9462,38.8,46.5,12.7,0.0
2025-04-12,Lucknow,Uttar Pradesh,North,26.8467,80.9462,33.6,44.2,10.8,0.0
2025-04-13,Lucknow,Uttar Pradesh,North,26.8467,80.9462,36.7,40.9,12.6,0.0
2025-04-14,Lucknow,Uttar Pradesh,North,26.8467,80.9462,37.6,45.6,11.0,0.0
2025-04-15,Lucknow,Uttar Pradesh,North,26.8467,80.9462,37.7,48.4,14.3,0.0
2025-04-16,Lucknow,Uttar Pradesh,North,26.8467,80.9462,38.4,49.2,4.9,0.0
2025-04-17,Lucknow,Uttar Pradesh,North,26.8467,80.9462,38.8,53.0,6.1,0.0
2025-04-18,Lucknow,Uttar Pradesh,North,26.8467,80.9462,37.4,36.2,13.9,0.0
2025-04-19,Lucknow,Uttar Pradesh,North,26.8467,80.9462,35.3,51.0,16.8,0.0
2025-04-20,Lucknow,Uttar Pradesh,North,26.8467,80.9462,35.5,45.7,10.9,0.0
2025-04-21,Lucknow,Uttar Pradesh,North,26.8467,80.9462,38.8,41.7,14.2,0.0
2025-04-22,Lucknow,Uttar Pradesh,North,26.8467,80.9462,39.9,48.5,15.7,0.0
2025-04-23,Lucknow,Uttar Pradesh,North,26.8467,80.9462,37.7,40.3,10.2,0.0
2025-04-24,Lucknow,Uttar Pradesh,North,26.8467,80.9462,41.7,37.7,13.1,0.0
2025-04-25,Lucknow,Uttar Pradesh,North,26.8467,80.9462,41.2,44.4,13.5,0.0
2025-04-26,Lucknow,Uttar Pradesh,North,26.8467,80.9462,39.9,54.3,10.2,0.0
2025-04-27,Lucknow,Uttar Pradesh,North,26.8467,80.9462,36.5,37.7,10.8,0.0
2025-04-28,Lucknow,Uttar Pradesh,North,26.8467,80.9462,38.4,54.6,14.7,0.0
2025-04-29,Lucknow,Uttar Pradesh,North,26.8467,80.9462,39.3,46.6,5.5,0.0
2025-04-30,Lucknow,Uttar Pradesh,North,26.8467,80.9462,35.0,40.8,8.6,0.0
2025-05-01,Lucknow,Uttar Pradesh,North,26.8467,80.9462,37.9,44.1,14.2,0.0
2025-05-02,Lucknow,Uttar Pradesh,North,26.8467,80.9462,38.8,52.5,9.2,0.0
2025-05-03,Lucknow,Uttar Pradesh,North,26.8467,80.9462,42.4,45.4,10.7,0.0
2025-05-04,Lucknow,Uttar Pradesh,North,26.8467,80.9462,39.9,47.0,9.0,0.0
2025-05-05,Lucknow,Uttar Pradesh,North,26.8467,80.9462,37.1,34.8,14.9,0.0
2025-05-06,Lucknow,Uttar Pradesh,North,26.8467,80.9462,38.7,43.4,13.9,0.0
2025-05-07,Lucknow,Uttar Pradesh,North,26.8467,80.9462,34.4,37.3,12.7,0.0
2025-05-08,Lucknow,Uttar Pradesh,North,26.8467,80.9462,37.8,42.4,7.8,0.0
2025-05-09,Lucknow,Uttar Pradesh,North,26.8467,80.9462,38.5,33.8,9.2,0.0
2025-05-10,Lucknow,Uttar Pradesh,North,26.8467,80.9462,39.1,48.4,9.5,0.0
2025-05-11,Lucknow,Uttar Pradesh,North,26.8467,80.9462,38.0,35.3,21.0,0.0
2025-05-12,Lucknow,Uttar Pradesh,North,26.8467,80.9462,36.4,41.4,12.1,0.0
2025-05-13,Lucknow,Uttar Pradesh,North,26.8467,80.9462,38.0,49.6,11.1,0.0
2025-05-14,Lucknow,Uttar Pradesh,North,26.8467,80.9462,37.6,39.9,14.0,0.0
2025-05-15,Lucknow,Uttar Pradesh,North,26.8467,80.9462,41.8,39.6,7.5,0.0
2025-05-16,Lucknow,Uttar Pradesh,North,26.8467,80.9462,35.2,46.5,18.1,0.0
2025-05-17,Lucknow,Uttar Pradesh,North,26.8467,80.9462,39.9,45.4,7.1,0.0
2025-05-18,Lucknow,Uttar Pradesh,North,26.8467,80.9462,40.9,45.5,9.4,0.0
2025-05-19,Lucknow,Uttar Pradesh,North,26.8467,80.9462,39.4,55.3,7.8,0.0
2025-05-20,Lucknow,Uttar Pradesh,North,26.8467,80.9462,37.3,44.6,14.9,0.0
2025-05-21,Lucknow,Uttar Pradesh,North,26.8467,80.9462,41.0,37.1,11.9,0.0
2025-05-22,Lucknow,Uttar Pradesh,North,26.8467,80.9462,37.6,36.7,12.9,0.0
2025-05-23,Lucknow,Uttar Pradesh,North,26.8467,80.9462,43.7,42.8,12.8,0.0
2025-05-24,Lucknow,Uttar Pradesh,North,26.8467,80.9462,41.9,43.0,10.7,0.0
2025-05-25,Lucknow,Uttar Pradesh,North,26.8467,80.9462,41.0,51.8,19.5,0.0
2025-05-26,Lucknow,Uttar Pradesh,North,26.8467,80.9462,40.5,44.4,14.0,3.2
2025-05-27,Lucknow,Uttar Pradesh,North,26.8467,80.9462,40.1,28.4,12.0,0.0
2025-05-28,Lucknow,Uttar Pradesh,North,26.8467,80.9462,40.0,38.9,10.8,0.0
2025-05-29,Lucknow,Uttar Pradesh,North,26.8467,80.9462,40.7,42.4,14.7,0.0
2025-05-30,Lucknow,Uttar Pradesh,North,26.8467,80.9462,41.6,26.6,16.7,0.0
2025-05-31,Lucknow,Uttar Pradesh,North,26.8467,80.9462,40.9,43.9,17.3,0.0
2025-06-01,Lucknow,Uttar Pradesh,North,26.8467,80.9462,42.3,48.5,9.3,0.0
2025-06-02,Lucknow,Uttar Pradesh,North,26.8467,80.9462,40.2,37.0,8.1,0.0
2025-06-03,Lucknow,Uttar Pradesh,North,26.8467,80.9462,38.4,36.4,6.0,0.0
2025-06-04,Lucknow,Uttar Pradesh,North,26.8467,80.9462,40.3,42.3,8.7,0.0
2025-06-05,Lucknow,Uttar Pradesh,North,26.8467,80.9462,37.3,48.1,18.7,0.0
2025-06-06,Lucknow,Uttar Pradesh,North,26.8467,80.9462,38.8,41.2,15.0,4.7
2025-06-07,Lucknow,Uttar Pradesh,North,26.8467,80.9462,39.1,46.2,18.5,0.0
2025-06-08,Lucknow,Uttar Pradesh,North,26.8467,80.9462,39.0,43.2,5.6,0.0
2025-06-09,Lucknow,Uttar Pradesh,North,26.8467,80.9462,38.9,49.1,14.1,0.0
2025-06-10,Lucknow,Uttar Pradesh,North,26.8467,80.9462,38.5,37.7,12.1,0.0
2025-06-11,Lucknow,Uttar Pradesh,North,26.8467,80.9462,41.1,41.6,10.3,0.0
2025-06-12,Lucknow,Uttar Pradesh,North,26.8467,80.9462,39.8,38.4,12.1,0.0
2025-06-13,Lucknow,Uttar Pradesh,North,26.8467,80.9462,40.9,42.3,15.1,0.0
2025-06-14,Lucknow,Uttar Pradesh,North,26.8467,80.9462,40.5,44.9,6.9,0.0
2025-06-15,Lucknow,Uttar Pradesh,North,26.8467,80.9462,38.4,46.8,12.5,0.0
2025-06-16,Lucknow,Uttar Pradesh,North,26.8467,80.9462,40.4,29.4,16.4,0.0
2025-06-17,Lucknow,Uttar Pradesh,North,26.8467,80.9462,41.6,44.8,12.5,0.0
2025-06-18,Lucknow,Uttar Pradesh,North,26.8467,80.9462,40.2,40.2,9.9,0.0
2025-06-19,Lucknow,Uttar Pradesh,North,26.8467,80.9462,37.8,35.2,8.5,0.0
2025-06-20,Lucknow,Uttar Pradesh,North,26.8467,80.9462,39.3,46.2,20.0,0.0
2025-06-21,Lucknow,Uttar Pradesh,North,26.8467,80.9462,41.5,46.4,19.6,0.0
2025-06-22,Lucknow,Uttar Pradesh,North,26.8467,80.9462,37.7,42.2,16.7,0.0
2025-06-23,Lucknow,Uttar Pradesh,North,26.8467,80.9462,39.9,36.2,12.1,0.0
2025-06-24,Lucknow,Uttar Pradesh,North,26.8467,80.9462,40.1,40.7,12.4,0.0
2025-06-25,Lucknow,Uttar Pradesh,North,26.8467,80.9462,38.3,48.9,9.4,0.0
2025-06-26,Lucknow,Uttar Pradesh,North,26.8467,80.9462,40.9,43.7,12.9,0.0
2025-06-27,Lucknow,Uttar Pradesh,North,26.8467,80.9462,41.3,56.5,13.0,0.0
2025-06-28,Lucknow,Uttar Pradesh,North,26.8467,80.9462,40.2,42.8,13.1,0.0
2025-06-29,Lucknow,Uttar Pradesh,North,26.8467,80.9462,39.4,47.3,14.1,0.0
2025-06-30,Lucknow,Uttar Pradesh,North,26.8467,80.9462,41.0,44.2,12.3,0.0
2025-07-01,Lucknow,Uttar Pradesh,North,26.8467,80.9462,42.4,43.6,12.8,0.0
2025-07-02,Lucknow,Uttar Pradesh,North,26.8467,80.9462,38.8,37.1,10.4,0.0
2025-07-03,Lucknow,Uttar Pradesh,North,26.8467,80.9462,38.0,32.7,9.4,0.0
2025-07-04,Lucknow,Uttar Pradesh,North,26.8467,80.9462,37.0,49.3,15.8,0.0
2025-07-05,Lucknow,Uttar Pradesh,North,26.8467,80.9462,40.1,43.7,12.6,0.0
2025-07-06,Lucknow,Uttar Pradesh,North,26.8467,80.9462,35.9,57.0,5.8,0.0
2025-07-07,Lucknow,Uttar Pradesh,North,26.8467,80.9462,39.4,33.3,10.6,0.0
2025-07-08,Lucknow,Uttar Pradesh,North,26.8467,80.9462,38.7,39.7,12.5,0.0
2025-07-09,Lucknow,Uttar Pradesh,North,26.8467,80.9462,38.8,38.0,8.2,0.0
2025-07-10,Lucknow,Uttar Pradesh,North,26.8467,80.9462,39.4,48.1,7.3,0.0
2025-07-11,Lucknow,Uttar Pradesh,North,26.8467,80.9462,36.8,44.4,13.3,0.0
2025-07-12,Lucknow,Uttar Pradesh,North,26.8467,80.9462,37.1,54.9,15.1,0.0
2025-07-13,Lucknow,Uttar Pradesh,North,26.8467,80.9462,37.7,45.1,21.4,0.0
2025-07-14,Lucknow,Uttar Pradesh,North,26.8467,80.9462,39.6,44.3,9.4,0.0
2025-07-15,Lucknow,Uttar Pradesh,North,26.8467,80.9462,35.6,43.8,19.2,0.0
2025-07-16,Lucknow,Uttar Pradesh,North,26.8467,80.9462,38.8,34.4,7.3,0.0
2025-07-17,Lucknow,Uttar Pradesh,North,26.8467,80.9462,38.9,41.4,10.1,0.0
2025-07-18,Lucknow,Uttar Pradesh,North,26.8467,80.9462,40.2,41.3,11.7,0.0
2025-07-19,Lucknow,Uttar Pradesh,North,26.8467,80.9462,37.3,46.4,16.8,0.0
2025-07-20,Lucknow,Uttar Pradesh,North,26.8467,80.9462,37.4,43.2,11.2,0.0
2025-07-21,Lucknow,Uttar Pradesh,North,26.8467,80.9462,39.3,48.3,12.0,0.0
2025-07-22,Lucknow,Uttar Pradesh,North,26.8467,80.9462,37.5,64.8,13.9,0.0
2025-07-23,Lucknow,Uttar Pradesh,North,26.8467,80.9462,38.6,47.5,16.2,0.0
2025-07-24,Lucknow,Uttar Pradesh,North,26.8467,80.9462,37.6,50.2,15.5,0.0
2025-07-25,Lucknow,Uttar Pradesh,North,26.8467,80.9462,36.7,44.8,16.4,0.0
2025-07-26,Lucknow,Uttar Pradesh,North,26.8467,80.9462,34.5,42.0,4.4,3.3
2025-07-27,Lucknow,Uttar Pradesh,North,26.8467,80.9462,37.0,49.2,5.9,0.0
2025-07-28,Lucknow,Uttar Pradesh,North,26.8467,80.9462,35.8,44.7,13.3,0.0
2025-07-29,Lucknow,Uttar Pradesh,North,26.8467,80.9462,36.2,45.0,13.9,0.0
2025-07-30,Lucknow,Uttar Pradesh,North,26.8467,80.9462,36.6,55.0,15.8,0.0
2025-07-31,Lucknow,Uttar Pradesh,North,26.8467,80.9462,34.3,45.9,9.9,0.0
2025-08-01,Lucknow,Uttar Pradesh,North,26.8467,80.9462,40.7,37.3,9.2,0.0
2025-08-02,Lucknow,Uttar Pradesh,North,26.8467,80.9462,34.7,44.1,10.9,0.0
2025-08-03,Lucknow,Uttar Pradesh,North,26.8467,80.9462,34.5,52.9,9.0,0.0
2025-08-04,Lucknow,Uttar Pradesh,North,26.8467,80.9462,37.9,55.2,14.1,0.0
2025-08-05,Lucknow,Uttar Pradesh,North,26.8467,80.9462,35.7,48.6,12.8,0.0
2025-08-06,Lucknow,Uttar Pradesh,North,26.8467,80.9462,36.1,42.9,8.0,0.0
2025-08-07,Lucknow,Uttar Pradesh,North,26.8467,80.9462,37.4,45.8,19.0,0.6
2025-08-08,Lucknow,Uttar Pradesh,North,26.8467,80.9462,32.7,53.9,14.3,1.1
2025-08-09,Lucknow,Uttar Pradesh,North,26.8467,80.9462,35.2,40.8,9.1,0.0
2025-08-10,Lucknow,Uttar Pradesh,North,26.8467,80.9462,33.1,51.2,7.6,4.2
2025-08-11,Lucknow,Uttar Pradesh,North,26.8467,80.9462,33.5,45.7,17.2,0.0
2025-08-12,Lucknow,Uttar Pradesh,North,26.8467,80.9462,32.0,51.6,17.0,0.0
2025-08-13,Lucknow,Uttar Pradesh,North,26.8467,80.9462,34.7,55.2,20.6,2.7
2025-08-14,Lucknow,Uttar Pradesh,North,26.8467,80.9462,34.4,56.0,10.4,0.0
2025-08-15,Lucknow,Uttar Pradesh,North,26.8467,80.9462,30.9,51.6,21.1,0.0
2025-08-16,Lucknow,Uttar Pradesh,North,26.8467,80.9462,33.9,43.4,12.7,0.2
2025-08-17,Lucknow,Uttar Pradesh,North,26.8467,80.9462,35.7,57.0,4.5,0.0
2025-08-18,Lucknow,Uttar Pradesh,North,26.8467,80.9462,33.1,53.1,4.4,0.0
2025-08-19,Lucknow,Uttar Pradesh,North,26.8467,80.9462,33.6,53.1,4.1,2.3
2025-08-20,Lucknow,Uttar Pradesh,North,26.8467,80.9462,36.3,49.5,10.3,0.0
2025-08-21,Lucknow,Uttar Pradesh,North,26.8467,80.9462,34.9,59.1,10.2,0.0
2025-08-22,Lucknow,Uttar Pradesh,North,26.8467,80.9462,35.3,46.0,4.7,0.3
2025-08-23,Lucknow,Uttar Pradesh,North,26.8467,80.9462,36.5,51.4,6.6,0.2
2025-08-24,Lucknow,Uttar Pradesh,North,26.8467,80.9462,32.5,56.1,13.4,0.0
2025-08-25,Lucknow,Uttar Pradesh,North,26.8467,80.9462,34.5,47.4,8.5,0.1
2025-08-26,Lucknow,Uttar Pradesh,North,26.8467,80.9462,30.4,45.1,16.0,0.0
2025-08-27,Lucknow,Uttar Pradesh,North,26.8467,80.9462,29.9,56.2,13.6,0.7
2025-08-28,Lucknow,Uttar Pradesh,North,26.8467,80.9462,31.7,57.9,12.2,0.7
2025-08-29,Lucknow,Uttar Pradesh,North,26.8467,80.9462,32.1,59.9,12.6,6.7
2025-08-30,Lucknow,Uttar Pradesh,North,26.8467,80.9462,34.5,58.6,10.1,1.0
2025-08-31,Lucknow,Uttar Pradesh,North,26.8467,80.9462,35.0,60.2,5.7,0.3
2025-09-01,Lucknow,Uttar Pradesh,North,26.8467,80.9462,29.9,57.7,11.3,0.5
2025-09-02,Lucknow,Uttar Pradesh,North,26.8467,80.9462,30.9,56.5,6.8,1.3
2025-09-03,Lucknow,Uttar Pradesh,North,26.8467,80.9462,30.8,42.2,8.6,2.1
2025-09-04,Lucknow,Uttar Pradesh,North,26.8467,80.9462,29.2,55.1,12.5,3.7
2025-09-05,Lucknow,Uttar Pradesh,North,26.8467,80.9462,30.9,53.7,11.7,0.2
2025-09-06,Lucknow,Uttar Pradesh,North,26.8467,80.9462,32.7,59.5,10.1,2.3
2025-09-07,Lucknow,Uttar Pradesh,North,26.8467,80.9462,31.6,58.5,16.8,0.6
2025-09-08,Lucknow,Uttar Pradesh,North,26.8467,80.9462,29.8,52.2,10.7,5.5
2025-09-09,Lucknow,Uttar Pradesh,North,26.8467,80.9462,31.2,45.6,13.8,0.8
2025-09-10,Lucknow,Uttar Pradesh,North,26.8467,80.9462,30.5,60.0,13.6,1.1
2025-09-11,Lucknow,Uttar Pradesh,North,26.8467,80.9462,33.1,53.1,12.7,0.5
2025-09-12,Lucknow,Uttar Pradesh,North,26.8467,80.9462,31.0,55.8,15.5,1.7
2025-09-13,Lucknow,Uttar Pradesh,North,26.8467,80.9462,29.5,60.2,13.8,4.5
2025-09-14,Lucknow,Uttar Pradesh,North,26.8467,80.9462,32.6,56.0,7.1,3.6
2025-09-15,Lucknow,Uttar Pradesh,North,26.8467,80.9462,32.4,53.7,15.7,1.5
2025-09-16,Lucknow,Uttar Pradesh,North,26.8467,80.9462,33.1,55.4,14.4,1.2
2025-09-17,Lucknow,Uttar Pradesh,North,26.8467,80.9462,30.3,51.7,8.8,1.3
2025-09-18,Lucknow,Uttar Pradesh,North,26.8467,80.9462,27.5,54.5,19.2,4.0
2025-09-19,Lucknow,Uttar Pradesh,North,26.8467,80.9462,28.1,60.1,19.9,0.5
2025-09-20,Lucknow,Uttar Pradesh,North,26.8467,80.9462,30.0,65.7,11.2,0.4
2025-09-21,Lucknow,Uttar Pradesh,North,26.8467,80.9462,28.5,49.2,8.6,5.3
2025-09-22,Lucknow,Uttar Pradesh,North,26.8467,80.9462,31.7,57.9,8.9,2.5
2025-09-23,Lucknow,Uttar Pradesh,North,26.8467,80.9462,30.2,52.5,17.6,0.8
2025-09-24,Lucknow,Uttar Pradesh,North,26.8467,80.9462,29.3,58.9,22.4,5.8
2025-09-25,Lucknow,Uttar Pradesh,North,26.8467,80.9462,30.3,65.4,12.3,1.3
2025-09-26,Lucknow,Uttar Pradesh,North,26.8467,80.9462,27.5,59.3,12.9,0.6
2025-09-27,Lucknow,Uttar Pradesh,North,26.8467,80.9462,25.8,57.2,16.4,3.6
2025-09-28,Lucknow,Uttar Pradesh,North,26.8467,80.9462,28.7,62.8,5.0,0.2
2025-09-29,Lucknow,Uttar Pradesh,North,26.8467,80.9462,27.9,65.3,5.7,1.2
2025-09-30,Lucknow,Uttar Pradesh,North,26.8467,80.9462,26.6,56.7,6.5,3.2
2025-10-01,Lucknow,Uttar Pradesh,North,26.8467,80.9462,27.1,66.2,16.3,0.1
2025-10-02,Lucknow,Uttar Pradesh,North,26.8467,80.9462,27.7,59.8,13.3,2.3
2025-10-03,Lucknow,Uttar Pradesh,North,26.8467,80.9462,30.2,74.3,14.1,3.3
2025-10-04,Lucknow,Uttar Pradesh,North,26.8467,80.9462,23.9,65.3,9.6,1.0
2025-10-05,Lucknow,Uttar Pradesh,North,26.8467,80.9462,28.6,57.5,12.1,0.1
2025-10-06,Lucknow,Uttar Pradesh,North,26.8467,80.9462,25.8,69.0,5.3,1.6
2025-10-07,Lucknow,Uttar Pradesh,North,26.8467,80.9462,24.7,50.5,11.0,6.1
2025-10-08,Lucknow,Uttar Pradesh,North,26.8467,80.9462,24.5,61.8,12.3,0.1
2025-10-09,Lucknow,Uttar Pradesh,North,26.8467,80.9462,27.2,66.9,18.0,0.8
2025-10-10,Lucknow,Uttar Pradesh,North,26.8467,80.9462,27.3,65.6,11.9,2.2
2025-10-11,Lucknow,Uttar Pradesh,North,26.8467,80.9462,28.0,58.5,10.3,5.1
2025-10-12,Lucknow,Uttar Pradesh,North,26.8467,80.9462,24.1,62.2,16.1,1.1
2025-10-13,Lucknow,Uttar Pradesh,North,26.8467,80.9462,23.8,65.0,9.9,1.3
2025-10-14,Lucknow,Uttar Pradesh,North,26.8467,80.9462,25.6,60.8,12.0,0.3
2025-10-15,Lucknow,Uttar Pradesh,North,26.8467,80.9462,29.2,57.3,10.4,1.6
2025-10-16,Lucknow,Uttar Pradesh,North,26.8467,80.9462,23.7,61.5,14.9,0.3
2025-10-17,Lucknow,Uttar Pradesh,North,26.8467,80.9462,29.3,63.2,11.3,0.0
2025-10-18,Lucknow,Uttar Pradesh,North,26.8467,80.9462,24.5,63.6,9.9,0.7
2025-10-19,Lucknow,Uttar Pradesh,North,26.8467,80.9462,26.7,70.5,3.0,1.4
2025-10-20,Lucknow,Uttar Pradesh,North,26.8467,80.9462,24.0,71.6,17.0,3.8
2025-10-21,Lucknow,Uttar Pradesh,North,26.8467,80.9462,25.3,73.8,18.2,1.4
2025-10-22,Lucknow,Uttar Pradesh,North,26.8467,80.9462,27.5,77.4,10.5,1.6
2025-10-23,Lucknow,Uttar Pradesh,North,26.8467,80.9462,27.9,73.9,15.5,1.5
2025-10-24,Lucknow,Uttar Pradesh,North,26.8467,80.9462,28.1,61.4,19.6,0.6
2025-10-25,Lucknow,Uttar Pradesh,North,26.8467,80.9462,26.3,65.1,7.0,0.5
2025-10-26,Lucknow,Uttar Pradesh,North,26.8467,80.9462,22.5,68.5,6.3,2.3
2025-10-27,Lucknow,Uttar Pradesh,North,26.8467,80.9462,27.3,64.4,5.0,4.5
2025-10-28,Lucknow,Uttar Pradesh,North,26.8467,80.9462,24.5,64.1,12.7,0.1
2025-10-29,Lucknow,Uttar Pradesh,North,26.8467,80.9462,24.8,62.2,12.2,0.9
2025-10-30,Lucknow,Uttar Pradesh,North,26.8467,80.9462,26.0,64.5,15.9,0.8
2025-10-31,Lucknow,Uttar Pradesh,North,26.8467,80.9462,25.2,72.7,9.7,1.7
2025-11-01,Lucknow,Uttar Pradesh,North,26.8467,80.9462,25.9,65.2,17.8,0.1
2025-11-02,Lucknow,Uttar Pradesh,North,26.8467,80.9462,23.8,68.6,9.1,5.9
2025-11-03,Lucknow,Uttar Pradesh,North,26.8467,80.9462,25.3,59.8,9.0,0.3
2025-11-04,Lucknow,Uttar Pradesh,North,26.8467,80.9462,25.0,67.0,12.0,1.3
2025-11-05,Lucknow,Uttar Pradesh,North,26.8467,80.9462,27.8,66.7,8.2,0.6
2025-11-06,Lucknow,Uttar Pradesh,North,26.8467,80.9462,22.7,64.3,10.5,0.4
2025-11-07,Lucknow,Uttar Pradesh,North,26.8467,80.9462,25.2,67.7,6.3,3.1
2025-11-08,Lucknow,Uttar Pradesh,North,26.8467,80.9462,23.6,64.6,18.6,0.5
2025-11-09,Lucknow,Uttar Pradesh,North,26.8467,80.9462,24.1,63.1,14.0,0.5
2025-11-10,Lucknow,Uttar Pradesh,North,26.8467,80.9462,22.2,59.5,8.7,4.8
2025-11-11,Lucknow,Uttar Pradesh,North,26.8467,80.9462,25.5,64.2,13.4,4.1
2025-11-12,Lucknow,Uttar Pradesh,North,26.8467,80.9462,23.7,65.1,17.1,0.2
2025-11-13,Lucknow,Uttar Pradesh,North,26.8467,80.9462,26.7,73.4,15.6,0.5
2025-11-14,Lucknow,Uttar Pradesh,North,26.8467,80.9462,24.0,64.2,8.7,0.4
2025-11-15,Lucknow,Uttar Pradesh,North,26.8467,80.9462,22.9,55.7,15.2,3.4
2025-11-16,Lucknow,Uttar Pradesh,North,26.8467,80.9462,24.0,58.6,12.0,0.1
2025-11-17,Lucknow,Uttar Pradesh,North,26.8467,80.9462,23.6,61.4,11.9,1.8
2025-11-18,Lucknow,Uttar Pradesh,North,26.8467,80.9462,22.9,70.3,17.2,2.9
2025-11-19,Lucknow,Uttar Pradesh,North,26.8467,80.9462,24.7,68.4,12.9,5.6
2025-11-20,Lucknow,Uttar Pradesh,North,26.8467,80.9462,26.7,55.1,14.7,10.8
2025-11-21,Lucknow,Uttar Pradesh,North,26.8467,80.9462,25.9,61.0,8.4,0.5
2025-11-22,Lucknow,Uttar Pradesh,North,26.8467,80.9462,23.2,68.3,15.5,0.6
2025-11-23,Lucknow,Uttar Pradesh,North,26.8467,80.9462,26.0,71.1,6.6,2.9
2025-11-24,Lucknow,Uttar Pradesh,North,26.8467,80.9462,24.2,69.8,11.9,3.2
2025-11-25,Lucknow,Uttar Pradesh,North,26.8467,80.9462,25.0,65.3,8.1,0.6
2025-11-26,Lucknow,Uttar Pradesh,North,26.8467,80.9462,22.8,64.7,8.3,1.8
2025-11-27,Lucknow,Uttar Pradesh,North,26.8467,80.9462,23.1,61.8,8.5,1.3
2025-11-28,Lucknow,Uttar Pradesh,North,26.8467,80.9462,22.5,69.0,9.8,7.3
2025-11-29,Lucknow,Uttar Pradesh,North,26.8467,80.9462,22.7,76.3,5.5,0.6
2025-11-30,Lucknow,Uttar Pradesh,North,26.8467,80.9462,22.6,66.9,11.9,1.0
2025-12-01,Lucknow,Uttar Pradesh,North,26.8467,80.9462,23.1,69.5,8.8,9.9
2025-12-02,Lucknow,Uttar Pradesh,North,26.8467,80.9462,26.9,58.8,18.8,0.3
2025-12-03,Lucknow,Uttar Pradesh,North,26.8467,80.9462,23.5,56.2,12.4,0.4
2025-12-04,Lucknow,Uttar Pradesh,North,26.8467,80.9462,22.1,65.7,10.4,1.5
2025-12-05,Lucknow,Uttar Pradesh,North,26.8467,80.9462,27.4,68.5,12.2,0.2
2025-12-06,Lucknow,Uttar Pradesh,North,26.8467,80.9462,25.3,64.6,2.0,0.7
2025-12-07,Lucknow,Uttar Pradesh,North,26.8467,80.9462,25.2,60.6,7.6,4.3
2025-12-08,Lucknow,Uttar Pradesh,North,26.8467,80.9462,25.7,74.2,9.4,1.9
2025-12-09,Lucknow,Uttar Pradesh,North,26.8467,80.9462,25.5,75.8,11.2,0.7
2025-12-10,Lucknow,Uttar Pradesh,North,26.8467,80.9462,25.6,68.7,9.3,1.5
2025-12-11,Lucknow,Uttar Pradesh,North,26.8467,80.9462,23.9,74.7,7.3,6.0
2025-12-12,Lucknow,Uttar Pradesh,North,26.8467,80.9462,18.8,59.2,9.0,0.6
2025-12-13,Lucknow,Uttar Pradesh,North,26.8467,80.9462,24.7,68.2,14.4,0.0
2025-12-14,Lucknow,Uttar Pradesh,North,26.8467,80.9462,25.4,60.5,14.4,0.7
2025-12-15,Lucknow,Uttar Pradesh,North,26.8467,80.9462,25.1,67.2,15.0,2.4
2025-12-16,Lucknow,Uttar Pradesh,North,26.8467,80.9462,22.5,68.1,15.0,1.9
2025-12-17,Lucknow,Uttar Pradesh,North,26.8467,80.9462,23.3,66.9,17.0,0.9
2025-12-18,Lucknow,Uttar Pradesh,North,26.8467,80.9462,23.6,69.7,15.8,1.3
2025-12-19,Lucknow,Uttar Pradesh,North,26.8467,80.9462,24.7,71.0,14.5,2.7
2025-12-20,Lucknow,Uttar Pradesh,North,26.8467,80.9462,24.3,71.0,9.6,1.6
2025-12-21,Lucknow,Uttar Pradesh,North,26.8467,80.9462,23.7,55.8,16.5,4.5
2025-12-22,Lucknow,Uttar Pradesh,North,26.8467,80.9462,22.4,68.8,16.4,1.1
2025-12-23,Lucknow,Uttar Pradesh,North,26.8467,80.9462,25.9,63.2,10.9,0.5
2025-12-24,Lucknow,Uttar Pradesh,North,26.8467,80.9462,25.0,65.3,11.5,1.5
2025-12-25,Lucknow,Uttar Pradesh,North,26.8467,80.9462,23.3,63.2,12.9,1.0
2025-12-26,Lucknow,Uttar Pradesh,North,26.8467,80.9462,22.3,73.7,14.2,5.4
2025-12-27,Lucknow,Uttar Pradesh,North,26.8467,80.9462,21.9,57.1,12.4,1.6
2025-12-28,Lucknow,Uttar Pradesh,North,26.8467,80.9462,25.5,67.2,9.6,1.8
2025-12-29,Lucknow,Uttar Pradesh,North,26.8467,80.9462,26.0,64.2,11.3,3.7
2025-12-30,Lucknow,Uttar Pradesh,North,26.8467,80.9462,23.4,59.6,11.5,0.0
2025-12-31,Lucknow,Uttar Pradesh,North,26.8467,80.9462,25.8,61.6,10.6,0.2
2025-01-01,Kanpur,Uttar Pradesh,North,26.4499,80.3319,25.4,60.8,10.0,4.0
2025-01-02,Kanpur,Uttar Pradesh,North,26.4499,80.3319,23.2,70.0,11.4,1.4
2025-01-03,Kanpur,Uttar Pradesh,North,26.4499,80.3319,27.9,61.6,11.3,3.1
2025-01-04,Kanpur,Uttar Pradesh,North,26.4499,80.3319,29.3,63.8,15.0,1.8
2025-01-05,Kanpur,Uttar Pradesh,North,26.4499,80.3319,26.1,64.9,15.3,0.6
2025-01-06,Kanpur,Uttar Pradesh,North,26.4499,80.3319,24.2,66.6,10.6,0.6
2025-01-07,Kanpur,Uttar Pradesh,North,26.4499,80.3319,23.5,60.9,4.8,2.1
2025-01-08,Kanpur,Uttar Pradesh,North,26.4499,80.3319,27.5,63.4,8.5,3.4
2025-01-09,Kanpur,Uttar Pradesh,North,26.4499,80.3319,25.2,67.1,17.9,0.7
2025-01-10,Kanpur,Uttar Pradesh,North,26.4499,80.3319,26.6,68.2,2.0,0.3
2025-01-11,Kanpur,Uttar Pradesh,North,26.4499,80.3319,24.8,65.3,9.8,0.2
2025-01-12,Kanpur,Uttar Pradesh,North,26.4499,80.3319,24.1,73.3,7.8,1.8
2025-01-13,Kanpur,Uttar Pradesh,North,26.4499,80.3319,27.1,61.2,17.3,1.0
2025-01-14,Kanpur,Uttar Pradesh,North,26.4499,80.3319,26.2,63.8,14.1,1.3
2025-01-15,Kanpur,Uttar Pradesh,North,26.4499,80.3319,27.2,65.5,11.8,3.2
2025-01-16,Kanpur,Uttar Pradesh,North,26.4499,80.3319,26.7,64.8,6.2,0.4
2025-01-17,Kanpur,Uttar Pradesh,North,26.4499,80.3319,27.5,62.1,13.5,1.8
2025-01-18,Kanpur,Uttar Pradesh,North,26.4499,80.3319,24.8,61.0,8.9,1.7
2025-01-19,Kanpur,Uttar Pradesh,North,26.4499,80.3319,27.6,59.7,11.2,2.8
2025-01-20,Kanpur,Uttar Pradesh,North,26.4499,80.3319,24.4,66.3,12.2,1.0
2025-01-21,Kanpur,Uttar Pradesh,North,26.4499,80.3319,27.7,62.2,16.4,1.7
2025-01-22,Kanpur,Uttar Pradesh,North,26.4499,80.3319,28.8,64.4,14.5,2.7
2025-01-23,Kanpur,Uttar Pradesh,North,26.4499,80.3319,25.3,55.8,9.2,1.7
2025-01-24,Kanpur,Uttar Pradesh,North,26.4499,80.3319,29.0,66.5,9.7,0.2
2025-01-25,Kanpur,Uttar Pradesh,North,26.4499,80.3319,28.0,68.9,12.7,0.7
2025-01-26,Kanpur,Uttar Pradesh,North,26.4499,80.3319,25.0,55.0,6.6,0.1
2025-01-27,Kanpur,Uttar Pradesh,North,26.4499,80.3319,25.5,70.5,6.7,2.2
2025-01-28,Kanpur,Uttar Pradesh,North,26.4499,80.3319,30.1,67.0,16.4,0.2
2025-01-29,Kanpur,Uttar Pradesh,North,26.4499,80.3319,25.5,66.7,11.7,1.1
2025-01-30,Kanpur,Uttar Pradesh,North,26.4499,80.3319,27.2,72.2,10.8,0.7
2025-01-31,Kanpur,Uttar Pradesh,North,26.4499,80.3319,27.3,59.9,14.6,0.9
2025-02-01,Kanpur,Uttar Pradesh,North,26.4499,80.3319,31.4,62.8,19.4,1.3
2025-02-02,Kanpur,Uttar Pradesh,North,26.4499,80.3319,32.4,61.7,6.9,0.3
2025-02-03,Kanpur,Uttar Pradesh,North,26.4499,80.3319,30.1,62.8,7.9,4.1
2025-02-04,Kanpur,Uttar Pradesh,North,26.4499,80.3319,26.4,58.2,14.6,4.3
2025-02-05,Kanpur,Uttar Pradesh,North,26.4499,80.3319,29.6,66.1,13.2,0.0
2025-02-06,Kanpur,Uttar Pradesh,North,26.4499,80.3319,28.1,60.9,1.0,0.7
2025-02-07,Kanpur,Uttar Pradesh,North,26.4499,80.3319,28.1,58.9,12.5,0.9
2025-02-08,Kanpur,Uttar Pradesh,North,26.4499,80.3319,30.8,62.7,15.3,0.2
2025-02-09,Kanpur,Uttar Pradesh,North,26.4499,80.3319,26.1,56.8,11.0,0.8
2025-02-10,Kanpur,Uttar Pradesh,North,26.4499,80.3319,28.7,64.1,4.3,1.2
2025-02-11,Kanpur,Uttar Pradesh,North,26.4499,80.3319,32.6,51.9,19.4,0.1
2025-02-12,Kanpur,Uttar Pradesh,North,26.4499,80.3319,32.0,58.4,13.8,2.6
2025-02-13,Kanpur,Uttar Pradesh,North,26.4499,80.3319,28.6,51.1,22.0,4.4
2025-02-14,Kanpur,Uttar Pradesh,North,26.4499,80.3319,31.0,61.7,14.0,1.2
2025-02-15,Kanpur,Uttar Pradesh,North,26.4499,80.3319,32.0,56.4,15.8,0.3
2025-02-16,Kanpur,Uttar Pradesh,North,26.4499,80.3319,30.0,47.9,15.4,1.5
2025-02-17,Kanpur,Uttar Pradesh,North,26.4499,80.3319,25.2,65.4,23.4,0.0
2025-02-18,Kanpur,Uttar Pradesh,North,26.4499,80.3319,30.9,53.9,12.8,5.3
2025-02-19,Kanpur,Uttar Pradesh,North,26.4499,80.3319,30.2,57.7,4.9,0.4
2025-02-20,Kanpur,Uttar Pradesh,North,26.4499,80.3319,30.9,57.8,11.1,2.8
2025-02-21,Kanpur,Uttar Pradesh,North,26.4499,80.3319,32.8,54.1,18.1,10.8
2025-02-22,Kanpur,Uttar Pradesh,North,26.4499,80.3319,33.2,56.2,12.9,0.3
2025-02-23,Kanpur,Uttar Pradesh,North,26.4499,80.3319,30.9,55.7,8.8,3.5
2025-02-24,Kanpur,Uttar Pradesh,North,26.4499,80.3319,33.5,55.6,8.6,5.9
2025-02-25,Kanpur,Uttar Pradesh,North,26.4499,80.3319,32.5,56.0,4.2,1.1
2025-02-26,Kanpur,Uttar Pradesh,North,26.4499,80.3319,30.6,49.4,9.8,0.4
2025-02-27,Kanpur,Uttar Pradesh,North,26.4499,80.3319,30.6,64.2,11.8,1.7
2025-02-28,Kanpur,Uttar Pradesh,North,26.4499,80.3319,32.2,60.3,16.4,1.2
2025-03-01,Kanpur,Uttar Pradesh,North,26.4499,80.3319,34.1,52.5,12.8,3.9
2025-03-02,Kanpur,Uttar Pradesh,North,26.4499,80.3319,30.7,59.7,14.8,3.4
2025-03-03,Kanpur,Uttar Pradesh,North,26.4499,80.3319,33.5,54.8,11.2,2.3
2025-03-04,Kanpur,Uttar Pradesh,North,26.4499,80.3319,33.0,48.7,20.5,0.0
2025-03-05,Kanpur,Uttar Pradesh,North,26.4499,80.3319,31.8,51.2,9.8,0.1
2025-03-06,Kanpur,Uttar Pradesh,North,26.4499,80.3319,31.6,46.0,8.9,2.4
2025-03-07,Kanpur,Uttar Pradesh,North,26.4499,80.3319,36.2,50.0,13.5,0.0
2025-03-08,Kanpur,Uttar Pradesh,North,26.4499,80.3319,34.9,64.8,4.9,0.0
2025-03-09,Kanpur,Uttar Pradesh,North,26.4499,80.3319,30.7,48.8,7.8,5.6
2025-03-10,Kanpur,Uttar Pradesh,North,26.4499,80.3319,33.5,53.6,9.1,0.0
2025-03-11,Kanpur,Uttar Pradesh,North,26.4499,80.3319,29.3,51.2,10.9,4.6
2025-03-12,Kanpur,Uttar Pradesh,North,26.4499,80.3319,32.9,46.2,10.0,0.0
2025-03-13,Kanpur,Uttar Pradesh,North,26.4499,80.3319,31.5,42.4,10.7,0.0
2025-03-14,Kanpur,Uttar Pradesh,North,26.4499,80.3319,33.4,47.3,15.6,0.0
2025-03-15,Kanpur,Uttar Pradesh,North,26.4499,80.3319,34.5,54.0,11.9,1.2
2025-03-16,Kanpur,Uttar Pradesh,North,26.4499,80.3319,34.6,56.3,12.6,3.3
2025-03-17,Kanpur,Uttar Pradesh,North,26.4499,80.3319,36.9,54.0,13.3,0.2
2025-03-18,Kanpur,Uttar Pradesh,North,26.4499,80.3319,34.4,55.8,8.8,1.4
2025-03-19,Kanpur,Uttar Pradesh,North,26.4499,80.3319,33.5,53.9,13.7,0.0
2025-03-20,Kanpur,Uttar Pradesh,North,26.4499,80.3319,31.9,45.5,12.9,0.0
2025-03-21,Kanpur,Uttar Pradesh,North,26.4499,80.3319,33.3,55.9,12.2,0.0
2025-03-22,Kanpur,Uttar Pradesh,North,26.4499,80.3319,34.6,47.9,10.1,0.0
2025-03-23,Kanpur,Uttar Pradesh,North,26.4499,80.3319,34.9,58.1,13.8,0.0
2025-03-24,Kanpur,Uttar Pradesh,North,26.4499,80.3319,37.4,52.1,6.6,0.0
2025-03-25,Kanpur,Uttar Pradesh,North,26.4499,80.3319,36.1,58.7,15.0,0.0
2025-03-26,Kanpur,Uttar Pradesh,North,26.4499,80.3319,35.3,54.0,9.3,0.0
2025-03-27,Kanpur,Uttar Pradesh,North,26.4499,80.3319,35.9,54.5,15.9,0.0
2025-03-28,Kanpur,Uttar Pradesh,North,26.4499,80.3319,33.9,50.4,11.1,0.0
2025-03-29,Kanpur,Uttar Pradesh,North,26.4499,80.3319,36.8,61.4,9.1,0.0
2025-03-30,Kanpur,Uttar Pradesh,North,26.4499,80.3319,34.3,38.7,13.0,0.0
2025-03-31,Kanpur,Uttar Pradesh,North,26.4499,80.3319,35.4,54.5,11.1,0.0
2025-04-01,Kanpur,Uttar Pradesh,North,26.4499,80.3319,37.0,49.4,13.9,0.0
2025-04-02,Kanpur,Uttar Pradesh,North,26.4499,80.3319,36.0,41.8,10.0,0.0
2025-04-03,Kanpur,Uttar Pradesh,North,26.4499,80.3319,37.7,53.3,14.4,0.0
2025-04-04,Kanpur,Uttar Pradesh,North,26.4499,80.3319,35.8,50.4,11.1,5.7
2025-04-05,Kanpur,Uttar Pradesh,North,26.4499,80.3319,37.4,34.0,8.7,0.0
2025-04-06,Kanpur,Uttar Pradesh,North,26.4499,80.3319,35.3,46.5,12.1,0.0
2025-04-07,Kanpur,Uttar Pradesh,North,26.4499,80.3319,36.4,43.7,9.4,0.0
2025-04-08,Kanpur,Uttar Pradesh,North,26.4499,80.3319,34.8,43.0,14.8,0.0
2025-04-09,Kanpur,Uttar Pradesh,North,26.4499,80.3319,35.5,56.8,10.7,0.0
2025-04-10,Kanpur,Uttar Pradesh,North,26.4499,80.3319,39.7,57.2,10.7,0.0
2025-04-11,Kanpur,Uttar Pradesh,North,26.4499,80.3319,37.1,43.5,11.9,0.0
2025-04-12,Kanpur,Uttar Pradesh,North,26.4499,80.3319,36.3,50.8,11.2,0.0
2025-04-13,Kanpur,Uttar Pradesh,North,26.4499,80.3319,36.9,45.0,7.4,0.0
2025-04-14,Kanpur,Uttar Pradesh,North,26.4499,80.3319,36.7,50.5,11.9,0.0
2025-04-15,Kanpur,Uttar Pradesh,North,26.4499,80.3319,37.0,48.8,3.3,0.0
2025-04-16,Kanpur,Uttar Pradesh,North,26.4499,80.3319,37.5,53.1,10.2,0.0
2025-04-17,Kanpur,Uttar Pradesh,North,26.4499,80.3319,38.4,46.6,11.9,0.0
2025-04-18,Kanpur,Uttar Pradesh,North,26.4499,80.3319,36.5,48.4,7.7,0.0
2025-04-19,Kanpur,Uttar Pradesh,North,26.4499,80.3319,37.2,51.1,15.8,0.0
2025-04-20,Kanpur,Uttar Pradesh,North,26.4499,80.3319,35.0,42.2,5.4,0.0
2025-04-21,Kanpur,Uttar Pradesh,North,26.4499,80.3319,42.5,49.6,19.7,0.0
2025-04-22,Kanpur,Uttar Pradesh,North,26.4499,80.3319,39.6,47.9,10.0,0.0
2025-04-23,Kanpur,Uttar Pradesh,North,26.4499,80.3319,37.2,36.6,25.2,0.0
2025-04-24,Kanpur,Uttar Pradesh,North,26.4499,80.3319,38.1,45.2,9.1,0.0
2025-04-25,Kanpur,Uttar Pradesh,North,26.4499,80.3319,36.3,44.4,10.1,0.0
2025-04-26,Kanpur,Uttar Pradesh,North,26.4499,80.3319,41.1,45.6,14.8,0.0
2025-04-27,Kanpur,Uttar Pradesh,North,26.4499,80.3319,36.3,37.8,12.1,0.0
2025-04-28,Kanpur,Uttar Pradesh,North,26.4499,80.3319,39.3,44.4,5.9,0.0
2025-04-29,Kanpur,Uttar Pradesh,North,26.4499,80.3319,34.4,38.3,9.5,1.4
2025-04-30,Kanpur,Uttar Pradesh,North,26.4499,80.3319,41.0,46.9,7.1,0.0
2025-05-01,Kanpur,Uttar Pradesh,North,26.4499,80.3319,39.3,52.5,17.1,0.0
2025-05-02,Kanpur,Uttar Pradesh,North,26.4499,80.3319,38.8,42.5,11.2,0.0
2025-05-03,Kanpur,Uttar Pradesh,North,26.4499,80.3319,40.0,47.0,14.4,0.0
2025-05-04,Kanpur,Uttar Pradesh,North,26.4499,80.3319,41.3,39.6,18.2,0.0
2025-05-05,Kanpur,Uttar Pradesh,North,26.4499,80.3319,41.3,50.7,16.0,0.0
2025-05-06,Kanpur,Uttar Pradesh,North,26.4499,80.3319,39.4,52.0,9.8,0.0
2025-05-07,Kanpur,Uttar Pradesh,North,26.4499,80.3319,38.7,48.8,15.4,0.0
2025-05-08,Kanpur,Uttar Pradesh,North,26.4499,80.3319,38.8,31.6,12.8,0.0
2025-05-09,Kanpur,Uttar Pradesh,North,26.4499,80.3319,37.9,46.0,13.2,0.0
2025-05-10,Kanpur,Uttar Pradesh,North,26.4499,80.3319,40.1,49.0,18.4,0.0
2025-05-11,Kanpur,Uttar Pradesh,North,26.4499,80.3319,38.3,34.4,15.9,0.0
2025-05-12,Kanpur,Uttar Pradesh,North,26.4499,80.3319,42.0,48.2,15.1,0.0
2025-05-13,Kanpur,Uttar Pradesh,North,26.4499,80.3319,38.4,50.3,13.1,0.0
2025-05-14,Kanpur,Uttar Pradesh,North,26.4499,80.3319,41.3,34.7,13.0,0.0
2025-05-15,Kanpur,Uttar Pradesh,North,26.4499,80.3319,42.3,37.8,17.0,0.0
2025-05-16,Kanpur,Uttar Pradesh,North,26.4499,80.3319,39.5,37.2,14.7,0.6
2025-05-17,Kanpur,Uttar Pradesh,North,26.4499,80.3319,40.5,46.5,13.7,0.0
2025-05-18,Kanpur,Uttar Pradesh,North,26.4499,80.3319,36.1,36.4,12.5,0.0
2025-05-19,Kanpur,Uttar Pradesh,North,26.4499,80.3319,37.7,52.9,16.3,0.0
2025-05-20,Kanpur,Uttar Pradesh,North,26.4499,80.3319,39.8,40.1,13.9,0.0
2025-05-21,Kanpur,Uttar Pradesh,North,26.4499,80.3319,40.9,39.2,16.0,0.0
2025-05-22,Kanpur,Uttar Pradesh,North,26.4499,80.3319,39.4,44.4,10.9,0.0
2025-05-23,Kanpur,Uttar Pradesh,North,26.4499,80.3319,42.1,38.8,11.5,0.0
2025-05-24,Kanpur,Uttar Pradesh,North,26.4499,80.3319,40.7,46.3,9.9,0.0
2025-05-25,Kanpur,Uttar Pradesh,North,26.4499,80.3319,38.8,37.4,10.8,0.0
2025-05-26,Kanpur,Uttar Pradesh,North,26.4499,80.3319,38.2,43.2,10.9,0.0
2025-05-27,Kanpur,Uttar Pradesh,North,26.4499,80.3319,40.0,48.3,5.5,0.0
2025-05-28,Kanpur,Uttar Pradesh,North,26.4499,80.3319,44.5,42.3,9.5,0.0
2025-05-29,Kanpur,Uttar Pradesh,North,26.4499,80.3319,36.6,45.9,7.6,0.0
2025-05-30,Kanpur,Uttar Pradesh,North,26.4499,80.3319,40.2,49.9,5.7,0.0
2025-05-31,Kanpur,Uttar Pradesh,North,26.4499,80.3319,37.7,38.5,14.7,0.0
2025-06-01,Kanpur,Uttar Pradesh,North,26.4499,80.3319,44.7,45.8,19.8,0.0
2025-06-02,Kanpur,Uttar Pradesh,North,26.4499,80.3319,39.4,48.4,12.9,0.0
2025-06-03,Kanpur,Uttar Pradesh,North,26.4499,80.3319,41.6,37.2,11.3,0.0
2025-06-04,Kanpur,Uttar Pradesh,North,26.4499,80.3319,43.9,32.1,9.0,0.0
2025-06-05,Kanpur,Uttar Pradesh,North,26.4499,80.3319,38.9,28.8,17.9,0.0
2025-06-06,Kanpur,Uttar Pradesh,North,26.4499,80.3319,44.3,45.3,15.9,0.0
2025-06-07,Kanpur,Uttar Pradesh,North,26.4499,80.3319,40.3,47.4,11.4,0.0
2025-06-08,Kanpur,Uttar Pradesh,North,26.4499,80.3319,40.6,42.9,18.0,0.0
2025-06-09,Kanpur,Uttar Pradesh,North,26.4499,80.3319,34.6,37.8,15.6,0.0
2025-06-10,Kanpur,Uttar Pradesh,North,26.4499,80.3319,42.0,42.7,12.8,0.0
2025-06-11,Kanpur,Uttar Pradesh,North,26.4499,80.3319,41.7,47.6,15.4,0.0
2025-06-12,Kanpur,Uttar Pradesh,North,26.4499,80.3319,36.0,39.1,17.9,0.0
2025-06-13,Kanpur,Uttar Pradesh,North,26.4499,80.3319,41.8,40.2,15.3,0.0
2025-06-14,Kanpur,Uttar Pradesh,North,26.4499,80.3319,42.6,39.5,12.4,0.0
2025-06-15,Kanpur,Uttar Pradesh,North,26.4499,80.3319,38.4,46.4,15.9,0.0
2025-06-16,Kanpur,Uttar Pradesh,North,26.4499,80.3319,39.6,33.3,5.5,0.0
2025-06-17,Kanpur,Uttar Pradesh,North,26.4499,80.3319,39.7,32.2,4.0,0.0
2025-06-18,Kanpur,Uttar Pradesh,North,26.4499,80.3319,39.7,41.3,7.6,0.0
2025-06-19,Kanpur,Uttar Pradesh,North,26.4499,80.3319,37.9,43.7,7.6,0.0
2025-06-20,Kanpur,Uttar Pradesh,North,26.4499,80.3319,41.7,46.7,16.5,0.0
2025-06-21,Kanpur,Uttar Pradesh,North,26.4499,80.3319,34.5,54.1,9.5,0.0
2025-06-22,Kanpur,Uttar Pradesh,North,26.4499,80.3319,42.2,40.9,10.0,0.0
2025-06-23,Kanpur,Uttar Pradesh,North,26.4499,80.3319,37.6,36.3,9.4,0.0
2025-06-24,Kanpur,Uttar Pradesh,North,26.4499,80.3319,40.5,47.7,5.4,0.0
2025-06-25,Kanpur,Uttar Pradesh,North,26.4499,80.3319,42.1,49.5,15.4,0.0
2025-06-26,Kanpur,Uttar Pradesh,North,26.4499,80.3319,41.3,43.5,20.0,0.0
2025-06-27,Kanpur,Uttar Pradesh,North,26.4499,80.3319,39.3,41.2,15.1,0.0
2025-06-28,Kanpur,Uttar Pradesh,North,26.4499,80.3319,39.8,39.8,8.6,0.0
2025-06-29,Kanpur,Uttar Pradesh,North,26.4499,80.3319,42.2,36.5,10.6,0.0
2025-06-30,Kanpur,Uttar Pradesh,North,26.4499,80.3319,41.6,40.3,14.1,0.0
2025-07-01,Kanpur,Uttar Pradesh,North,26.4499,80.3319,41.4,45.7,13.8,0.0
2025-07-02,Kanpur,Uttar Pradesh,North,26.4499,80.3319,38.0,47.8,7.9,0.0
2025-07-03,Kanpur,Uttar Pradesh,North,26.4499,80.3319,43.2,43.8,15.8,0.0
2025-07-04,Kanpur,Uttar Pradesh,North,26.4499,80.3319,38.2,56.6,7.1,0.0
2025-07-05,Kanpur,Uttar Pradesh,North,26.4499,80.3319,38.9,38.6,11.1,0.0
2025-07-06,Kanpur,Uttar Pradesh,North,26.4499,80.3319,40.2,48.7,13.7,0.0
2025-07-07,Kanpur,Uttar Pradesh,North,26.4499,80.3319,33.1,44.6,11.2,0.0
2025-07-08,Kanpur,Uttar Pradesh,North,26.4499,80.3319,39.6,54.2,8.3,0.0
2025-07-09,Kanpur,Uttar Pradesh,North,26.4499,80.3319,37.9,53.5,8.9,0.0
2025-07-10,Kanpur,Uttar Pradesh,North,26.4499,80.3319,39.0,47.0,12.3,0.0
2025-07-11,Kanpur,Uttar Pradesh,North,26.4499,80.3319,39.7,46.8,11.6,0.0
2025-07-12,Kanpur,Uttar Pradesh,North,26.4499,80.3319,37.8,39.6,12.0,0.0
2025-07-13,Kanpur,Uttar Pradesh,North,26.4499,80.3319,36.1,42.6,11.2,0.0
2025-07-14,Kanpur,Uttar Pradesh,North,26.4499,80.3319,39.0,48.9,17.2,0.0
2025-07-15,Kanpur,Uttar Pradesh,North,26.4499,80.3319,36.6,44.3,11.0,0.0
2025-07-16,Kanpur,Uttar Pradesh,North,26.4499,80.3319,37.6,42.7,4.7,0.0
2025-07-17,Kanpur,Uttar Pradesh,North,26.4499,80.3319,36.9,49.0,10.0,0.0
2025-07-18,Kanpur,Uttar Pradesh,North,26.4499,80.3319,40.4,50.8,5.8,0.0
2025-07-19,Kanpur,Uttar Pradesh,North,26.4499,80.3319,40.2,49.5,13.3,0.0
2025-07-20,Kanpur,Uttar Pradesh,North,26.4499,80.3319,39.7,43.7,4.5,0.0
2025-07-21,Kanpur,Uttar Pradesh,North,26.4499,80.3319,35.9,38.3,11.9,0.0
2025-07-22,Kanpur,Uttar Pradesh,North,26.4499,80.3319,37.3,43.9,6.3,0.0
2025-07-23,Kanpur,Uttar Pradesh,North,26.4499,80.3319,37.4,42.2,15.5,0.0
2025-07-24,Kanpur,Uttar Pradesh,North,26.4499,80.3319,36.4,57.0,14.6,0.0
2025-07-25,Kanpur,Uttar Pradesh,North,26.4499,80.3319,38.1,38.9,13.8,0.0
2025-07-26,Kanpur,Uttar Pradesh,North,26.4499,80.3319,38.0,55.4,7.5,0.0
2025-07-27,Kanpur,Uttar Pradesh,North,26.4499,80.3319,38.1,50.5,18.4,0.0
2025-07-28,Kanpur,Uttar Pradesh,North,26.4499,80.3319,35.5,44.6,13.7,0.0
2025-07-29,Kanpur,Uttar Pradesh,North,26.4499,80.3319,33.5,55.1,11.6,0.0
2025-07-30,Kanpur,Uttar Pradesh,North,26.4499,80.3319,39.6,49.3,14.4,0.0
2025-07-31,Kanpur,Uttar Pradesh,North,26.4499,80.3319,34.4,47.0,12.8,0.1
2025-08-01,Kanpur,Uttar Pradesh,North,26.4499,80.3319,37.9,41.1,2.9,0.0
2025-08-02,Kanpur,Uttar Pradesh,North,26.4499,80.3319,35.5,50.3,14.9,0.0
2025-08-03,Kanpur,Uttar Pradesh,North,26.4499,80.3319,34.8,35.4,11.1,0.0
2025-08-04,Kanpur,Uttar Pradesh,North,26.4499,80.3319,37.5,57.7,15.5,0.0
2025-08-05,Kanpur,Uttar Pradesh,North,26.4499,80.3319,35.2,42.9,11.7,0.6
2025-08-06,Kanpur,Uttar Pradesh,North,26.4499,80.3319,31.4,49.5,12.2,1.0
2025-08-07,Kanpur,Uttar Pradesh,North,26.4499,80.3319,38.3,48.9,13.6,0.0
2025-08-08,Kanpur,Uttar Pradesh,North,26.4499,80.3319,33.6,48.3,11.8,0.0
2025-08-09,Kanpur,Uttar Pradesh,North,26.4499,80.3319,34.7,48.6,13.2,0.0
2025-08-10,Kanpur,Uttar Pradesh,North,26.4499,80.3319,33.8,44.6,13.3,2.9
2025-08-11,Kanpur,Uttar Pradesh,North,26.4499,80.3319,34.2,51.3,12.2,0.0
2025-08-12,Kanpur,Uttar Pradesh,North,26.4499,80.3319,36.0,47.5,11.1,0.0
2025-08-13,Kanpur,Uttar Pradesh,North,26.4499,80.3319,33.9,63.4,8.3,0.0
2025-08-14,Kanpur,Uttar Pradesh,North,26.4499,80.3319,33.9,53.1,7.9,0.0
2025-08-15,Kanpur,Uttar Pradesh,North,26.4499,80.3319,35.4,44.2,2.9,0.0
2025-08-16,Kanpur,Uttar Pradesh,North,26.4499,80.3319,32.4,40.3,11.7,0.0
2025-08-17,Kanpur,Uttar Pradesh,North,26.4499,80.3319,32.7,51.7,13.0,2.0
2025-08-18,Kanpur,Uttar Pradesh,North,26.4499,80.3319,31.5,62.6,5.2,0.0
2025-08-19,Kanpur,Uttar Pradesh,North,26.4499,80.3319,35.1,57.5,14.3,0.5
2025-08-20,Kanpur,Uttar Pradesh,North,26.4499,80.3319,32.7,61.0,19.8,0.0
2025-08-21,Kanpur,Uttar Pradesh,North,26.4499,80.3319,37.8,54.7,9.6,0.6
2025-08-22,Kanpur,Uttar Pradesh,North,26.4499,80.3319,31.8,59.9,11.6,0.0
2025-08-23,Kanpur,Uttar Pradesh,North,26.4499,80.3319,32.5,54.8,15.2,1.3
2025-08-24,Kanpur,Uttar Pradesh,North,26.4499,80.3319,32.0,63.6,9.2,14.0
2025-08-25,Kanpur,Uttar Pradesh,North,26.4499,80.3319,34.7,58.4,15.1,5.3
2025-08-26,Kanpur,Uttar Pradesh,North,26.4499,80.3319,33.6,54.0,6.1,1.5
2025-08-27,Kanpur,Uttar Pradesh,North,26.4499,80.3319,33.7,45.4,8.7,0.5
2025-08-28,Kanpur,Uttar Pradesh,North,26.4499,80.3319,30.3,39.0,17.9,0.9
2025-08-29,Kanpur,Uttar Pradesh,North,26.4499,80.3319,30.8,51.5,17.5,0.0
2025-08-30,Kanpur,Uttar Pradesh,North,26.4499,80.3319,32.9,56.5,10.2,0.5
2025-08-31,Kanpur,Uttar Pradesh,North,26.4499,80.3319,32.1,55.1,7.2,1.4
2025-09-01,Kanpur,Uttar Pradesh,North,26.4499,80.3319,30.1,58.2,9.5,1.4
2025-09-02,Kanpur,Uttar Pradesh,North,26.4499,80.3319,32.5,39.1,13.1,7.7
2025-09-03,Kanpur,Uttar Pradesh,North,26.4499,80.3319,29.0,54.4,10.5,0.6
2025-09-04,Kanpur,Uttar Pradesh,North,26.4499,80.3319,30.3,47.5,12.8,2.0
2025-09-05,Kanpur,Uttar Pradesh,North,26.4499,80.3319,28.8,39.9,15.5,0.4
2025-09-06,Kanpur,Uttar Pradesh,North,26.4499,80.3319,26.7,54.3,14.6,0.3
2025-09-07,Kanpur,Uttar Pradesh,North,26.4499,80.3319,32.4,63.2,12.5,0.1
2025-09-08,Kanpur,Uttar Pradesh,North,26.4499,80.3319,35.6,66.8,9.9,4.0
2025-09-09,Kanpur,Uttar Pradesh,North,26.4499,80.3319,28.2,62.9,10.1,4.5
2025-09-10,Kanpur,Uttar Pradesh,North,26.4499,80.3319,31.5,49.9,11.7,0.2
2025-09-11,Kanpur,Uttar Pradesh,North,26.4499,80.3319,32.1,44.0,9.0,1.7
2025-09-12,Kanpur,Uttar Pradesh,North,26.4499,80.3319,29.8,57.1,12.1,1.3
2025-09-13,Kanpur,Uttar Pradesh,North,26.4499,80.3319,30.6,60.6,9.9,0.6
2025-09-14,Kanpur,Uttar Pradesh,North,26.4499,80.3319,29.0,62.8,12.1,0.4
2025-09-15,Kanpur,Uttar Pradesh,North,26.4499,80.3319,29.1,62.2,17.1,5.1
2025-09-16,Kanpur,Uttar Pradesh,North,26.4499,80.3319,28.8,61.3,14.2,2.2
2025-09-17,Kanpur,Uttar Pradesh,North,26.4499,80.3319,31.8,60.0,16.8,1.3
2025-09-18,Kanpur,Uttar Pradesh,North,26.4499,80.3319,27.1,64.3,13.7,0.5
2025-09-19,Kanpur,Uttar Pradesh,North,26.4499,80.3319,27.4,49.1,17.1,2.8
2025-09-20,Kanpur,Uttar Pradesh,North,26.4499,80.3319,28.9,44.9,18.9,0.9
2025-09-21,Kanpur,Uttar Pradesh,North,26.4499,80.3319,27.3,69.2,2.6,2.7
2025-09-22,Kanpur,Uttar Pradesh,North,26.4499,80.3319,30.3,61.3,16.1,2.4
2025-09-23,Kanpur,Uttar Pradesh,North,26.4499,80.3319,28.1,53.0,16.8,3.1
2025-09-24,Kanpur,Uttar Pradesh,North,26.4499,80.3319,28.5,61.2,6.5,9.1
2025-09-25,Kanpur,Uttar Pradesh,North,26.4499,80.3319,31.6,50.6,11.5,1.0
2025-09-26,Kanpur,Uttar Pradesh,North,26.4499,80.3319,27.5,61.4,14.7,3.8
2025-09-27,Kanpur,Uttar Pradesh,North,26.4499,80.3319,28.8,55.2,14.0,0.0
2025-09-28,Kanpur,Uttar Pradesh,North,26.4499,80.3319,29.0,58.4,14.0,3.1
2025-09-29,Kanpur,Uttar Pradesh,North,26.4499,80.3319,30.9,59.2,13.4,1.6
2025-09-30,Kanpur,Uttar Pradesh,North,26.4499,80.3319,26.2,63.6,12.0,0.1
2025-10-01,Kanpur,Uttar Pradesh,North,26.4499,80.3319,28.8,61.8,14.7,2.4
2025-10-02,Kanpur,Uttar Pradesh,North,26.4499,80.3319,30.1,61.8,8.8,2.4
2025-10-03,Kanpur,Uttar Pradesh,North,26.4499,80.3319,27.7,52.3,9.2,0.0
2025-10-04,Kanpur,Uttar Pradesh,North,26.4499,80.3319,29.1,64.7,16.9,0.5
2025-10-05,Kanpur,Uttar Pradesh,North,26.4499,80.3319,23.9,75.0,11.3,5.0
2025-10-06,Kanpur,Uttar Pradesh,North,26.4499,80.3319,29.8,58.3,14.8,1.0
2025-10-07,Kanpur,Uttar Pradesh,North,26.4499,80.3319,27.6,66.4,10.7,0.1
2025-10-08,Kanpur,Uttar Pradesh,North,26.4499,80.3319,26.9,68.9,13.9,2.3
2025-10-09,Kanpur,Uttar Pradesh,North,26.4499,80.3319,25.0,58.9,11.9,2.1
2025-10-10,Kanpur,Uttar Pradesh,North,26.4499,80.3319,27.9,67.1,10.2,4.4
2025-10-11,Kanpur,Uttar Pradesh,North,26.4499,80.3319,27.8,55.5,14.8,0.6
2025-10-12,Kanpur,Uttar Pradesh,North,26.4499,80.3319,28.5,62.4,13.1,0.7
2025-10-13,Kanpur,Uttar Pradesh,North,26.4499,80.3319,26.1,51.5,7.9,3.2
2025-10-14,Kanpur,Uttar Pradesh,North,26.4499,80.3319,30.1,65.0,7.8,3.7
2025-10-15,Kanpur,Uttar Pradesh,North,26.4499,80.3319,27.1,68.4,8.4,0.7
2025-10-16,Kanpur,Uttar Pradesh,North,26.4499,80.3319,24.3,56.8,13.5,4.3
2025-10-17,Kanpur,Uttar Pradesh,North,26.4499,80.3319,29.1,70.2,7.6,2.8
2025-10-18,Kanpur,Uttar Pradesh,North,26.4499,80.3319,25.6,57.2,3.2,0.8
2025-10-19,Kanpur,Uttar Pradesh,North,26.4499,80.3319,25.6,57.7,14.7,2.5
2025-10-20,Kanpur,Uttar Pradesh,North,26.4499,80.3319,26.2,68.3,9.4,4.0
2025-10-21,Kanpur,Uttar Pradesh,North,26.4499,80.3319,26.2,69.0,6.0,7.7
2025-10-22,Kanpur,Uttar Pradesh,North,26.4499,80.3319,28.6,68.3,9.2,3.2
2025-10-23,Kanpur,Uttar Pradesh,North,26.4499,80.3319,25.6,64.7,7.1,1.8
2025-10-24,Kanpur,Uttar Pradesh,North,26.4499,80.3319,22.0,61.3,4.3,1.2
2025-10-25,Kanpur,Uttar Pradesh,North,26.4499,80.3319,25.0,70.2,4.2,0.5
2025-10-26,Kanpur,Uttar Pradesh,North,26.4499,80.3319,25.5,66.6,11.6,4.0
2025-10-27,Kanpur,Uttar Pradesh,North,26.4499,80.3319,22.9,57.4,12.7,3.4
2025-10-28,Kanpur,Uttar Pradesh,North,26.4499,80.3319,22.7,59.6,13.8,4.6
2025-10-29,Kanpur,Uttar Pradesh,North,26.4499,80.3319,27.2,73.3,14.9,3.6
2025-10-30,Kanpur,Uttar Pradesh,North,26.4499,80.3319,24.0,66.3,8.6,2.7
2025-10-31,Kanpur,Uttar Pradesh,North,26.4499,80.3319,25.1,69.0,12.2,0.4
2025-11-01,Kanpur,Uttar Pradesh,North,26.4499,80.3319,22.7,68.3,17.9,2.6
2025-11-02,Kanpur,Uttar Pradesh,North,26.4499,80.3319,26.3,67.6,13.2,0.2
2025-11-03,Kanpur,Uttar Pradesh,North,26.4499,80.3319,27.2,59.1,6.5,1.6
2025-11-04,Kanpur,Uttar Pradesh,North,26.4499,80.3319,24.8,55.5,6.2,3.3
2025-11-05,Kanpur,Uttar Pradesh,North,26.4499,80.3319,24.1,65.4,12.2,0.9
2025-11-06,Kanpur,Uttar Pradesh,North,26.4499,80.3319,24.9,67.0,13.9,3.7
2025-11-07,Kanpur,Uttar Pradesh,North,26.4499,80.3319,23.6,74.0,6.6,0.7
2025-11-08,Kanpur,Uttar Pradesh,North,26.4499,80.3319,24.4,68.0,12.9,2.6
2025-11-09,Kanpur,Uttar Pradesh,North,26.4499,80.3319,23.0,65.7,11.4,1.2
2025-11-10,Kanpur,Uttar Pradesh,North,26.4499,80.3319,23.5,67.0,16.8,0.3
2025-11-11,Kanpur,Uttar Pradesh,North,26.4499,80.3319,25.6,71.8,18.2,0.2
2025-11-12,Kanpur,Uttar Pradesh,North,26.4499,80.3319,29.7,70.4,13.0,0.2
2025-11-13,Kanpur,Uttar Pradesh,North,26.4499,80.3319,25.2,64.8,15.7,1.5
2025-11-14,Kanpur,Uttar Pradesh,North,26.4499,80.3319,22.0,57.3,19.0,0.7
2025-11-15,Kanpur,Uttar Pradesh,North,26.4499,80.3319,25.8,73.6,6.9,0.0
2025-11-16,Kanpur,Uttar Pradesh,North,26.4499,80.3319,25.5,66.4,17.6,0.7
2025-11-17,Kanpur,Uttar Pradesh,North,26.4499,80.3319,26.2,63.4,6.0,3.2
2025-11-18,Kanpur,Uttar Pradesh,North,26.4499,80.3319,24.5,62.5,8.6,0.5
2025-11-19,Kanpur,Uttar Pradesh,North,26.4499,80.3319,20.5,67.8,11.4,4.1
2025-11-20,Kanpur,Uttar Pradesh,North,26.4499,80.3319,22.0,72.8,12.8,0.4
2025-11-21,Kanpur,Uttar Pradesh,North,26.4499,80.3319,24.6,59.6,20.2,3.2
2025-11-22,Kanpur,Uttar Pradesh,North,26.4499,80.3319,23.2,59.0,10.2,1.6
2025-11-23,Kanpur,Uttar Pradesh,North,26.4499,80.3319,23.5,63.2,10.2,0.2
2025-11-24,Kanpur,Uttar Pradesh,North,26.4499,80.3319,21.7,67.3,11.1,1.9
2025-11-25,Kanpur,Uttar Pradesh,North,26.4499,80.3319,25.8,74.6,10.6,0.3
2025-11-26,Kanpur,Uttar Pradesh,North,26.4499,80.3319,22.9,69.8,14.7,0.5
2025-11-27,Kanpur,Uttar Pradesh,North,26.4499,80.3319,24.4,66.5,17.2,0.6
2025-11-28,Kanpur,Uttar Pradesh,North,26.4499,80.3319,24.7,70.8,9.4,2.3
2025-11-29,Kanpur,Uttar Pradesh,North,26.4499,80.3319,25.0,78.4,18.5,0.6
2025-11-30,Kanpur,Uttar Pradesh,North,26.4499,80.3319,24.8,72.3,10.6,0.7
2025-12-01,Kanpur,Uttar Pradesh,North,26.4499,80.3319,27.3,69.5,16.7,3.3
2025-12-02,Kanpur,Uttar Pradesh,North,26.4499,80.3319,23.6,65.4,18.9,0.8
2025-12-03,Kanpur,Uttar Pradesh,North,26.4499,80.3319,25.7,68.6,7.2,7.6
2025-12-04,Kanpur,Uttar Pradesh,North,26.4499,80.3319,19.6,61.7,18.8,0.1
2025-12-05,Kanpur,Uttar Pradesh,North,26.4499,80.3319,22.4,67.8,14.0,1.2
2025-12-06,Kanpur,Uttar Pradesh,North,26.4499,80.3319,25.2,72.4,11.4,0.7
2025-12-07,Kanpur,Uttar Pradesh,North,26.4499,80.3319,24.9,69.8,10.5,0.1
2025-12-08,Kanpur,Uttar Pradesh,North,26.4499,80.3319,23.5,71.4,9.1,0.5
2025-12-09,Kanpur,Uttar Pradesh,North,26.4499,80.3319,22.4,72.0,12.8,0.6
2025-12-10,Kanpur,Uttar Pradesh,North,26.4499,80.3319,24.0,58.0,8.3,0.2
2025-12-11,Kanpur,Uttar Pradesh,North,26.4499,80.3319,19.9,65.6,15.7,1.6
2025-12-12,Kanpur,Uttar Pradesh,North,26.4499,80.3319,25.2,67.3,10.5,0.1
2025-12-13,Kanpur,Uttar Pradesh,North,26.4499,80.3319,26.9,72.5,14.1,4.8
2025-12-14,Kanpur,Uttar Pradesh,North,26.4499,80.3319,23.3,63.2,15.7,1.8
2025-12-15,Kanpur,Uttar Pradesh,North,26.4499,80.3319,23.8,70.1,15.0,5.3
2025-12-16,Kanpur,Uttar Pradesh,North,26.4499,80.3319,25.5,64.8,10.3,4.7
2025-12-17,Kanpur,Uttar Pradesh,North,26.4499,80.3319,25.3,60.8,8.6,0.7
2025-12-18,Kanpur,Uttar Pradesh,North,26.4499,80.3319,24.5,73.5,12.3,2.5
2025-12-19,Kanpur,Uttar Pradesh,North,26.4499,80.3319,24.3,80.7,9.3,1.1
2025-12-20,Kanpur,Uttar Pradesh,North,26.4499,80.3319,23.8,54.8,5.6,0.1
2025-12-21,Kanpur,Uttar Pradesh,North,26.4499,80.3319,26.7,79.5,17.3,1.0
2025-12-22,Kanpur,Uttar Pradesh,North,26.4499,80.3319,23.1,66.0,9.4,2.6
2025-12-23,Kanpur,Uttar Pradesh,North,26.4499,80.3319,22.2,63.1,15.0,5.1
2025-12-24,Kanpur,Uttar Pradesh,North,26.4499,80.3319,25.9,66.8,2.6,0.9
2025-12-25,Kanpur,Uttar Pradesh,North,26.4499,80.3319,26.2,61.0,8.7,1.0
2025-12-26,Kanpur,Uttar Pradesh,North,26.4499,80.3319,21.4,68.6,12.9,2.2
2025-12-27,Kanpur,Uttar Pradesh,North,26.4499,80.3319,27.5,64.9,9.8,0.2
2025-12-28,Kanpur,Uttar Pradesh,North,26.4499,80.3319,25.2,65.4,9.8,3.5
2025-12-29,Kanpur,Uttar Pradesh,North,26.4499,80.3319,23.2,56.4,7.1,0.2
2025-12-30,Kanpur,Uttar Pradesh,North,26.4499,80.3319,26.5,68.2,4.8,0.1
2025-12-31,Kanpur,Uttar Pradesh,North,26.4499,80.3319,24.6,63.8,17.4,1.6
2025-01-01,Patna,Bihar,East,25.5941,85.1376,26.9,61.1,6.6,0.2
2025-01-02,Patna,Bihar,East,25.5941,85.1376,24.8,63.9,12.9,0.1
2025-01-03,Patna,Bihar,East,25.5941,85.1376,25.5,58.4,15.3,1.0
2025-01-04,Patna,Bihar,East,25.5941,85.1376,22.8,76.7,8.8,0.8
2025-01-05,Patna,Bihar,East,25.5941,85.1376,22.3,56.4,11.2,3.3
2025-01-06,Patna,Bihar,East,25.5941,85.1376,23.7,61.7,15.5,0.3
2025-01-07,Patna,Bihar,East,25.5941,85.1376,24.0,64.5,7.8,0.6
2025-01-08,Patna,Bihar,East,25.5941,85.1376,21.9,77.6,8.1,0.3
2025-01-09,Patna,Bihar,East,25.5941,85.1376,24.5,61.9,10.9,0.1
2025-01-10,Patna,Bihar,East,25.5941,85.1376,27.6,68.8,17.9,2.5
2025-01-11,Patna,Bihar,East,25.5941,85.1376,23.0,66.0,13.6,1.7
2025-01-12,Patna,Bihar,East,25.5941,85.1376,24.6,61.5,14.1,0.6
2025-01-13,Patna,Bihar,East,25.5941,85.1376,21.9,64.8,10.8,0.7
2025-01-14,Patna,Bihar,East,25.5941,85.1376,23.3,62.9,13.2,4.6
2025-01-15,Patna,Bihar,East,25.5941,85.1376,27.7,67.8,12.0,4.4
2025-01-16,Patna,Bihar,East,25.5941,85.1376,26.7,64.1,7.6,0.1
2025-01-17,Patna,Bihar,East,25.5941,85.1376,22.9,72.8,14.6,3.0
2025-01-18,Patna,Bihar,East,25.5941,85.1376,25.3,56.1,14.0,0.3
2025-01-19,Patna,Bihar,East,25.5941,85.1376,23.9,61.8,13.1,0.7
2025-01-20,Patna,Bihar,East,25.5941,85.1376,25.6,69.8,12.0,0.2
2025-01-21,Patna,Bihar,East,25.5941,85.1376,25.1,62.9,12.9,0.6
2025-01-22,Patna,Bihar,East,25.5941,85.1376,24.6,63.2,10.6,0.8
2025-01-23,Patna,Bihar,East,25.5941,85.1376,27.6,62.9,10.9,1.5
2025-01-24,Patna,Bihar,East,25.5941,85.1376,27.8,61.6,12.0,0.8
2025-01-25,Patna,Bihar,East,25.5941,85.1376,25.4,65.3,9.1,0.5
2025-01-26,Patna,Bihar,East,25.5941,85.1376,24.5,69.8,15.0,0.1
2025-01-27,Patna,Bihar,East,25.5941,85.1376,26.6,68.7,12.0,1.8
2025-01-28,Patna,Bihar,East,25.5941,85.1376,25.4,52.3,14.8,0.1
2025-01-29,Patna,Bihar,East,25.5941,85.1376,27.4,60.0,9.9,0.5
2025-01-30,Patna,Bihar,East,25.5941,85.1376,25.4,56.8,10.7,5.4
2025-01-31,Patna,Bihar,East,25.5941,85.1376,26.6,58.8,10.3,0.6
2025-02-01,Patna,Bihar,East,25.5941,85.1376,26.8,61.8,10.7,0.6
2025-02-02,Patna,Bihar,East,25.5941,85.1376,29.4,68.1,13.2,3.0
2025-02-03,Patna,Bihar,East,25.5941,85.1376,26.6,51.4,12.0,0.8
2025-02-04,Patna,Bihar,East,25.5941,85.1376,27.5,57.8,11.5,0.8
2025-02-05,Patna,Bihar,East,25.5941,85.1376,26.9,59.5,7.6,0.6
2025-02-06,Patna,Bihar,East,25.5941,85.1376,27.0,58.8,16.1,0.6
2025-02-07,Patna,Bihar,East,25.5941,85.1376,26.0,61.2,13.3,0.5
2025-02-08,Patna,Bihar,East,25.5941,85.1376,25.1,58.9,20.1,3.0
2025-02-09,Patna,Bihar,East,25.5941,85.1376,25.9,52.4,13.4,2.9
2025-02-10,Patna,Bihar,East,25.5941,85.1376,27.6,76.6,7.2,0.1
2025-02-11,Patna,Bihar,East,25.5941,85.1376,31.0,60.5,5.6,2.2
2025-02-12,Patna,Bihar,East,25.5941,85.1376,29.5,62.8,3.5,1.3
2025-02-13,Patna,Bihar,East,25.5941,85.1376,31.3,53.7,12.1,2.4
2025-02-14,Patna,Bihar,East,25.5941,85.1376,30.2,57.6,16.6,3.6
2025-02-15,Patna,Bihar,East,25.5941,85.1376,28.3,56.0,15.4,4.5
2025-02-16,Patna,Bihar,East,25.5941,85.1376,29.7,60.2,20.7,0.8
2025-02-17,Patna,Bihar,East,25.5941,85.1376,29.6,67.7,5.9,6.7
2025-02-18,Patna,Bihar,East,25.5941,85.1376,32.2,61.6,12.4,0.0
2025-02-19,Patna,Bihar,East,25.5941,85.1376,32.5,60.6,13.6,0.0
2025-02-20,Patna,Bihar,East,25.5941,85.1376,30.1,56.2,5.9,0.1
2025-02-21,Patna,Bihar,East,25.5941,85.1376,25.6,59.4,11.5,1.0
2025-02-22,Patna,Bihar,East,25.5941,85.1376,29.3,58.4,12.1,3.1
2025-02-23,Patna,Bihar,East,25.5941,85.1376,33.5,55.8,11.4,3.3
2025-02-24,Patna,Bihar,East,25.5941,85.1376,28.4,67.6,12.2,2.7
2025-02-25,Patna,Bihar,East,25.5941,85.1376,31.3,53.9,6.2,4.0
2025-02-26,Patna,Bihar,East,25.5941,85.1376,30.1,65.0,10.0,1.6
2025-02-27,Patna,Bihar,East,25.5941,85.1376,32.7,52.9,4.8,0.2
2025-02-28,Patna,Bihar,East,25.5941,85.1376,33.2,53.3,15.7,2.0
2025-03-01,Patna,Bihar,East,25.5941,85.1376,33.6,57.5,12.6,2.0
2025-03-02,Patna,Bihar,East,25.5941,85.1376,33.9,58.8,13.9,2.9
2025-03-03,Patna,Bihar,East,25.5941,85.1376,30.4,54.5,8.4,0.1
2025-03-04,Patna,Bihar,East,25.5941,85.1376,30.7,53.8,11.7,2.1
2025-03-05,Patna,Bihar,East,25.5941,85.1376,32.3,44.6,11.5,0.2
2025-03-06,Patna,Bihar,East,25.5941,85.1376,31.8,54.8,9.0,0.0
2025-03-07,Patna,Bihar,East,25.5941,85.1376,32.9,56.9,16.2,1.4
2025-03-08,Patna,Bihar,East,25.5941,85.1376,32.2,53.3,12.6,1.0
2025-03-09,Patna,Bihar,East,25.5941,85.1376,30.4,63.1,2.2,0.3
2025-03-10,Patna,Bihar,East,25.5941,85.1376,31.8,55.7,15.8,0.0
2025-03-11,Patna,Bihar,East,25.5941,85.1376,31.6,53.3,9.3,0.0
2025-03-12,Patna,Bihar,East,25.5941,85.1376,34.4,50.9,7.5,0.0
2025-03-13,Patna,Bihar,East,25.5941,85.1376,32.2,55.8,8.0,2.0
2025-03-14,Patna,Bihar,East,25.5941,85.1376,31.3,45.9,15.0,0.0
2025-03-15,Patna,Bihar,East,25.5941,85.1376,38.7,57.0,10.9,3.0
2025-03-16,Patna,Bihar,East,25.5941,85.1376,34.5,61.8,10.5,3.4
2025-03-17,Patna,Bihar,East,25.5941,85.1376,32.8,43.3,19.8,3.7
2025-03-18,Patna,Bihar,East,25.5941,85.1376,31.5,51.0,8.1,0.0
2025-03-19,Patna,Bihar,East,25.5941,85.1376,31.6,51.2,14.8,0.0
2025-03-20,Patna,Bihar,East,25.5941,85.1376,35.2,63.2,19.0,0.0
2025-03-21,Patna,Bihar,East,25.5941,85.1376,30.9,63.4,10.4,0.0
2025-03-22,Patna,Bihar,East,25.5941,85.1376,33.4,52.1,6.4,0.0
2025-03-23,Patna,Bihar,East,25.5941,85.1376,31.0,59.8,16.8,0.0
2025-03-24,Patna,Bihar,East,25.5941,85.1376,33.5,50.4,13.0,0.0
2025-03-25,Patna,Bihar,East,25.5941,85.1376,34.3,47.8,6.3,0.0
2025-03-26,Patna,Bihar,East,25.5941,85.1376,38.2,51.1,11.4,1.6
2025-03-27,Patna,Bihar,East,25.5941,85.1376,31.2,47.6,13.7,0.0
2025-03-28,Patna,Bihar,East,25.5941,85.1376,33.0,51.4,14.5,0.0
2025-03-29,Patna,Bihar,East,25.5941,85.1376,33.5,50.1,12.7,6.7
2025-03-30,Patna,Bihar,East,25.5941,85.1376,35.8,60.3,13.3,0.0
2025-03-31,Patna,Bihar,East,25.5941,85.1376,37.2,53.1,14.8,0.0
2025-04-01,Patna,Bihar,East,25.5941,85.1376,36.3,55.1,7.5,0.0
2025-04-02,Patna,Bihar,East,25.5941,85.1376,30.1,48.4,16.6,0.0
2025-04-03,Patna,Bihar,East,25.5941,85.1376,32.7,50.9,13.3,0.0
2025-04-04,Patna,Bihar,East,25.5941,85.1376,35.7,36.3,8.1,0.0
2025-04-05,Patna,Bihar,East,25.5941,85.1376,37.2,42.6,12.5,1.0
2025-04-06,Patna,Bihar,East,25.5941,85.1376,38.6,46.1,22.0,0.0
2025-04-07,Patna,Bihar,East,25.5941,85.1376,35.7,49.2,6.4,0.0
2025-04-08,Patna,Bihar,East,25.5941,85.1376,38.6,41.8,11.1,0.0
2025-04-09,Patna,Bihar,East,25.5941,85.1376,36.0,42.6,11.3,0.0
2025-04-10,Patna,Bihar,East,25.5941,85.1376,35.3,48.9,17.7,0.2
2025-04-11,Patna,Bihar,East,25.5941,85.1376,35.5,40.0,13.6,0.0
2025-04-12,Patna,Bihar,East,25.5941,85.1376,36.4,50.5,7.5,0.0
2025-04-13,Patna,Bihar,East,25.5941,85.1376,38.6,48.7,12.6,0.0
2025-04-14,Patna,Bihar,East,25.5941,85.1376,35.4,49.8,12.7,0.0
2025-04-15,Patna,Bihar,East,25.5941,85.1376,33.9,38.3,15.6,0.0
2025-04-16,Patna,Bihar,East,25.5941,85.1376,36.3,54.8,14.0,4.3
2025-04-17,Patna,Bihar,East,25.5941,85.1376,34.8,44.1,12.4,0.0
2025-04-18,Patna,Bihar,East,25.5941,85.1376,35.0,42.7,13.6,0.0
2025-04-19,Patna,Bihar,East,25.5941,85.1376,37.5,39.4,9.0,0.0
2025-04-20,Patna,Bihar,East,25.5941,85.1376,40.9,46.3,19.3,0.0
2025-04-21,Patna,Bihar,East,25.5941,85.1376,35.0,53.1,6.3,0.0
2025-04-22,Patna,Bihar,East,25.5941,85.1376,35.7,43.0,7.3,0.0
2025-04-23,Patna,Bihar,East,25.5941,85.1376,34.0,41.3,9.6,0.0
2025-04-24,Patna,Bihar,East,25.5941,85.1376,40.3,42.5,14.1,0.0
2025-04-25,Patna,Bihar,East,25.5941,85.1376,34.8,46.8,12.7,0.0
2025-04-26,Patna,Bihar,East,25.5941,85.1376,38.1,46.2,14.0,0.0
2025-04-27,Patna,Bihar,East,25.5941,85.1376,35.5,46.4,14.4,0.5
2025-04-28,Patna,Bihar,East,25.5941,85.1376,35.4,37.1,3.1,0.0
2025-04-29,Patna,Bihar,East,25.5941,85.1376,39.2,50.3,15.3,0.0
2025-04-30,Patna,Bihar,East,25.5941,85.1376,38.4,32.0,7.9,0.0
2025-05-01,Patna,Bihar,East,25.5941,85.1376,38.2,44.8,14.3,1.3
2025-05-02,Patna,Bihar,East,25.5941,85.1376,38.2,40.8,15.9,0.0
2025-05-03,Patna,Bihar,East,25.5941,85.1376,37.2,48.4,10.3,0.0
2025-05-04,Patna,Bihar,East,25.5941,85.1376,38.0,43.3,7.0,0.0
2025-05-05,Patna,Bihar,East,25.5941,85.1376,39.5,45.0,9.5,0.0
2025-05-06,Patna,Bihar,East,25.5941,85.1376,35.3,33.6,11.7,0.0
2025-05-07,Patna,Bihar,East,25.5941,85.1376,36.1,48.0,21.7,0.0
2025-05-08,Patna,Bihar,East,25.5941,85.1376,37.8,46.1,12.4,0.0
2025-05-09,Patna,Bihar,East,25.5941,85.1376,37.9,49.6,5.9,0.0
2025-05-10,Patna,Bihar,East,25.5941,85.1376,37.5,28.4,13.8,0.0
2025-05-11,Patna,Bihar,East,25.5941,85.1376,38.4,44.4,14.3,0.0
2025-05-12,Patna,Bihar,East,25.5941,85.1376,35.9,30.3,9.1,0.0
2025-05-13,Patna,Bihar,East,25.5941,85.1376,37.4,41.9,14.7,0.0
2025-05-14,Patna,Bihar,East,25.5941,85.1376,40.3,47.9,3.9,0.0
2025-05-15,Patna,Bihar,East,25.5941,85.1376,41.0,52.4,14.9,0.0
2025-05-16,Patna,Bihar,East,25.5941,85.1376,36.6,48.5,15.3,0.0
2025-05-17,Patna,Bihar,East,25.5941,85.1376,37.0,36.6,15.6,0.0
2025-05-18,Patna,Bihar,East,25.5941,85.1376,42.6,36.0,16.1,0.0
2025-05-19,Patna,Bihar,East,25.5941,85.1376,37.0,38.0,7.8,0.0
2025-05-20,Patna,Bihar,East,25.5941,85.1376,40.8,49.5,8.2,0.0
2025-05-21,Patna,Bihar,East,25.5941,85.1376,41.7,39.2,10.1,0.0
2025-05-22,Patna,Bihar,East,25.5941,85.1376,39.4,44.6,11.3,0.0
2025-05-23,Patna,Bihar,East,25.5941,85.1376,40.4,38.3,15.3,0.0
2025-05-24,Patna,Bihar,East,25.5941,85.1376,39.9,37.8,6.9,0.0
2025-05-25,Patna,Bihar,East,25.5941,85.1376,38.8,38.8,7.2,0.0
2025-05-26,Patna,Bihar,East,25.5941,85.1376,37.5,34.3,10.1,0.0
2025-05-27,Patna,Bihar,East,25.5941,85.1376,39.8,38.3,4.8,0.0
2025-05-28,Patna,Bihar,East,25.5941,85.1376,41.2,39.8,11.7,0.0
2025-05-29,Patna,Bihar,East,25.5941,85.1376,38.0,44.7,12.4,0.0
2025-05-30,Patna,Bihar,East,25.5941,85.1376,36.1,37.5,11.4,0.0
2025-05-31,Patna,Bihar,East,25.5941,85.1376,37.4,40.8,9.2,0.0
2025-06-01,Patna,Bihar,East,25.5941,85.1376,40.9,37.0,7.0,0.0
2025-06-02,Patna,Bihar,East,25.5941,85.1376,42.5,50.4,5.0,0.0
2025-06-03,Patna,Bihar,East,25.5941,85.1376,38.4,41.5,11.4,0.0
2025-06-04,Patna,Bihar,East,25.5941,85.1376,40.8,49.5,11.9,0.0
2025-06-05,Patna,Bihar,East,25.5941,85.1376,40.4,42.8,9.7,0.0
2025-06-06,Patna,Bihar,East,25.5941,85.1376,39.6,46.2,13.8,0.0
2025-06-07,Patna,Bihar,East,25.5941,85.1376,42.7,48.2,19.5,0.0
2025-06-08,Patna,Bihar,East,25.5941,85.1376,37.8,34.4,16.1,0.0
2025-06-09,Patna,Bihar,East,25.5941,85.1376,42.1,37.3,6.6,0.0
2025-06-10,Patna,Bihar,East,25.5941,85.1376,41.7,52.6,10.8,0.0
2025-06-11,Patna,Bihar,East,25.5941,85.1376,39.3,56.2,8.4,0.0
2025-06-12,Patna,Bihar,East,25.5941,85.1376,38.8,36.8,10.5,0.0
2025-06-13,Patna,Bihar,East,25.5941,85.1376,38.6,45.7,14.1,0.0
2025-06-14,Patna,Bihar,East,25.5941,85.1376,42.7,48.0,15.3,0.0
2025-06-15,Patna,Bihar,East,25.5941,85.1376,43.1,46.5,8.0,0.0
2025-06-16,Patna,Bihar,East,25.5941,85.1376,37.8,40.6,13.2,0.3
2025-06-17,Patna,Bihar,East,25.5941,85.1376,40.0,46.2,12.0,0.0
2025-06-18,Patna,Bihar,East,25.5941,85.1376,37.5,55.5,14.1,0.0
2025-06-19,Patna,Bihar,East,25.5941,85.1376,40.5,41.3,10.0,0.0
2025-06-20,Patna,Bihar,East,25.5941,85.1376,37.2,35.6,6.0,0.0
2025-06-21,Patna,Bihar,East,25.5941,85.1376,37.1,55.3,10.2,0.0
2025-06-22,Patna,Bihar,East,25.5941,85.1376,38.8,52.5,17.3,0.0
2025-06-23,Patna,Bihar,East,25.5941,85.1376,41.3,39.8,12.4,0.0
2025-06-24,Patna,Bihar,East,25.5941,85.1376,38.5,56.9,16.4,5.8
2025-06-25,Patna,Bihar,East,25.5941,85.1376,38.5,35.4,13.4,0.0
2025-06-26,Patna,Bihar,East,25.5941,85.1376,34.5,44.6,9.7,0.0
2025-06-27,Patna,Bihar,East,25.5941,85.1376,37.2,38.2,17.1,0.0
2025-06-28,Patna,Bihar,East,25.5941,85.1376,38.8,44.0,15.7,0.0
2025-06-29,Patna,Bihar,East,25.5941,85.1376,41.2,44.0,5.4,0.0
2025-06-30,Patna,Bihar,East,25.5941,85.1376,38.9,42.9,21.9,0.0
2025-07-01,Patna,Bihar,East,25.5941,85.1376,38.6,29.7,16.2,0.0
2025-07-02,Patna,Bihar,East,25.5941,85.1376,37.0,49.4,10.1,0.0
2025-07-03,Patna,Bihar,East,25.5941,85.1376,38.6,44.7,11.4,0.0
2025-07-04,Patna,Bihar,East,25.5941,85.1376,38.6,44.5,10.9,0.0
2025-07-05,Patna,Bihar,East,25.5941,85.1376,37.7,51.5,11.5,0.0
2025-07-06,Patna,Bihar,East,25.5941,85.1376,37.6,37.7,14.6,0.0
2025-07-07,Patna,Bihar,East,25.5941,85.1376,39.0,46.7,8.4,0.0
2025-07-08,Patna,Bihar,East,25.5941,85.1376,39.8,49.2,17.6,0.0
2025-07-09,Patna,Bihar,East,25.5941,85.1376,34.6,52.4,11.7,0.0
2025-07-10,Patna,Bihar,East,25.5941,85.1376,36.6,41.3,12.9,0.0
2025-07-11,Patna,Bihar,East,25.5941,85.1376,35.6,40.8,14.6,0.0
2025-07-12,Patna,Bihar,East,25.5941,85.1376,34.0,56.8,11.7,0.0
2025-07-13,Patna,Bihar,East,25.5941,85.1376,36.0,49.0,14.6,0.0
2025-07-14,Patna,Bihar,East,25.5941,85.1376,39.0,58.6,11.1,0.0
2025-07-15,Patna,Bihar,East,25.5941,85.1376,37.3,39.5,10.9,0.0
2025-07-16,Patna,Bihar,East,25.5941,85.1376,37.0,46.8,13.3,0.0
2025-07-17,Patna,Bihar,East,25.5941,85.1376,35.1,53.6,15.4,0.6
2025-07-18,Patna,Bihar,East,25.5941,85.1376,36.5,45.8,13.1,0.0
2025-07-19,Patna,Bihar,East,25.5941,85.1376,35.5,36.1,8.0,0.0
2025-07-20,Patna,Bihar,East,25.5941,85.1376,33.7,51.7,15.5,0.0
2025-07-21,Patna,Bihar,East,25.5941,85.1376,36.5,55.9,9.6,0.0
2025-07-22,Patna,Bihar,East,25.5941,85.1376,36.3,53.0,13.5,0.0
2025-07-23,Patna,Bihar,East,25.5941,85.1376,41.6,47.6,12.6,0.0
2025-07-24,Patna,Bihar,East,25.5941,85.1376,38.2,48.0,12.4,0.0
2025-07-25,Patna,Bihar,East,25.5941,85.1376,36.0,38.8,9.8,0.0
2025-07-26,Patna,Bihar,East,25.5941,85.1376,36.6,40.6,13.8,0.0
2025-07-27,Patna,Bihar,East,25.5941,85.1376,37.5,56.7,15.6,0.0
2025-07-28,Patna,Bihar,East,25.5941,85.1376,35.2,43.9,12.0,0.6
2025-07-29,Patna,Bihar,East,25.5941,85.1376,35.6,40.6,9.7,0.0
2025-07-30,Patna,Bihar,East,25.5941,85.1376,36.4,53.4,8.9,0.0
2025-07-31,Patna,Bihar,East,25.5941,85.1376,37.5,54.0,3.3,0.0
2025-08-01,Patna,Bihar,East,25.5941,85.1376,36.7,48.0,15.3,0.0
2025-08-02,Patna,Bihar,East,25.5941,85.1376,32.8,37.1,12.0,0.0
2025-08-03,Patna,Bihar,East,25.5941,85.1376,33.3,38.7,16.6,0.0
2025-08-04,Patna,Bihar,East,25.5941,85.1376,33.7,50.1,8.4,0.0
2025-08-05,Patna,Bihar,East,25.5941,85.1376,33.8,50.3,15.7,0.0
2025-08-06,Patna,Bihar,East,25.5941,85.1376,35.3,53.1,14.5,0.0
2025-08-07,Patna,Bihar,East,25.5941,85.1376,34.1,51.3,10.1,0.0
2025-08-08,Patna,Bihar,East,25.5941,85.1376,33.7,54.9,11.2,0.0
2025-08-09,Patna,Bihar,East,25.5941,85.1376,34.1,50.7,9.1,0.4
2025-08-10,Patna,Bihar,East,25.5941,85.1376,34.1,42.0,10.8,0.0
2025-08-11,Patna,Bihar,East,25.5941,85.1376,33.3,51.8,9.0,0.0
2025-08-12,Patna,Bihar,East,25.5941,85.1376,33.9,45.3,10.4,0.0
2025-08-13,Patna,Bihar,East,25.5941,85.1376,33.6,54.3,15.1,0.0
2025-08-14,Patna,Bihar,East,25.5941,85.1376,36.4,56.9,14.2,0.0
2025-08-15,Patna,Bihar,East,25.5941,85.1376,34.5,57.7,14.4,0.0
2025-08-16,Patna,Bihar,East,25.5941,85.1376,31.2,42.8,12.6,0.3
2025-08-17,Patna,Bihar,East,25.5941,85.1376,33.1,49.4,5.0,0.0
2025-08-18,Patna,Bihar,East,25.5941,85.1376,32.0,42.4,18.0,1.5
2025-08-19,Patna,Bihar,East,25.5941,85.1376,30.3,46.6,9.2,0.5
2025-08-20,Patna,Bihar,East,25.5941,85.1376,33.8,54.4,21.3,0.0
2025-08-21,Patna,Bihar,East,25.5941,85.1376,33.2,44.0,10.5,0.0
2025-08-22,Patna,Bihar,East,25.5941,85.1376,34.8,53.2,14.3,0.2
2025-08-23,Patna,Bihar,East,25.5941,85.1376,34.9,55.8,11.7,0.5
2025-08-24,Patna,Bihar,East,25.5941,85.1376,30.5,48.9,14.0,0.0
2025-08-25,Patna,Bihar,East,25.5941,85.1376,36.2,56.8,15.4,1.3
2025-08-26,Patna,Bihar,East,25.5941,85.1376,31.4,50.3,8.9,0.4
2025-08-27,Patna,Bihar,East,25.5941,85.1376,30.7,62.3,7.7,6.2
2025-08-28,Patna,Bihar,East,25.5941,85.1376,30.5,53.2,12.5,5.2
2025-08-29,Patna,Bihar,East,25.5941,85.1376,32.0,36.8,9.2,0.5
2025-08-30,Patna,Bihar,East,25.5941,85.1376,29.5,57.5,15.6,0.9
2025-08-31,Patna,Bihar,East,25.5941,85.1376,32.8,53.8,11.6,3.1
2025-09-01,Patna,Bihar,East,25.5941,85.1376,28.2,61.1,11.3,0.6
2025-09-02,Patna,Bihar,East,25.5941,85.1376,28.6,58.7,10.5,1.4
2025-09-03,Patna,Bihar,East,25.5941,85.1376,30.0,42.0,11.2,4.1
2025-09-04,Patna,Bihar,East,25.5941,85.1376,30.2,57.9,11.5,0.2
2025-09-05,Patna,Bihar,East,25.5941,85.1376,30.8,56.3,11.9,0.4
2025-09-06,Patna,Bihar,East,25.5941,85.1376,31.0,57.5,11.3,4.9
2025-09-07,Patna,Bihar,East,25.5941,85.1376,32.6,59.7,15.3,3.5
2025-09-08,Patna,Bihar,East,25.5941,85.1376,32.2,58.7,19.8,0.5
2025-09-09,Patna,Bihar,East,25.5941,85.1376,29.5,66.8,15.7,2.4
2025-09-10,Patna,Bihar,East,25.5941,85.1376,28.6,49.5,14.9,4.7
2025-09-11,Patna,Bihar,East,25.5941,85.1376,30.1,52.8,9.7,6.2
2025-09-12,Patna,Bihar,East,25.5941,85.1376,31.5,54.6,15.1,0.0
2025-09-13,Patna,Bihar,East,25.5941,85.1376,27.4,51.7,11.8,1.6
2025-09-14,Patna,Bihar,East,25.5941,85.1376,27.8,56.4,8.9,0.8
2025-09-15,Patna,Bihar,East,25.5941,85.1376,32.7,60.7,9.0,3.4
2025-09-16,Patna,Bihar,East,25.5941,85.1376,29.6,62.5,13.3,1.2
2025-09-17,Patna,Bihar,East,25.5941,85.1376,25.1,52.0,12.7,5.3
2025-09-18,Patna,Bihar,East,25.5941,85.1376,29.2,61.4,17.1,0.2
2025-09-19,Patna,Bihar,East,25.5941,85.1376,27.4,57.1,16.1,0.7
2025-09-20,Patna,Bihar,East,25.5941,85.1376,30.0,57.2,4.5,0.0
2025-09-21,Patna,Bihar,East,25.5941,85.1376,27.1,65.4,13.4,2.2
2025-09-22,Patna,Bihar,East,25.5941,85.1376,28.8,60.5,3.9,1.2
2025-09-23,Patna,Bihar,East,25.5941,85.1376,29.7,56.9,17.1,0.2
2025-09-24,Patna,Bihar,East,25.5941,85.1376,27.7,61.5,22.5,1.5
2025-09-25,Patna,Bihar,East,25.5941,85.1376,29.0,54.4,12.6,1.7
2025-09-26,Patna,Bihar,East,25.5941,85.1376,26.1,60.4,15.4,0.3
2025-09-27,Patna,Bihar,East,25.5941,85.1376,25.9,61.2,8.6,1.3
2025-09-28,Patna,Bihar,East,25.5941,85.1376,27.4,61.4,13.2,0.2
2025-09-29,Patna,Bihar,East,25.5941,85.1376,28.5,54.0,13.0,1.6
2025-09-30,Patna,Bihar,East,25.5941,85.1376,29.5,58.4,15.9,1.6
2025-10-01,Patna,Bihar,East,25.5941,85.1376,24.2,67.0,6.0,0.3
2025-10-02,Patna,Bihar,East,25.5941,85.1376,27.6,69.5,9.1,5.0
2025-10-03,Patna,Bihar,East,25.5941,85.1376,30.6,57.6,17.8,3.2
2025-10-04,Patna,Bihar,East,25.5941,85.1376,27.3,62.7,5.3,6.5
2025-10-05,Patna,Bihar,East,25.5941,85.1376,27.0,58.1,8.7,0.8
2025-10-06,Patna,Bihar,East,25.5941,85.1376,27.8,64.2,16.0,0.9
2025-10-07,Patna,Bihar,East,25.5941,85.1376,26.5,60.8,13.7,2.6
2025-10-08,Patna,Bihar,East,25.5941,85.1376,26.6,65.4,14.8,2.0
2025-10-09,Patna,Bihar,East,25.5941,85.1376,27.7,61.4,7.5,0.2
2025-10-10,Patna,Bihar,East,25.5941,85.1376,29.0,64.8,4.8,0.6
2025-10-11,Patna,Bihar,East,25.5941,85.1376,26.1,53.6,13.8,1.3
2025-10-12,Patna,Bihar,East,25.5941,85.1376,24.9,56.1,12.9,0.8
2025-10-13,Patna,Bihar,East,25.5941,85.1376,28.0,60.8,9.1,1.9
2025-10-14,Patna,Bihar,East,25.5941,85.1376,26.8,63.7,14.4,2.4
2025-10-15,Patna,Bihar,East,25.5941,85.1376,26.6,68.5,18.8,3.8
2025-10-16,Patna,Bihar,East,25.5941,85.1376,27.5,70.7,15.5,0.5
2025-10-17,Patna,Bihar,East,25.5941,85.1376,23.4,61.4,1.0,11.7
2025-10-18,Patna,Bihar,East,25.5941,85.1376,25.9,71.6,14.0,0.8
2025-10-19,Patna,Bihar,East,25.5941,85.1376,25.8,70.6,7.7,1.6
2025-10-20,Patna,Bihar,East,25.5941,85.1376,26.8,71.1,19.1,4.9
2025-10-21,Patna,Bihar,East,25.5941,85.1376,23.9,68.7,6.0,0.0
2025-10-22,Patna,Bihar,East,25.5941,85.1376,24.0,60.9,18.6,0.7
2025-10-23,Patna,Bihar,East,25.5941,85.1376,25.9,67.5,12.2,1.2
2025-10-24,Patna,Bihar,East,25.5941,85.1376,24.9,58.4,9.1,0.5
2025-10-25,Patna,Bihar,East,25.5941,85.1376,25.6,59.5,9.6,0.3
2025-10-26,Patna,Bihar,East,25.5941,85.1376,20.7,59.5,11.2,1.5
2025-10-27,Patna,Bihar,East,25.5941,85.1376,24.6,64.0,18.7,1.1
2025-10-28,Patna,Bihar,East,25.5941,85.1376,25.2,60.2,11.0,1.5
2025-10-29,Patna,Bihar,East,25.5941,85.1376,18.9,73.2,14.9,2.8
2025-10-30,Patna,Bihar,East,25.5941,85.1376,25.1,67.3,8.0,0.2
2025-10-31,Patna,Bihar,East,25.5941,85.1376,22.4,74.5,5.7,0.1
2025-11-01,Patna,Bihar,East,25.5941,85.1376,26.2,70.3,12.3,1.8
2025-11-02,Patna,Bihar,East,25.5941,85.1376,26.4,67.4,8.4,1.7
2025-11-03,Patna,Bihar,East,25.5941,85.1376,24.0,74.5,14.9,2.9
2025-11-04,Patna,Bihar,East,25.5941,85.1376,25.1,72.7,10.2,3.0
2025-11-05,Patna,Bihar,East,25.5941,85.1376,21.3,54.3,13.5,0.5
2025-11-06,Patna,Bihar,East,25.5941,85.1376,28.2,66.7,13.4,1.1
2025-11-07,Patna,Bihar,East,25.5941,85.1376,21.5,70.5,4.4,3.1
2025-11-08,Patna,Bihar,East,25.5941,85.1376,24.7,70.5,9.6,2.8
2025-11-09,Patna,Bihar,East,25.5941,85.1376,26.1,71.2,11.1,0.4
2025-11-10,Patna,Bihar,East,25.5941,85.1376,24.3,55.5,9.0,1.4
2025-11-11,Patna,Bihar,East,25.5941,85.1376,20.2,66.8,16.6,0.9
2025-11-12,Patna,Bihar,East,25.5941,85.1376,22.4,57.5,18.7,0.3
2025-11-13,Patna,Bihar,East,25.5941,85.1376,23.6,63.1,6.8,0.9
2025-11-14,Patna,Bihar,East,25.5941,85.1376,25.6,63.7,12.1,2.0
2025-11-15,Patna,Bihar,East,25.5941,85.1376,19.6,71.2,8.2,1.6
2025-11-16,Patna,Bihar,East,25.5941,85.1376,25.7,65.2,13.9,1.6
2025-11-17,Patna,Bihar,East,25.5941,85.1376,22.7,72.4,13.1,3.4
2025-11-18,Patna,Bihar,East,25.5941,85.1376,25.8,70.2,18.2,0.1
2025-11-19,Patna,Bihar,East,25.5941,85.1376,19.2,70.5,5.5,1.8
2025-11-20,Patna,Bihar,East,25.5941,85.1376,23.2,76.0,19.1,1.4
2025-11-21,Patna,Bihar,East,25.5941,85.1376,23.2,71.9,12.9,1.0
2025-11-22,Patna,Bihar,East,25.5941,85.1376,22.5,67.4,17.6,1.6
2025-11-23,Patna,Bihar,East,25.5941,85.1376,23.1,72.1,9.2,0.6
2025-11-24,Patna,Bihar,East,25.5941,85.1376,24.3,75.7,15.6,3.1
2025-11-25,Patna,Bihar,East,25.5941,85.1376,25.0,64.7,5.5,2.2
2025-11-26,Patna,Bihar,East,25.5941,85.1376,26.3,63.7,8.6,3.0
2025-11-27,Patna,Bihar,East,25.5941,85.1376,23.5,72.4,17.1,0.3
2025-11-28,Patna,Bihar,East,25.5941,85.1376,21.8,58.1,8.3,3.3
2025-11-29,Patna,Bihar,East,25.5941,85.1376,21.7,72.6,19.9,0.5
2025-11-30,Patna,Bihar,East,25.5941,85.1376,20.9,70.8,9.5,0.0
2025-12-01,Patna,Bihar,East,25.5941,85.1376,21.1,60.1,15.6,3.4
2025-12-02,Patna,Bihar,East,25.5941,85.1376,22.4,53.7,15.8,0.5
2025-12-03,Patna,Bihar,East,25.5941,85.1376,24.5,53.8,12.1,3.0
2025-12-04,Patna,Bihar,East,25.5941,85.1376,22.2,80.9,9.2,2.8
2025-12-05,Patna,Bihar,East,25.5941,85.1376,24.4,64.3,17.5,8.0
2025-12-06,Patna,Bihar,East,25.5941,85.1376,25.8,59.1,16.1,0.1
2025-12-07,Patna,Bihar,East,25.5941,85.1376,24.5,71.5,14.9,2.2
2025-12-08,Patna,Bihar,East,25.5941,85.1376,22.9,55.7,11.7,0.6
2025-12-09,Patna,Bihar,East,25.5941,85.1376,21.3,60.9,10.2,0.5
2025-12-10,Patna,Bihar,East,25.5941,85.1376,18.8,71.0,20.9,5.1
2025-12-11,Patna,Bihar,East,25.5941,85.1376,24.2,63.5,8.5,7.4
2025-12-12,Patna,Bihar,East,25.5941,85.1376,22.8,66.4,10.3,0.2
2025-12-13,Patna,Bihar,East,25.5941,85.1376,23.3,51.6,10.0,1.9
2025-12-14,Patna,Bihar,East,25.5941,85.1376,24.5,66.1,19.6,4.5
2025-12-15,Patna,Bihar,East,25.5941,85.1376,23.9,64.1,9.8,0.2
2025-12-16,Patna,Bihar,East,25.5941,85.1376,23.3,59.7,8.9,8.1
2025-12-17,Patna,Bihar,East,25.5941,85.1376,20.1,67.4,7.2,0.2
2025-12-18,Patna,Bihar,East,25.5941,85.1376,23.9,54.6,11.5,0.1
2025-12-19,Patna,Bihar,East,25.5941,85.1376,24.4,60.2,10.7,0.5
2025-12-20,Patna,Bihar,East,25.5941,85.1376,22.3,67.4,21.2,1.1
2025-12-21,Patna,Bihar,East,25.5941,85.1376,22.1,73.8,9.6,0.8
2025-12-22,Patna,Bihar,East,25.5941,85.1376,19.3,63.0,15.3,2.3
2025-12-23,Patna,Bihar,East,25.5941,85.1376,23.1,67.8,7.7,4.5
2025-12-24,Patna,Bihar,East,25.5941,85.1376,22.2,68.8,10.4,1.2
2025-12-25,Patna,Bihar,East,25.5941,85.1376,25.0,73.1,12.4,5.4
2025-12-26,Patna,Bihar,East,25.5941,85.1376,23.9,55.5,21.8,1.3
2025-12-27,Patna,Bihar,East,25.5941,85.1376,23.0,68.1,11.2,0.2
2025-12-28,Patna,Bihar,East,25.5941,85.1376,26.7,71.4,19.8,0.4
2025-12-29,Patna,Bihar,East,25.5941,85.1376,24.0,61.3,11.3,1.6
2025-12-30,Patna,Bihar,East,25.5941,85.1376,24.8,66.5,13.2,5.4
2025-12-31,Patna,Bihar,East,25.5941,85.1376,27.1,81.6,8.2,1.8
2025-01-01,Bhubaneswar,Odisha,East,20.2961,85.8245,26.2,63.5,12.9,2.6
2025-01-02,Bhubaneswar,Odisha,East,20.2961,85.8245,21.8,78.6,12.5,1.0
2025-01-03,Bhubaneswar,Odisha,East,20.2961,85.8245,25.9,64.7,11.4,1.5
2025-01-04,Bhubaneswar,Odisha,East,20.2961,85.8245,25.2,66.9,17.8,10.1
2025-01-05,Bhubaneswar,Odisha,East,20.2961,85.8245,27.6,62.6,11.9,3.9
2025-01-06,Bhubaneswar,Odisha,East,20.2961,85.8245,27.1,51.2,16.7,0.2
2025-01-07,Bhubaneswar,Odisha,East,20.2961,85.8245,27.3,60.6,11.4,0.9
2025-01-08,Bhubaneswar,Odisha,East,20.2961,85.8245,25.1,67.3,8.6,6.4
2025-01-09,Bhubaneswar,Odisha,East,20.2961,85.8245,27.1,73.6,8.6,2.6
2025-01-10,Bhubaneswar,Odisha,East,20.2961,85.8245,25.0,74.2,16.2,4.6
2025-01-11,Bhubaneswar,Odisha,East,20.2961,85.8245,26.1,68.1,8.3,1.2
2025-01-12,Bhubaneswar,Odisha,East,20.2961,85.8245,25.4,64.0,19.0,0.9
2025-01-13,Bhubaneswar,Odisha,East,20.2961,85.8245,25.7,60.8,7.4,2.1
2025-01-14,Bhubaneswar,Odisha,East,20.2961,85.8245,23.6,51.6,15.5,2.1
2025-01-15,Bhubaneswar,Odisha,East,20.2961,85.8245,26.8,59.6,9.7,3.1
2025-01-16,Bhubaneswar,Odisha,East,20.2961,85.8245,24.6,58.1,14.3,0.2
2025-01-17,Bhubaneswar,Odisha,East,20.2961,85.8245,26.3,66.7,16.7,0.3
2025-01-18,Bhubaneswar,Odisha,East,20.2961,85.8245,23.3,60.8,12.0,1.0
2025-01-19,Bhubaneswar,Odisha,East,20.2961,85.8245,25.6,58.1,6.1,0.1
2025-01-20,Bhubaneswar,Odisha,East,20.2961,85.8245,22.0,70.5,9.2,0.9
2025-01-21,Bhubaneswar,Odisha,East,20.2961,85.8245,24.4,71.1,18.5,6.0
2025-01-22,Bhubaneswar,Odisha,East,20.2961,85.8245,22.5,65.7,12.5,9.2
2025-01-23,Bhubaneswar,Odisha,East,20.2961,85.8245,20.9,53.6,15.1,2.0
2025-01-24,Bhubaneswar,Odisha,East,20.2961,85.8245,29.9,64.3,14.2,1.4
2025-01-25,Bhubaneswar,Odisha,East,20.2961,85.8245,30.2,58.4,4.0,0.0
2025-01-26,Bhubaneswar,Odisha,East,20.2961,85.8245,22.7,61.5,6.8,3.5
2025-01-27,Bhubaneswar,Odisha,East,20.2961,85.8245,26.9,50.9,9.0,6.4
2025-01-28,Bhubaneswar,Odisha,East,20.2961,85.8245,26.2,56.0,17.2,10.5
2025-01-29,Bhubaneswar,Odisha,East,20.2961,85.8245,24.9,56.6,16.8,0.4
2025-01-30,Bhubaneswar,Odisha,East,20.2961,85.8245,27.4,59.3,12.6,5.0
2025-01-31,Bhubaneswar,Odisha,East,20.2961,85.8245,21.7,57.8,8.5,1.4
2025-02-01,Bhubaneswar,Odisha,East,20.2961,85.8245,27.8,69.5,23.8,1.7
2025-02-02,Bhubaneswar,Odisha,East,20.2961,85.8245,26.2,62.7,19.1,2.3
2025-02-03,Bhubaneswar,Odisha,East,20.2961,85.8245,30.7,61.7,9.1,0.7
2025-02-04,Bhubaneswar,Odisha,East,20.2961,85.8245,30.3,60.4,9.3,1.8
2025-02-05,Bhubaneswar,Odisha,East,20.2961,85.8245,28.3,62.7,15.1,3.0
2025-02-06,Bhubaneswar,Odisha,East,20.2961,85.8245,26.0,53.8,11.0,0.1
2025-02-07,Bhubaneswar,Odisha,East,20.2961,85.8245,29.2,53.8,13.0,3.2
2025-02-08,Bhubaneswar,Odisha,East,20.2961,85.8245,29.6,61.4,10.7,1.0
2025-02-09,Bhubaneswar,Odisha,East,20.2961,85.8245,28.6,56.7,17.7,7.2
2025-02-10,Bhubaneswar,Odisha,East,20.2961,85.8245,29.1,55.1,12.4,0.7
2025-02-11,Bhubaneswar,Odisha,East,20.2961,85.8245,30.4,50.9,7.0,0.8
2025-02-12,Bhubaneswar,Odisha,East,20.2961,85.8245,29.6,50.2,10.8,0.4
2025-02-13,Bhubaneswar,Odisha,East,20.2961,85.8245,29.8,61.5,14.8,5.3
2025-02-14,Bhubaneswar,Odisha,East,20.2961,85.8245,28.4,57.0,20.9,1.3
2025-02-15,Bhubaneswar,Odisha,East,20.2961,85.8245,30.4,50.8,13.5,1.3
2025-02-16,Bhubaneswar,Odisha,East,20.2961,85.8245,27.6,69.3,9.9,0.8
2025-02-17,Bhubaneswar,Odisha,East,20.2961,85.8245,32.7,53.1,5.3,0.0
2025-02-18,Bhubaneswar,Odisha,East,20.2961,85.8245,31.0,60.2,10.3,8.7
2025-02-19,Bhubaneswar,Odisha,East,20.2961,85.8245,29.3,53.7,10.5,0.9
2025-02-20,Bhubaneswar,Odisha,East,20.2961,85.8245,28.0,63.2,4.7,0.3
2025-02-21,Bhubaneswar,Odisha,East,20.2961,85.8245,32.7,64.1,8.3,1.9
2025-02-22,Bhubaneswar,Odisha,East,20.2961,85.8245,31.9,59.7,16.3,0.4
2025-02-23,Bhubaneswar,Odisha,East,20.2961,85.8245,26.9,53.3,17.6,3.4
2025-02-24,Bhubaneswar,Odisha,East,20.2961,85.8245,31.7,59.5,8.6,7.1
2025-02-25,Bhubaneswar,Odisha,East,20.2961,85.8245,29.3,60.8,14.1,0.0
2025-02-26,Bhubaneswar,Odisha,East,20.2961,85.8245,32.8,51.2,12.5,1.1
2025-02-27,Bhubaneswar,Odisha,East,20.2961,85.8245,29.2,52.0,10.7,2.0
2025-02-28,Bhubaneswar,Odisha,East,20.2961,85.8245,29.3,49.8,11.7,1.0
2025-03-01,Bhubaneswar,Odisha,East,20.2961,85.8245,32.6,58.0,13.0,0.1
2025-03-02,Bhubaneswar,Odisha,East,20.2961,85.8245,34.9,49.0,16.3,7.1
2025-03-03,Bhubaneswar,Odisha,East,20.2961,85.8245,29.8,46.2,11.2,2.3
2025-03-04,Bhubaneswar,Odisha,East,20.2961,85.8245,29.5,49.1,11.6,1.6
2025-03-05,Bhubaneswar,Odisha,East,20.2961,85.8245,31.0,53.9,7.8,1.6
2025-03-06,Bhubaneswar,Odisha,East,20.2961,85.8245,30.8,57.5,9.8,1.7
2025-03-07,Bhubaneswar,Odisha,East,20.2961,85.8245,32.9,48.1,11.3,1.8
2025-03-08,Bhubaneswar,Odisha,East,20.2961,85.8245,30.8,50.7,17.5,0.0
2025-03-09,Bhubaneswar,Odisha,East,20.2961,85.8245,29.7,38.3,8.0,0.0
2025-03-10,Bhubaneswar,Odisha,East,20.2961,85.8245,31.9,49.6,14.7,2.8
2025-03-11,Bhubaneswar,Odisha,East,20.2961,85.8245,33.9,52.0,5.4,0.0
2025-03-12,Bhubaneswar,Odisha,East,20.2961,85.8245,34.2,50.4,9.1,0.0
2025-03-13,Bhubaneswar,Odisha,East,20.2961,85.8245,36.6,52.8,12.3,0.9
2025-03-14,Bhubaneswar,Odisha,East,20.2961,85.8245,34.7,39.2,8.8,1.5
2025-03-15,Bhubaneswar,Odisha,East,20.2961,85.8245,31.9,53.1,4.4,0.0
2025-03-16,Bhubaneswar,Odisha,East,20.2961,85.8245,33.9,61.7,8.8,0.0
2025-03-17,Bhubaneswar,Odisha,East,20.2961,85.8245,31.5,41.9,9.4,1.3
2025-03-18,Bhubaneswar,Odisha,East,20.2961,85.8245,37.0,50.2,12.6,0.0
2025-03-19,Bhubaneswar,Odisha,East,20.2961,85.8245,30.9,60.6,12.6,0.6
2025-03-20,Bhubaneswar,Odisha,East,20.2961,85.8245,35.9,45.2,12.6,0.0
2025-03-21,Bhubaneswar,Odisha,East,20.2961,85.8245,34.6,47.0,13.2,1.5
2025-03-22,Bhubaneswar,Odisha,East,20.2961,85.8245,29.4,53.0,11.4,2.0
2025-03-23,Bhubaneswar,Odisha,East,20.2961,85.8245,32.8,50.6,10.4,2.5
2025-03-24,Bhubaneswar,Odisha,East,20.2961,85.8245,31.6,39.0,7.5,0.0
2025-03-25,Bhubaneswar,Odisha,East,20.2961,85.8245,38.4,50.7,11.1,2.0
2025-03-26,Bhubaneswar,Odisha,East,20.2961,85.8245,33.9,48.7,16.7,0.0
2025-03-27,Bhubaneswar,Odisha,East,20.2961,85.8245,33.5,50.6,14.7,0.0
2025-03-28,Bhubaneswar,Odisha,East,20.2961,85.8245,36.7,46.3,16.2,0.0
2025-03-29,Bhubaneswar,Odisha,East,20.2961,85.8245,34.0,65.7,14.6,0.0
2025-03-30,Bhubaneswar,Odisha,East,20.2961,85.8245,35.5,52.6,10.2,3.0
2025-03-31,Bhubaneswar,Odisha,East,20.2961,85.8245,38.6,51.2,15.4,0.0
2025-04-01,Bhubaneswar,Odisha,East,20.2961,85.8245,37.1,60.5,5.6,0.0
2025-04-02,Bhubaneswar,Odisha,East,20.2961,85.8245,33.5,38.4,19.2,0.0
2025-04-03,Bhubaneswar,Odisha,East,20.2961,85.8245,35.5,58.3,11.3,0.1
2025-04-04,Bhubaneswar,Odisha,East,20.2961,85.8245,34.2,43.8,16.5,1.3
2025-04-05,Bhubaneswar,Odisha,East,20.2961,85.8245,31.9,42.9,17.7,0.0
2025-04-06,Bhubaneswar,Odisha,East,20.2961,85.8245,35.9,39.9,4.2,0.0
2025-04-07,Bhubaneswar,Odisha,East,20.2961,85.8245,35.9,45.4,12.4,0.0
2025-04-08,Bhubaneswar,Odisha,East,20.2961,85.8245,35.4,49.0,6.4,0.0
2025-04-09,Bhubaneswar,Odisha,East,20.2961,85.8245,38.3,46.0,7.3,0.0
2025-04-10,Bhubaneswar,Odisha,East,20.2961,85.8245,35.7,51.1,8.9,0.0
2025-04-11,Bhubaneswar,Odisha,East,20.2961,85.8245,38.2,46.5,14.9,0.0
2025-04-12,Bhubaneswar,Odisha,East,20.2961,85.8245,35.5,57.5,13.4,0.0
2025-04-13,Bhubaneswar,Odisha,East,20.2961,85.8245,37.7,52.6,15.7,0.0
2025-04-14,Bhubaneswar,Odisha,East,20.2961,85.8245,37.4,42.7,2.3,0.0
2025-04-15,Bhubaneswar,Odisha,East,20.2961,85.8245,35.8,50.4,14.2,0.0
2025-04-16,Bhubaneswar,Odisha,East,20.2961,85.8245,36.2,49.7,7.9,3.8
2025-04-17,Bhubaneswar,Odisha,East,20.2961,85.8245,37.7,50.8,13.4,0.0
2025-04-18,Bhubaneswar,Odisha,East,20.2961,85.8245,36.3,44.4,15.0,0.0
2025-04-19,Bhubaneswar,Odisha,East,20.2961,85.8245,33.7,45.1,14.8,0.0
2025-04-20,Bhubaneswar,Odisha,East,20.2961,85.8245,37.6,49.5,13.8,0.0
2025-04-21,Bhubaneswar,Odisha,East,20.2961,85.8245,41.3,46.8,7.8,0.0
2025-04-22,Bhubaneswar,Odisha,East,20.2961,85.8245,38.7,45.5,14.5,0.0
2025-04-23,Bhubaneswar,Odisha,East,20.2961,85.8245,38.8,53.0,16.1,0.0
2025-04-24,Bhubaneswar,Odisha,East,20.2961,85.8245,37.6,50.9,13.8,0.0
2025-04-25,Bhubaneswar,Odisha,East,20.2961,85.8245,38.0,43.1,14.2,0.0
2025-04-26,Bhubaneswar,Odisha,East,20.2961,85.8245,39.0,49.8,13.3,0.0
2025-04-27,Bhubaneswar,Odisha,East,20.2961,85.8245,35.1,32.6,18.0,0.0
2025-04-28,Bhubaneswar,Odisha,East,20.2961,85.8245,38.6,52.2,17.3,0.0
2025-04-29,Bhubaneswar,Odisha,East,20.2961,85.8245,34.9,53.5,12.6,0.0
2025-04-30,Bhubaneswar,Odisha,East,20.2961,85.8245,37.1,56.6,10.6,0.0
2025-05-01,Bhubaneswar,Odisha,East,20.2961,85.8245,37.5,52.4,6.5,0.0
2025-05-02,Bhubaneswar,Odisha,East,20.2961,85.8245,36.9,38.4,12.8,0.0
2025-05-03,Bhubaneswar,Odisha,East,20.2961,85.8245,41.0,59.0,12.6,0.0
2025-05-04,Bhubaneswar,Odisha,East,20.2961,85.8245,36.7,43.7,10.2,0.0
2025-05-05,Bhubaneswar,Odisha,East,20.2961,85.8245,37.5,40.1,7.4,0.0
2025-05-06,Bhubaneswar,Odisha,East,20.2961,85.8245,37.7,34.3,12.5,0.0
2025-05-07,Bhubaneswar,Odisha,East,20.2961,85.8245,39.7,43.2,15.3,0.0
2025-05-08,Bhubaneswar,Odisha,East,20.2961,85.8245,39.4,34.4,17.2,0.0
2025-05-09,Bhubaneswar,Odisha,East,20.2961,85.8245,41.5,42.4,1.0,0.0
2025-05-10,Bhubaneswar,Odisha,East,20.2961,85.8245,38.1,30.1,12.3,0.0
2025-05-11,Bhubaneswar,Odisha,East,20.2961,85.8245,39.1,42.4,6.8,0.0
2025-05-12,Bhubaneswar,Odisha,East,20.2961,85.8245,36.6,42.0,11.5,0.0
2025-05-13,Bhubaneswar,Odisha,East,20.2961,85.8245,36.9,50.8,17.9,0.0
2025-05-14,Bhubaneswar,Odisha,East,20.2961,85.8245,40.7,42.7,15.7,0.0
2025-05-15,Bhubaneswar,Odisha,East,20.2961,85.8245,37.4,32.6,16.2,0.0
2025-05-16,Bhubaneswar,Odisha,East,20.2961,85.8245,37.4,48.3,14.4,0.0
2025-05-17,Bhubaneswar,Odisha,East,20.2961,85.8245,37.6,54.6,12.2,0.0
2025-05-18,Bhubaneswar,Odisha,East,20.2961,85.8245,39.3,49.5,7.6,0.0
2025-05-19,Bhubaneswar,Odisha,East,20.2961,85.8245,37.4,34.7,6.9,0.0
2025-05-20,Bhubaneswar,Odisha,East,20.2961,85.8245,41.0,39.2,8.3,0.0
2025-05-21,Bhubaneswar,Odisha,East,20.2961,85.8245,41.5,36.5,9.1,0.0
2025-05-22,Bhubaneswar,Odisha,East,20.2961,85.8245,37.5,52.2,13.4,0.0
2025-05-23,Bhubaneswar,Odisha,East,20.2961,85.8245,37.9,54.8,13.1,1.4
2025-05-24,Bhubaneswar,Odisha,East,20.2961,85.8245,40.5,47.5,4.8,0.0
2025-05-25,Bhubaneswar,Odisha,East,20.2961,85.8245,41.6,44.6,8.6,0.0
2025-05-26,Bhubaneswar,Odisha,East,20.2961,85.8245,37.9,53.7,14.8,0.0
2025-05-27,Bhubaneswar,Odisha,East,20.2961,85.8245,38.0,43.9,13.2,0.0
2025-05-28,Bhubaneswar,Odisha,East,20.2961,85.8245,37.9,48.8,14.0,0.0
2025-05-29,Bhubaneswar,Odisha,East,20.2961,85.8245,38.9,35.2,15.5,0.0
2025-05-30,Bhubaneswar,Odisha,East,20.2961,85.8245,40.3,39.0,9.6,0.0
2025-05-31,Bhubaneswar,Odisha,East,20.2961,85.8245,37.5,49.8,13.2,0.0
2025-06-01,Bhubaneswar,Odisha,East,20.2961,85.8245,38.0,41.5,11.0,0.0
2025-06-02,Bhubaneswar,Odisha,East,20.2961,85.8245,35.9,49.8,15.9,0.0
2025-06-03,Bhubaneswar,Odisha,East,20.2961,85.8245,36.7,36.9,12.6,0.0
2025-06-04,Bhubaneswar,Odisha,East,20.2961,85.8245,38.2,55.0,10.2,0.0
2025-06-05,Bhubaneswar,Odisha,East,20.2961,85.8245,37.5,38.3,5.3,0.0
2025-06-06,Bhubaneswar,Odisha,East,20.2961,85.8245,41.6,44.5,12.8,0.0
2025-06-07,Bhubaneswar,Odisha,East,20.2961,85.8245,42.8,37.1,13.7,0.0
2025-06-08,Bhubaneswar,Odisha,East,20.2961,85.8245,41.2,46.5,16.5,0.0
2025-06-09,Bhubaneswar,Odisha,East,20.2961,85.8245,41.1,40.9,11.5,0.0
2025-06-10,Bhubaneswar,Odisha,East,20.2961,85.8245,38.8,37.9,12.7,0.0
2025-06-11,Bhubaneswar,Odisha,East,20.2961,85.8245,40.9,30.4,8.7,0.0
2025-06-12,Bhubaneswar,Odisha,East,20.2961,85.8245,39.7,49.1,13.8,0.0
2025-06-13,Bhubaneswar,Odisha,East,20.2961,85.8245,37.7,40.5,10.3,0.0
2025-06-14,Bhubaneswar,Odisha,East,20.2961,85.8245,42.1,37.6,19.1,0.0
2025-06-15,Bhubaneswar,Odisha,East,20.2961,85.8245,38.8,38.0,6.4,0.0
2025-06-16,Bhubaneswar,Odisha,East,20.2961,85.8245,36.1,42.4,8.6,0.0
2025-06-17,Bhubaneswar,Odisha,East,20.2961,85.8245,39.6,49.6,14.8,0.0
2025-06-18,Bhubaneswar,Odisha,East,20.2961,85.8245,37.1,37.0,7.3,0.0
2025-06-19,Bhubaneswar,Odisha,East,20.2961,85.8245,39.3,50.0,14.8,0.0
2025-06-20,Bhubaneswar,Odisha,East,20.2961,85.8245,36.8,31.9,13.8,0.0
2025-06-21,Bhubaneswar,Odisha,East,20.2961,85.8245,38.3,40.7,6.9,0.0
2025-06-22,Bhubaneswar,Odisha,East,20.2961,85.8245,37.3,57.7,14.3,0.0
2025-06-23,Bhubaneswar,Odisha,East,20.2961,85.8245,39.7,46.4,14.4,0.0
2025-06-24,Bhubaneswar,Odisha,East,20.2961,85.8245,39.4,42.0,12.7,0.0
2025-06-25,Bhubaneswar,Odisha,East,20.2961,85.8245,37.3,36.7,12.1,0.0
2025-06-26,Bhubaneswar,Odisha,East,20.2961,85.8245,36.9,42.4,8.2,0.0
2025-06-27,Bhubaneswar,Odisha,East,20.2961,85.8245,37.3,37.3,7.0,0.0
2025-06-28,Bhubaneswar,Odisha,East,20.2961,85.8245,40.6,49.9,14.0,0.0
2025-06-29,Bhubaneswar,Odisha,East,20.2961,85.8245,38.4,54.8,15.8,0.0
2025-06-30,Bhubaneswar,Odisha,East,20.2961,85.8245,38.1,47.8,17.4,0.0
2025-07-01,Bhubaneswar,Odisha,East,20.2961,85.8245,36.9,40.1,14.1,0.0
2025-07-02,Bhubaneswar,Odisha,East,20.2961,85.8245,37.5,35.6,13.0,0.0
2025-07-03,Bhubaneswar,Odisha,East,20.2961,85.8245,36.2,51.1,10.1,0.0
2025-07-04,Bhubaneswar,Odisha,East,20.2961,85.8245,38.3,53.0,12.2,0.0
2025-07-05,Bhubaneswar,Odisha,East,20.2961,85.8245,38.1,42.3,15.9,0.0
2025-07-06,Bhubaneswar,Odisha,East,20.2961,85.8245,38.5,45.0,14.3,0.0
2025-07-07,Bhubaneswar,Odisha,East,20.2961,85.8245,36.7,45.7,14.0,0.0
2025-07-08,Bhubaneswar,Odisha,East,20.2961,85.8245,40.4,50.5,10.0,0.0
2025-07-09,Bhubaneswar,Odisha,East,20.2961,85.8245,35.0,36.8,6.2,0.0
2025-07-10,Bhubaneswar,Odisha,East,20.2961,85.8245,39.7,35.9,18.0,0.0
2025-07-11,Bhubaneswar,Odisha,East,20.2961,85.8245,36.7,50.6,8.2,0.0
2025-07-12,Bhubaneswar,Odisha,East,20.2961,85.8245,35.9,34.4,11.1,0.0
2025-07-13,Bhubaneswar,Odisha,East,20.2961,85.8245,34.6,57.6,14.8,0.0
2025-07-14,Bhubaneswar,Odisha,East,20.2961,85.8245,36.5,47.6,14.7,0.0
2025-07-15,Bhubaneswar,Odisha,East,20.2961,85.8245,34.8,39.7,12.0,0.0
2025-07-16,Bhubaneswar,Odisha,East,20.2961,85.8245,35.0,48.3,16.7,0.0
2025-07-17,Bhubaneswar,Odisha,East,20.2961,85.8245,35.8,44.9,8.6,0.0
2025-07-18,Bhubaneswar,Odisha,East,20.2961,85.8245,38.7,47.1,4.5,0.0
2025-07-19,Bhubaneswar,Odisha,East,20.2961,85.8245,33.2,56.8,19.6,0.0
2025-07-20,Bhubaneswar,Odisha,East,20.2961,85.8245,38.7,58.3,13.3,0.0
2025-07-21,Bhubaneswar,Odisha,East,20.2961,85.8245,37.2,39.1,11.4,0.0
2025-07-22,Bhubaneswar,Odisha,East,20.2961,85.8245,35.7,56.4,20.8,0.0
2025-07-23,Bhubaneswar,Odisha,East,20.2961,85.8245,36.3,49.8,8.8,0.0
2025-07-24,Bhubaneswar,Odisha,East,20.2961,85.8245,34.8,56.8,17.2,0.0
2025-07-25,Bhubaneswar,Odisha,East,20.2961,85.8245,36.9,42.6,12.3,0.0
2025-07-26,Bhubaneswar,Odisha,East,20.2961,85.8245,32.3,61.4,10.2,0.0
2025-07-27,Bhubaneswar,Odisha,East,20.2961,85.8245,37.6,39.8,9.8,0.0
2025-07-28,Bhubaneswar,Odisha,East,20.2961,85.8245,35.1,45.1,14.4,0.0
2025-07-29,Bhubaneswar,Odisha,East,20.2961,85.8245,35.3,47.3,13.1,0.0
2025-07-30,Bhubaneswar,Odisha,East,20.2961,85.8245,38.9,50.0,4.1,0.0
2025-07-31,Bhubaneswar,Odisha,East,20.2961,85.8245,34.2,41.4,12.2,0.4
2025-08-01,Bhubaneswar,Odisha,East,20.2961,85.8245,36.9,43.5,21.7,0.0
2025-08-02,Bhubaneswar,Odisha,East,20.2961,85.8245,34.8,46.7,19.9,0.0
2025-08-03,Bhubaneswar,Odisha,East,20.2961,85.8245,28.9,62.0,12.9,0.0
2025-08-04,Bhubaneswar,Odisha,East,20.2961,85.8245,33.0,44.5,13.3,0.0
2025-08-05,Bhubaneswar,Odisha,East,20.2961,85.8245,36.0,54.5,12.4,0.0
2025-08-06,Bhubaneswar,Odisha,East,20.2961,85.8245,38.3,44.8,10.4,0.0
2025-08-07,Bhubaneswar,Odisha,East,20.2961,85.8245,35.2,45.1,10.4,0.0
2025-08-08,Bhubaneswar,Odisha,East,20.2961,85.8245,37.6,43.5,7.3,0.0
2025-08-09,Bhubaneswar,Odisha,East,20.2961,85.8245,32.8,53.9,15.8,0.0
2025-08-10,Bhubaneswar,Odisha,East,20.2961,85.8245,36.1,48.2,10.5,0.0
2025-08-11,Bhubaneswar,Odisha,East,20.2961,85.8245,35.9,47.6,13.1,0.0
2025-08-12,Bhubaneswar,Odisha,East,20.2961,85.8245,33.9,45.5,7.1,0.0
2025-08-13,Bhubaneswar,Odisha,East,20.2961,85.8245,34.0,46.6,16.4,1.1
2025-08-14,Bhubaneswar,Odisha,East,20.2961,85.8245,30.8,56.3,12.2,0.0
2025-08-15,Bhubaneswar,Odisha,East,20.2961,85.8245,30.5,61.5,14.1,0.0
2025-08-16,Bhubaneswar,Odisha,East,20.2961,85.8245,35.6,50.5,15.0,0.0
2025-08-17,Bhubaneswar,Odisha,East,20.2961,85.8245,35.8,60.3,9.5,4.4
2025-08-18,Bhubaneswar,Odisha,East,20.2961,85.8245,27.8,49.0,13.3,0.0
2025-08-19,Bhubaneswar,Odisha,East,20.2961,85.8245,32.3,55.6,15.5,0.0
2025-08-20,Bhubaneswar,Odisha,East,20.2961,85.8245,34.4,65.3,15.4,0.0
2025-08-21,Bhubaneswar,Odisha,East,20.2961,85.8245,33.1,55.0,13.4,0.0
2025-08-22,Bhubaneswar,Odisha,East,20.2961,85.8245,33.1,59.7,10.4,0.0
2025-08-23,Bhubaneswar,Odisha,East,20.2961,85.8245,32.3,43.4,13.7,0.0
2025-08-24,Bhubaneswar,Odisha,East,20.2961,85.8245,30.6,57.6,14.6,0.9
2025-08-25,Bhubaneswar,Odisha,East,20.2961,85.8245,32.8,57.5,13.9,0.0
2025-08-26,Bhubaneswar,Odisha,East,20.2961,85.8245,31.9,53.1,14.4,0.7
2025-08-27,Bhubaneswar,Odisha,East,20.2961,85.8245,31.8,47.8,16.7,0.0
2025-08-28,Bhubaneswar,Odisha,East,20.2961,85.8245,31.2,57.5,12.0,5.4
2025-08-29,Bhubaneswar,Odisha,East,20.2961,85.8245,33.2,58.2,14.2,1.6
2025-08-30,Bhubaneswar,Odisha,East,20.2961,85.8245,29.7,56.6,9.8,0.1
2025-08-31,Bhubaneswar,Odisha,East,20.2961,85.8245,27.2,52.0,19.2,2.2
2025-09-01,Bhubaneswar,Odisha,East,20.2961,85.8245,31.7,37.5,17.1,1.0
2025-09-02,Bhubaneswar,Odisha,East,20.2961,85.8245,30.1,60.5,15.5,0.9
2025-09-03,Bhubaneswar,Odisha,East,20.2961,85.8245,29.1,52.8,15.6,2.4
2025-09-04,Bhubaneswar,Odisha,East,20.2961,85.8245,30.3,52.8,16.2,6.8
2025-09-05,Bhubaneswar,Odisha,East,20.2961,85.8245,29.4,63.7,11.4,2.4
2025-09-06,Bhubaneswar,Odisha,East,20.2961,85.8245,30.6,53.6,10.6,0.6
2025-09-07,Bhubaneswar,Odisha,East,20.2961,85.8245,30.2,55.6,11.3,1.4
2025-09-08,Bhubaneswar,Odisha,East,20.2961,85.8245,31.2,57.6,16.0,1.2
2025-09-09,Bhubaneswar,Odisha,East,20.2961,85.8245,29.8,59.3,11.1,1.0
2025-09-10,Bhubaneswar,Odisha,East,20.2961,85.8245,26.0,57.2,14.1,0.1
2025-09-11,Bhubaneswar,Odisha,East,20.2961,85.8245,28.4,46.4,13.9,0.3
2025-09-12,Bhubaneswar,Odisha,East,20.2961,85.8245,28.1,61.5,9.1,1.8
2025-09-13,Bhubaneswar,Odisha,East,20.2961,85.8245,27.7,55.1,5.9,0.8
2025-09-14,Bhubaneswar,Odisha,East,20.2961,85.8245,29.6,59.7,6.0,2.4
2025-09-15,Bhubaneswar,Odisha,East,20.2961,85.8245,31.1,59.8,16.5,3.1
2025-09-16,Bhubaneswar,Odisha,East,20.2961,85.8245,29.7,67.5,16.4,0.5
2025-09-17,Bhubaneswar,Odisha,East,20.2961,85.8245,27.2,62.2,14.4,3.5
2025-09-18,Bhubaneswar,Odisha,East,20.2961,85.8245,26.1,57.8,13.1,4.3
2025-09-19,Bhubaneswar,Odisha,East,20.2961,85.8245,27.7,53.2,13.6,5.5
2025-09-20,Bhubaneswar,Odisha,East,20.2961,85.8245,28.3,60.3,17.5,2.7
2025-09-21,Bhubaneswar,Odisha,East,20.2961,85.8245,29.1,69.5,14.9,4.4
2025-09-22,Bhubaneswar,Odisha,East,20.2961,85.8245,30.4,59.6,4.7,0.6
2025-09-23,Bhubaneswar,Odisha,East,20.2961,85.8245,24.9,62.2,16.7,6.4
2025-09-24,Bhubaneswar,Odisha,East,20.2961,85.8245,27.6,59.1,8.5,0.6
2025-09-25,Bhubaneswar,Odisha,East,20.2961,85.8245,27.7,58.0,10.3,0.2
2025-09-26,Bhubaneswar,Odisha,East,20.2961,85.8245,29.3,59.3,16.1,2.4
2025-09-27,Bhubaneswar,Odisha,East,20.2961,85.8245,30.2,65.1,13.2,1.5
2025-09-28,Bhubaneswar,Odisha,East,20.2961,85.8245,28.5,58.3,15.6,0.1
2025-09-29,Bhubaneswar,Odisha,East,20.2961,85.8245,27.4,64.1,11.5,0.6
2025-09-30,Bhubaneswar,Odisha,East,20.2961,85.8245,27.4,66.8,15.6,3.0
2025-10-01,Bhubaneswar,Odisha,East,20.2961,85.8245,27.6,61.4,12.1,2.3
2025-10-02,Bhubaneswar,Odisha,East,20.2961,85.8245,26.6,54.5,17.2,0.4
2025-10-03,Bhubaneswar,Odisha,East,20.2961,85.8245,25.8,51.5,9.9,1.7
2025-10-04,Bhubaneswar,Odisha,East,20.2961,85.8245,25.3,65.1,14.9,0.2
2025-10-05,Bhubaneswar,Odisha,East,20.2961,85.8245,25.4,59.4,11.8,0.9
2025-10-06,Bhubaneswar,Odisha,East,20.2961,85.8245,25.4,63.5,10.0,0.0
2025-10-07,Bhubaneswar,Odisha,East,20.2961,85.8245,25.9,72.6,7.1,0.8
2025-10-08,Bhubaneswar,Odisha,East,20.2961,85.8245,27.1,67.0,17.2,5.6
2025-10-09,Bhubaneswar,Odisha,East,20.2961,85.8245,24.6,60.7,9.7,1.2
2025-10-10,Bhubaneswar,Odisha,East,20.2961,85.8245,31.6,61.6,16.2,2.1
2025-10-11,Bhubaneswar,Odisha,East,20.2961,85.8245,23.6,57.0,12.8,1.3
2025-10-12,Bhubaneswar,Odisha,East,20.2961,85.8245,25.5,49.5,11.8,0.0
2025-10-13,Bhubaneswar,Odisha,East,20.2961,85.8245,27.1,70.7,11.0,3.0
2025-10-14,Bhubaneswar,Odisha,East,20.2961,85.8245,22.6,63.7,21.7,17.9
2025-10-15,Bhubaneswar,Odisha,East,20.2961,85.8245,23.1,71.5,16.1,1.4
2025-10-16,Bhubaneswar,Odisha,East,20.2961,85.8245,27.3,60.4,12.8,1.2
2025-10-17,Bhubaneswar,Odisha,East,20.2961,85.8245,25.3,64.8,10.1,0.1
2025-10-18,Bhubaneswar,Odisha,East,20.2961,85.8245,23.8,56.1,11.8,0.1
2025-10-19,Bhubaneswar,Odisha,East,20.2961,85.8245,28.2,55.9,19.1,5.1
2025-10-20,Bhubaneswar,Odisha,East,20.2961,85.8245,28.3,64.0,14.8,2.6
2025-10-21,Bhubaneswar,Odisha,East,20.2961,85.8245,23.5,75.6,9.8,0.2
2025-10-22,Bhubaneswar,Odisha,East,20.2961,85.8245,25.9,63.5,13.1,0.1
2025-10-23,Bhubaneswar,Odisha,East,20.2961,85.8245,24.6,68.1,18.6,1.4
2025-10-24,Bhubaneswar,Odisha,East,20.2961,85.8245,25.2,68.4,13.8,1.1
2025-10-25,Bhubaneswar,Odisha,East,20.2961,85.8245,24.1,62.1,16.8,3.8
2025-10-26,Bhubaneswar,Odisha,East,20.2961,85.8245,22.7,67.0,7.6,1.1
2025-10-27,Bhubaneswar,Odisha,East,20.2961,85.8245,25.4,66.0,6.1,1.3
2025-10-28,Bhubaneswar,Odisha,East,20.2961,85.8245,21.3,65.1,16.6,0.9
2025-10-29,Bhubaneswar,Odisha,East,20.2961,85.8245,26.1,67.1,15.4,2.5
2025-10-30,Bhubaneswar,Odisha,East,20.2961,85.8245,24.5,66.7,10.8,2.2
2025-10-31,Bhubaneswar,Odisha,East,20.2961,85.8245,22.5,70.8,13.5,0.3
2025-11-01,Bhubaneswar,Odisha,East,20.2961,85.8245,22.4,64.5,11.4,4.6
2025-11-02,Bhubaneswar,Odisha,East,20.2961,85.8245,23.9,72.7,12.4,0.1
2025-11-03,Bhubaneswar,Odisha,East,20.2961,85.8245,22.6,60.6,16.9,1.0
2025-11-04,Bhubaneswar,Odisha,East,20.2961,85.8245,23.0,66.4,11.3,1.2
2025-11-05,Bhubaneswar,Odisha,East,20.2961,85.8245,25.4,72.7,15.3,0.9
2025-11-06,Bhubaneswar,Odisha,East,20.2961,85.8245,25.4,63.3,6.2,0.3
2025-11-07,Bhubaneswar,Odisha,East,20.2961,85.8245,24.9,66.8,17.2,0.5
2025-11-08,Bhubaneswar,Odisha,East,20.2961,85.8245,21.6,60.4,13.2,0.0
2025-11-09,Bhubaneswar,Odisha,East,20.2961,85.8245,23.7,70.6,11.1,0.8
2025-11-10,Bhubaneswar,Odisha,East,20.2961,85.8245,24.5,75.8,8.9,1.7
2025-11-11,Bhubaneswar,Odisha,East,20.2961,85.8245,21.7,73.6,12.2,1.4
2025-11-12,Bhubaneswar,Odisha,East,20.2961,85.8245,21.0,64.5,10.5,1.0
2025-11-13,Bhubaneswar,Odisha,East,20.2961,85.8245,20.3,61.4,12.8,2.2
2025-11-14,Bhubaneswar,Odisha,East,20.2961,85.8245,23.3,67.8,14.8,3.7
2025-11-15,Bhubaneswar,Odisha,East,20.2961,85.8245,23.1,72.1,8.2,0.4
2025-11-16,Bhubaneswar,Odisha,East,20.2961,85.8245,22.9,54.8,9.3,1.3
2025-11-17,Bhubaneswar,Odisha,East,20.2961,85.8245,26.7,61.0,18.3,0.5
2025-11-18,Bhubaneswar,Odisha,East,20.2961,85.8245,23.3,61.9,13.1,4.5
2025-11-19,Bhubaneswar,Odisha,East,20.2961,85.8245,24.4,71.4,10.5,1.7
2025-11-20,Bhubaneswar,Odisha,East,20.2961,85.8245,22.3,71.9,7.1,1.9
2025-11-21,Bhubaneswar,Odisha,East,20.2961,85.8245,23.7,62.2,5.2,1.2
2025-11-22,Bhubaneswar,Odisha,East,20.2961,85.8245,25.0,61.4,6.6,0.1
2025-11-23,Bhubaneswar,Odisha,East,20.2961,85.8245,23.1,67.7,2.3,1.6
2025-11-24,Bhubaneswar,Odisha,East,20.2961,85.8245,23.1,57.8,6.8,1.2
2025-11-25,Bhubaneswar,Odisha,East,20.2961,85.8245,21.6,63.5,16.8,0.3
2025-11-26,Bhubaneswar,Odisha,East,20.2961,85.8245,23.4,71.2,12.6,1.2
2025-11-27,Bhubaneswar,Odisha,East,20.2961,85.8245,24.2,59.3,17.9,0.7
2025-11-28,Bhubaneswar,Odisha,East,20.2961,85.8245,20.5,58.2,15.1,0.1
2025-11-29,Bhubaneswar,Odisha,East,20.2961,85.8245,24.1,78.2,11.1,0.7
2025-11-30,Bhubaneswar,Odisha,East,20.2961,85.8245,22.5,67.3,15.3,2.5
2025-12-01,Bhubaneswar,Odisha,East,20.2961,85.8245,22.4,63.8,8.3,0.3
2025-12-02,Bhubaneswar,Odisha,East,20.2961,85.8245,21.9,71.0,7.0,1.2
2025-12-03,Bhubaneswar,Odisha,East,20.2961,85.8245,21.2,67.9,14.4,0.0
2025-12-04,Bhubaneswar,Odisha,East,20.2961,85.8245,24.1,63.1,11.3,3.1
2025-12-05,Bhubaneswar,Odisha,East,20.2961,85.8245,23.8,68.6,11.0,0.4
2025-12-06,Bhubaneswar,Odisha,East,20.2961,85.8245,20.2,69.3,2.9,0.1
2025-12-07,Bhubaneswar,Odisha,East,20.2961,85.8245,23.7,77.6,9.9,4.7
2025-12-08,Bhubaneswar,Odisha,East,20.2961,85.8245,24.5,70.7,14.2,1.7
2025-12-09,Bhubaneswar,Odisha,East,20.2961,85.8245,24.1,60.8,5.1,2.3
2025-12-10,Bhubaneswar,Odisha,East,20.2961,85.8245,23.7,69.7,4.1,0.4
2025-12-11,Bhubaneswar,Odisha,East,20.2961,85.8245,25.8,64.4,14.4,0.1
2025-12-12,Bhubaneswar,Odisha,East,20.2961,85.8245,23.0,71.3,17.2,0.6
2025-12-13,Bhubaneswar,Odisha,East,20.2961,85.8245,21.2,66.9,10.6,2.0
2025-12-14,Bhubaneswar,Odisha,East,20.2961,85.8245,24.8,64.2,10.0,9.6
2025-12-15,Bhubaneswar,Odisha,East,20.2961,85.8245,21.7,63.6,1.0,0.4
2025-12-16,Bhubaneswar,Odisha,East,20.2961,85.8245,27.0,61.8,17.4,0.4
2025-12-17,Bhubaneswar,Odisha,East,20.2961,85.8245,24.6,55.2,11.4,1.5
2025-12-18,Bhubaneswar,Odisha,East,20.2961,85.8245,26.5,67.7,13.9,0.0
2025-12-19,Bhubaneswar,Odisha,East,20.2961,85.8245,27.4,70.2,12.5,3.2
2025-12-20,Bhubaneswar,Odisha,East,20.2961,85.8245,24.3,56.2,8.5,1.2
2025-12-21,Bhubaneswar,Odisha,East,20.2961,85.8245,22.8,60.5,10.9,4.9
2025-12-22,Bhubaneswar,Odisha,East,20.2961,85.8245,23.1,70.8,16.9,2.9
2025-12-23,Bhubaneswar,Odisha,East,20.2961,85.8245,24.1,66.1,7.8,5.1
2025-12-24,Bhubaneswar,Odisha,East,20.2961,85.8245,19.7,62.6,12.3,1.0
2025-12-25,Bhubaneswar,Odisha,East,20.2961,85.8245,24.5,65.5,18.7,2.5
2025-12-26,Bhubaneswar,Odisha,East,20.2961,85.8245,26.0,69.7,17.1,0.5
2025-12-27,Bhubaneswar,Odisha,East,20.2961,85.8245,24.5,69.4,14.0,6.0
2025-12-28,Bhubaneswar,Odisha,East,20.2961,85.8245,24.7,65.7,7.2,1.7
2025-12-29,Bhubaneswar,Odisha,East,20.2961,85.8245,25.6,62.8,15.2,11.7
2025-12-30,Bhubaneswar,Odisha,East,20.2961,85.8245,25.7,70.8,8.4,1.6
2025-12-31,Bhubaneswar,Odisha,East,20.2961,85.8245,22.5,62.5,12.8,3.5
2025-01-01,Kolkata,West Bengal,East,22.5726,88.3639,25.7,56.4,13.0,0.8
2025-01-02,Kolkata,West Bengal,East,22.5726,88.3639,24.8,64.7,14.2,1.0
2025-01-03,Kolkata,West Bengal,East,22.5726,88.3639,24.2,60.3,12.3,0.7
2025-01-04,Kolkata,West Bengal,East,22.5726,88.3639,25.9,66.1,21.0,1.7
2025-01-05,Kolkata,West Bengal,East,22.5726,88.3639,24.7,72.1,11.8,2.1
2025-01-06,Kolkata,West Bengal,East,22.5726,88.3639,25.6,68.5,14.1,0.4
2025-01-07,Kolkata,West Bengal,East,22.5726,88.3639,22.6,75.1,15.3,11.8
2025-01-08,Kolkata,West Bengal,East,22.5726,88.3639,24.4,60.1,13.4,2.7
2025-01-09,Kolkata,West Bengal,East,22.5726,88.3639,25.4,62.5,14.7,0.2
2025-01-10,Kolkata,West Bengal,East,22.5726,88.3639,26.5,70.6,7.4,6.3
2025-01-11,Kolkata,West Bengal,East,22.5726,88.3639,22.2,63.5,11.8,2.7
2025-01-12,Kolkata,West Bengal,East,22.5726,88.3639,27.2,58.4,13.2,3.0
2025-01-13,Kolkata,West Bengal,East,22.5726,88.3639,28.4,53.9,14.5,2.6
2025-01-14,Kolkata,West Bengal,East,22.5726,88.3639,24.9,63.9,12.4,4.1
2025-01-15,Kolkata,West Bengal,East,22.5726,88.3639,27.0,62.7,16.0,1.4
2025-01-16,Kolkata,West Bengal,East,22.5726,88.3639,23.0,50.3,12.7,0.3
2025-01-17,Kolkata,West Bengal,East,22.5726,88.3639,25.9,71.3,13.8,2.9
2025-01-18,Kolkata,West Bengal,East,22.5726,88.3639,23.3,54.3,12.0,1.7
2025-01-19,Kolkata,West Bengal,East,22.5726,88.3639,28.9,68.6,14.9,0.6
2025-01-20,Kolkata,West Bengal,East,22.5726,88.3639,25.0,58.2,3.4,1.7
2025-01-21,Kolkata,West Bengal,East,22.5726,88.3639,26.1,62.7,9.3,0.9
2025-01-22,Kolkata,West Bengal,East,22.5726,88.3639,21.6,69.0,14.1,0.4
2025-01-23,Kolkata,West Bengal,East,22.5726,88.3639,25.6,65.4,12.9,1.5
2025-01-24,Kolkata,West Bengal,East,22.5726,88.3639,20.7,59.5,11.9,0.9
2025-01-25,Kolkata,West Bengal,East,22.5726,88.3639,26.0,64.7,12.7,0.2
2025-01-26,Kolkata,West Bengal,East,22.5726,88.3639,25.3,50.3,18.0,1.2
2025-01-27,Kolkata,West Bengal,East,22.5726,88.3639,26.1,61.9,16.1,1.7
2025-01-28,Kolkata,West Bengal,East,22.5726,88.3639,25.9,58.1,10.4,5.3
2025-01-29,Kolkata,West Bengal,East,22.5726,88.3639,24.1,53.0,12.4,0.6
2025-01-30,Kolkata,West Bengal,East,22.5726,88.3639,29.7,52.5,3.7,1.7
2025-01-31,Kolkata,West Bengal,East,22.5726,88.3639,25.0,59.8,11.5,0.0
2025-02-01,Kolkata,West Bengal,East,22.5726,88.3639,26.5,59.4,16.6,2.5
2025-02-02,Kolkata,West Bengal,East,22.5726,88.3639,26.0,66.9,13.3,0.7
2025-02-03,Kolkata,West Bengal,East,22.5726,88.3639,27.0,65.9,5.7,0.2
2025-02-04,Kolkata,West Bengal,East,22.5726,88.3639,24.6,52.5,7.5,0.2
2025-02-05,Kolkata,West Bengal,East,22.5726,88.3639,29.0,57.6,8.7,2.1
2025-02-06,Kolkata,West Bengal,East,22.5726,88.3639,27.2,60.1,6.7,0.5
2025-02-07,Kolkata,West Bengal,East,22.5726,88.3639,26.9,65.4,6.2,4.4
2025-02-08,Kolkata,West Bengal,East,22.5726,88.3639,27.1,58.5,15.2,2.1
2025-02-09,Kolkata,West Bengal,East,22.5726,88.3639,27.7,51.9,6.6,0.9
2025-02-10,Kolkata,West Bengal,East,22.5726,88.3639,31.1,61.4,19.0,0.6
2025-02-11,Kolkata,West Bengal,East,22.5726,88.3639,30.5,65.8,14.7,4.5
2025-02-12,Kolkata,West Bengal,East,22.5726,88.3639,26.5,53.9,18.9,0.9
2025-02-13,Kolkata,West Bengal,East,22.5726,88.3639,30.3,63.7,5.8,5.2
2025-02-14,Kolkata,West Bengal,East,22.5726,88.3639,30.3,66.8,13.0,0.5
2025-02-15,Kolkata,West Bengal,East,22.5726,88.3639,30.5,56.0,12.1,1.3
2025-02-16,Kolkata,West Bengal,East,22.5726,88.3639,27.9,52.8,15.9,0.5
2025-02-17,Kolkata,West Bengal,East,22.5726,88.3639,29.5,62.2,6.7,4.3
2025-02-18,Kolkata,West Bengal,East,22.5726,88.3639,32.7,60.8,17.8,0.0
2025-02-19,Kolkata,West Bengal,East,22.5726,88.3639,29.2,63.4,12.0,2.4
2025-02-20,Kolkata,West Bengal,East,22.5726,88.3639,31.0,57.6,11.3,0.8
2025-02-21,Kolkata,West Bengal,East,22.5726,88.3639,28.3,54.9,10.7,0.8
2025-02-22,Kolkata,West Bengal,East,22.5726,88.3639,29.3,55.0,15.3,2.6
2025-02-23,Kolkata,West Bengal,East,22.5726,88.3639,30.3,51.8,13.7,3.7
2025-02-24,Kolkata,West Bengal,East,22.5726,88.3639,30.1,65.3,11.0,0.4
2025-02-25,Kolkata,West Bengal,East,22.5726,88.3639,28.9,56.7,7.2,2.5
2025-02-26,Kolkata,West Bengal,East,22.5726,88.3639,29.3,65.8,11.7,1.4
2025-02-27,Kolkata,West Bengal,East,22.5726,88.3639,31.0,53.3,18.2,2.8
2025-02-28,Kolkata,West Bengal,East,22.5726,88.3639,31.5,53.8,10.9,0.1
2025-03-01,Kolkata,West Bengal,East,22.5726,88.3639,30.3,43.3,15.7,0.5
2025-03-02,Kolkata,West Bengal,East,22.5726,88.3639,33.0,55.4,9.3,2.4
2025-03-03,Kolkata,West Bengal,East,22.5726,88.3639,30.7,59.8,15.4,0.0
2025-03-04,Kolkata,West Bengal,East,22.5726,88.3639,34.2,62.7,9.1,0.1
2025-03-05,Kolkata,West Bengal,East,22.5726,88.3639,28.6,59.0,14.4,2.6
2025-03-06,Kolkata,West Bengal,East,22.5726,88.3639,32.6,43.3,12.8,2.8
2025-03-07,Kolkata,West Bengal,East,22.5726,88.3639,30.6,48.7,14.2,1.6
2025-03-08,Kolkata,West Bengal,East,22.5726,88.3639,30.0,47.8,19.2,0.0
2025-03-09,Kolkata,West Bengal,East,22.5726,88.3639,32.0,58.9,18.4,0.0
2025-03-10,Kolkata,West Bengal,East,22.5726,88.3639,29.1,51.8,7.9,0.0
2025-03-11,Kolkata,West Bengal,East,22.5726,88.3639,33.0,51.5,5.8,1.1
2025-03-12,Kolkata,West Bengal,East,22.5726,88.3639,37.5,54.7,16.7,0.0
2025-03-13,Kolkata,West Bengal,East,22.5726,88.3639,32.2,41.4,7.7,0.0
2025-03-14,Kolkata,West Bengal,East,22.5726,88.3639,34.1,49.4,19.5,2.3
2025-03-15,Kolkata,West Bengal,East,22.5726,88.3639,32.6,58.9,18.7,0.0
2025-03-16,Kolkata,West Bengal,East,22.5726,88.3639,35.3,51.8,11.8,1.9
2025-03-17,Kolkata,West Bengal,East,22.5726,88.3639,33.7,56.9,16.0,0.0
2025-03-18,Kolkata,West Bengal,East,22.5726,88.3639,36.2,62.3,9.4,0.0
2025-03-19,Kolkata,West Bengal,East,22.5726,88.3639,32.4,55.7,14.8,0.0
2025-03-20,Kolkata,West Bengal,East,22.5726,88.3639,33.8,32.7,12.9,0.0
2025-03-21,Kolkata,West Bengal,East,22.5726,88.3639,32.9,57.7,11.6,0.0
2025-03-22,Kolkata,West Bengal,East,22.5726,88.3639,32.8,54.4,7.4,0.0
2025-03-23,Kolkata,West Bengal,East,22.5726,88.3639,34.9,41.9,10.6,0.0
2025-03-24,Kolkata,West Bengal,East,22.5726,88.3639,37.5,52.0,12.2,0.0
2025-03-25,Kolkata,West Bengal,East,22.5726,88.3639,32.7,36.5,12.4,0.0
2025-03-26,Kolkata,West Bengal,East,22.5726,88.3639,32.8,49.6,7.8,0.0
2025-03-27,Kolkata,West Bengal,East,22.5726,88.3639,32.7,48.7,5.0,0.0
2025-03-28,Kolkata,West Bengal,East,22.5726,88.3639,35.0,39.9,10.2,0.0
2025-03-29,Kolkata,West Bengal,East,22.5726,88.3639,35.9,56.6,1.0,0.0
2025-03-30,Kolkata,West Bengal,East,22.5726,88.3639,34.4,37.2,7.2,0.0
2025-03-31,Kolkata,West Bengal,East,22.5726,88.3639,38.3,51.0,8.6,0.0
2025-04-01,Kolkata,West Bengal,East,22.5726,88.3639,37.6,52.9,3.1,0.0
2025-04-02,Kolkata,West Bengal,East,22.5726,88.3639,35.7,52.9,13.2,3.0
2025-04-03,Kolkata,West Bengal,East,22.5726,88.3639,36.2,50.9,12.4,0.0
2025-04-04,Kolkata,West Bengal,East,22.5726,88.3639,35.5,44.9,11.8,0.0
2025-04-05,Kolkata,West Bengal,East,22.5726,88.3639,35.9,61.4,13.3,0.0
2025-04-06,Kolkata,West Bengal,East,22.5726,88.3639,35.0,51.7,7.6,0.0
2025-04-07,Kolkata,West Bengal,East,22.5726,88.3639,33.0,49.4,10.6,0.0
2025-04-08,Kolkata,West Bengal,East,22.5726,88.3639,36.1,59.0,13.6,0.0
2025-04-09,Kolkata,West Bengal,East,22.5726,88.3639,31.5,43.1,12.9,0.0
2025-04-10,Kolkata,West Bengal,East,22.5726,88.3639,39.8,56.2,9.0,0.0
2025-04-11,Kolkata,West Bengal,East,22.5726,88.3639,35.9,41.9,13.1,0.0
2025-04-12,Kolkata,West Bengal,East,22.5726,88.3639,34.9,47.2,16.9,0.0
2025-04-13,Kolkata,West Bengal,East,22.5726,88.3639,37.1,49.4,10.7,0.0
2025-04-14,Kolkata,West Bengal,East,22.5726,88.3639,40.9,44.8,15.2,0.0
2025-04-15,Kolkata,West Bengal,East,22.5726,88.3639,35.2,47.0,11.1,0.0
2025-04-16,Kolkata,West Bengal,East,22.5726,88.3639,36.0,50.1,4.3,0.0
2025-04-17,Kolkata,West Bengal,East,22.5726,88.3639,37.5,45.3,14.4,0.0
2025-04-18,Kolkata,West Bengal,East,22.5726,88.3639,32.3,46.1,12.1,0.0
2025-04-19,Kolkata,West Bengal,East,22.5726,88.3639,38.2,39.1,15.4,0.0
2025-04-20,Kolkata,West Bengal,East,22.5726,88.3639,37.3,48.9,9.8,0.0
2025-04-21,Kolkata,West Bengal,East,22.5726,88.3639,38.5,46.1,7.0,0.0
2025-04-22,Kolkata,West Bengal,East,22.5726,88.3639,37.2,46.9,14.0,0.0
2025-04-23,Kolkata,West Bengal,East,22.5726,88.3639,37.9,40.4,5.7,0.0
2025-04-24,Kolkata,West Bengal,East,22.5726,88.3639,37.4,41.1,15.4,0.0
2025-04-25,Kolkata,West Bengal,East,22.5726,88.3639,36.2,51.3,15.7,0.0
2025-04-26,Kolkata,West Bengal,East,22.5726,88.3639,38.8,50.7,14.8,0.0
2025-04-27,Kolkata,West Bengal,East,22.5726,88.3639,33.8,54.1,15.5,0.0
2025-04-28,Kolkata,West Bengal,East,22.5726,88.3639,36.0,33.3,9.0,0.0
2025-04-29,Kolkata,West Bengal,East,22.5726,88.3639,36.8,44.2,2.8,0.0
2025-04-30,Kolkata,West Bengal,East,22.5726,88.3639,36.4,48.1,14.7,1.3
2025-05-01,Kolkata,West Bengal,East,22.5726,88.3639,42.2,47.5,18.2,0.0
2025-05-02,Kolkata,West Bengal,East,22.5726,88.3639,36.8,46.4,13.3,0.0
2025-05-03,Kolkata,West Bengal,East,22.5726,88.3639,37.1,48.7,12.9,0.0
2025-05-04,Kolkata,West Bengal,East,22.5726,88.3639,37.6,43.2,11.4,0.0
2025-05-05,Kolkata,West Bengal,East,22.5726,88.3639,36.6,48.6,13.6,0.0
2025-05-06,Kolkata,West Bengal,East,22.5726,88.3639,36.5,44.6,8.4,0.0
2025-05-07,Kolkata,West Bengal,East,22.5726,88.3639,40.8,41.4,15.8,0.0
2025-05-08,Kolkata,West Bengal,East,22.5726,88.3639,36.1,35.9,18.4,0.0
2025-05-09,Kolkata,West Bengal,East,22.5726,88.3639,39.3,47.2,12.5,0.0
2025-05-10,Kolkata,West Bengal,East,22.5726,88.3639,40.1,38.9,15.2,0.0
2025-05-11,Kolkata,West Bengal,East,22.5726,88.3639,36.9,48.8,8.1,0.0
2025-05-12,Kolkata,West Bengal,East,22.5726,88.3639,36.6,41.0,12.6,0.1
2025-05-13,Kolkata,West Bengal,East,22.5726,88.3639,37.0,42.1,17.1,0.0
2025-05-14,Kolkata,West Bengal,East,22.5726,88.3639,37.2,40.5,1.0,0.0
2025-05-15,Kolkata,West Bengal,East,22.5726,88.3639,36.1,44.3,14.1,0.0
2025-05-16,Kolkata,West Bengal,East,22.5726,88.3639,39.5,45.3,12.3,0.0
2025-05-17,Kolkata,West Bengal,East,22.5726,88.3639,33.9,47.0,8.1,0.0
2025-05-18,Kolkata,West Bengal,East,22.5726,88.3639,37.2,49.0,17.9,0.0
2025-05-19,Kolkata,West Bengal,East,22.5726,88.3639,40.5,44.6,17.3,0.0
2025-05-20,Kolkata,West Bengal,East,22.5726,88.3639,39.7,45.5,11.5,0.0
2025-05-21,Kolkata,West Bengal,East,22.5726,88.3639,37.3,50.3,11.6,0.0
2025-05-22,Kolkata,West Bengal,East,22.5726,88.3639,40.2,41.4,17.6,0.0
2025-05-23,Kolkata,West Bengal,East,22.5726,88.3639,38.3,43.8,14.4,0.0
2025-05-24,Kolkata,West Bengal,East,22.5726,88.3639,38.9,37.8,11.6,0.0
2025-05-25,Kolkata,West Bengal,East,22.5726,88.3639,38.6,46.3,8.9,0.0
2025-05-26,Kolkata,West Bengal,East,22.5726,88.3639,41.3,35.7,18.8,0.0
2025-05-27,Kolkata,West Bengal,East,22.5726,88.3639,38.7,45.2,9.4,0.0
2025-05-28,Kolkata,West Bengal,East,22.5726,88.3639,38.2,42.5,10.4,0.0
2025-05-29,Kolkata,West Bengal,East,22.5726,88.3639,37.5,44.6,13.8,0.0
2025-05-30,Kolkata,West Bengal,East,22.5726,88.3639,36.4,46.3,7.2,0.0
2025-05-31,Kolkata,West Bengal,East,22.5726,88.3639,36.9,45.2,20.1,0.0
2025-06-01,Kolkata,West Bengal,East,22.5726,88.3639,38.5,41.7,10.7,0.0
2025-06-02,Kolkata,West Bengal,East,22.5726,88.3639,39.4,38.9,11.3,0.0
2025-06-03,Kolkata,West Bengal,East,22.5726,88.3639,36.3,45.7,14.6,0.0
2025-06-04,Kolkata,West Bengal,East,22.5726,88.3639,37.6,41.2,11.4,0.0
2025-06-05,Kolkata,West Bengal,East,22.5726,88.3639,37.2,39.4,15.5,0.0
2025-06-06,Kolkata,West Bengal,East,22.5726,88.3639,39.0,45.5,18.0,0.0
2025-06-07,Kolkata,West Bengal,East,22.5726,88.3639,38.0,40.6,13.0,0.0
2025-06-08,Kolkata,West Bengal,East,22.5726,88.3639,40.1,52.5,13.9,0.0
2025-06-09,Kolkata,West Bengal,East,22.5726,88.3639,38.7,47.8,15.7,0.0
2025-06-10,Kolkata,West Bengal,East,22.5726,88.3639,36.4,34.0,19.2,0.0
2025-06-11,Kolkata,West Bengal,East,22.5726,88.3639,42.4,41.3,11.9,0.0
2025-06-12,Kolkata,West Bengal,East,22.5726,88.3639,41.4,51.5,10.4,0.0
2025-06-13,Kolkata,West Bengal,East,22.5726,88.3639,39.0,54.8,15.0,0.0
2025-06-14,Kolkata,West Bengal,East,22.5726,88.3639,37.6,34.5,12.5,0.0
2025-06-15,Kolkata,West Bengal,East,22.5726,88.3639,37.6,70.2,16.1,0.0
2025-06-16,Kolkata,West Bengal,East,22.5726,88.3639,40.3,54.0,7.2,0.0
2025-06-17,Kolkata,West Bengal,East,22.5726,88.3639,42.0,34.6,7.6,0.0
2025-06-18,Kolkata,West Bengal,East,22.5726,88.3639,36.9,46.4,16.1,0.0
2025-06-19,Kolkata,West Bengal,East,22.5726,88.3639,42.1,43.5,19.8,0.0
2025-06-20,Kolkata,West Bengal,East,22.5726,88.3639,41.3,38.8,11.7,0.0
2025-06-21,Kolkata,West Bengal,East,22.5726,88.3639,38.9,44.2,12.3,0.0
2025-06-22,Kolkata,West Bengal,East,22.5726,88.3639,39.4,47.2,8.3,0.0
2025-06-23,Kolkata,West Bengal,East,22.5726,88.3639,40.2,36.5,10.9,0.0
2025-06-24,Kolkata,West Bengal,East,22.5726,88.3639,38.2,41.5,11.3,0.0
2025-06-25,Kolkata,West Bengal,East,22.5726,88.3639,37.0,40.7,9.2,0.0
2025-06-26,Kolkata,West Bengal,East,22.5726,88.3639,40.3,43.9,6.8,0.0
2025-06-27,Kolkata,West Bengal,East,22.5726,88.3639,40.2,54.2,16.1,0.0
2025-06-28,Kolkata,West Bengal,East,22.5726,88.3639,38.1,36.1,15.0,0.0
2025-06-29,Kolkata,West Bengal,East,22.5726,88.3639,42.1,39.5,8.7,0.0
2025-06-30,Kolkata,West Bengal,East,22.5726,88.3639,36.2,45.4,13.6,0.0
2025-07-01,Kolkata,West Bengal,East,22.5726,88.3639,35.5,39.7,17.5,0.0
2025-07-02,Kolkata,West Bengal,East,22.5726,88.3639,37.5,42.6,7.8,0.0
2025-07-03,Kolkata,West Bengal,East,22.5726,88.3639,36.1,41.4,12.8,0.0
2025-07-04,Kolkata,West Bengal,East,22.5726,88.3639,38.7,44.8,13.9,0.0
2025-07-05,Kolkata,West Bengal,East,22.5726,88.3639,36.6,41.1,12.5,0.0
2025-07-06,Kolkata,West Bengal,East,22.5726,88.3639,36.6,38.2,17.9,0.0
2025-07-07,Kolkata,West Bengal,East,22.5726,88.3639,35.8,45.7,11.4,0.0
2025-07-08,Kolkata,West Bengal,East,22.5726,88.3639,36.4,50.9,9.2,0.0
2025-07-09,Kolkata,West Bengal,East,22.5726,88.3639,35.1,47.9,9.1,0.0
2025-07-10,Kolkata,West Bengal,East,22.5726,88.3639,35.1,53.5,9.2,0.0
2025-07-11,Kolkata,West Bengal,East,22.5726,88.3639,38.2,43.3,16.6,0.0
2025-07-12,Kolkata,West Bengal,East,22.5726,88.3639,37.9,37.1,10.4,0.0
2025-07-13,Kolkata,West Bengal,East,22.5726,88.3639,37.5,46.1,8.6,0.0
2025-07-14,Kolkata,West Bengal,East,22.5726,88.3639,39.1,41.5,15.8,0.0
2025-07-15,Kolkata,West Bengal,East,22.5726,88.3639,35.9,51.2,15.6,0.0
2025-07-16,Kolkata,West Bengal,East,22.5726,88.3639,35.5,49.4,17.4,0.0
2025-07-17,Kolkata,West Bengal,East,22.5726,88.3639,33.8,47.4,10.2,0.0
2025-07-18,Kolkata,West Bengal,East,22.5726,88.3639,38.7,53.5,10.3,0.0
2025-07-19,Kolkata,West Bengal,East,22.5726,88.3639,40.2,40.4,13.2,0.0
2025-07-20,Kolkata,West Bengal,East,22.5726,88.3639,41.3,47.4,16.5,0.0
2025-07-21,Kolkata,West Bengal,East,22.5726,88.3639,33.2,53.9,4.0,0.0
2025-07-22,Kolkata,West Bengal,East,22.5726,88.3639,35.4,49.4,16.8,6.7
2025-07-23,Kolkata,West Bengal,East,22.5726,88.3639,34.8,52.7,8.6,0.0
2025-07-24,Kolkata,West Bengal,East,22.5726,88.3639,33.7,49.2,15.0,0.0
2025-07-25,Kolkata,West Bengal,East,22.5726,88.3639,36.6,45.6,10.8,0.0
2025-07-26,Kolkata,West Bengal,East,22.5726,88.3639,36.5,50.9,14.4,0.0
2025-07-27,Kolkata,West Bengal,East,22.5726,88.3639,37.2,48.4,8.4,0.0
2025-07-28,Kolkata,West Bengal,East,22.5726,88.3639,34.6,55.2,12.5,0.0
2025-07-29,Kolkata,West Bengal,East,22.5726,88.3639,34.5,53.3,10.7,0.0
2025-07-30,Kolkata,West Bengal,East,22.5726,88.3639,35.4,43.5,17.6,0.0
2025-07-31,Kolkata,West Bengal,East,22.5726,88.3639,37.4,49.7,7.4,0.0
2025-08-01,Kolkata,West Bengal,East,22.5726,88.3639,33.5,48.1,13.9,0.0
2025-08-02,Kolkata,West Bengal,East,22.5726,88.3639,36.2,55.1,12.1,0.0
2025-08-03,Kolkata,West Bengal,East,22.5726,88.3639,39.2,47.8,13.6,0.0
2025-08-04,Kolkata,West Bengal,East,22.5726,88.3639,35.3,46.6,18.7,0.0
2025-08-05,Kolkata,West Bengal,East,22.5726,88.3639,37.2,57.0,14.8,0.0
2025-08-06,Kolkata,West Bengal,East,22.5726,88.3639,33.4,56.6,13.9,4.6
2025-08-07,Kolkata,West Bengal,East,22.5726,88.3639,34.4,47.3,5.1,0.0
2025-08-08,Kolkata,West Bengal,East,22.5726,88.3639,34.5,56.5,8.5,2.7
2025-08-09,Kolkata,West Bengal,East,22.5726,88.3639,33.5,39.7,13.0,0.0
2025-08-10,Kolkata,West Bengal,East,22.5726,88.3639,35.1,41.6,17.1,0.0
2025-08-11,Kolkata,West Bengal,East,22.5726,88.3639,33.5,44.4,7.2,6.4
2025-08-12,Kolkata,West Bengal,East,22.5726,88.3639,34.3,47.9,12.1,0.0
2025-08-13,Kolkata,West Bengal,East,22.5726,88.3639,34.8,46.1,10.9,0.0
2025-08-14,Kolkata,West Bengal,East,22.5726,88.3639,32.8,59.9,18.7,0.0
2025-08-15,Kolkata,West Bengal,East,22.5726,88.3639,29.6,49.0,15.2,1.2
2025-08-16,Kolkata,West Bengal,East,22.5726,88.3639,29.9,55.3,8.2,0.0
2025-08-17,Kolkata,West Bengal,East,22.5726,88.3639,30.5,52.5,11.8,0.0
2025-08-18,Kolkata,West Bengal,East,22.5726,88.3639,34.0,49.7,11.7,0.0
2025-08-19,Kolkata,West Bengal,East,22.5726,88.3639,31.8,59.4,10.9,0.2
2025-08-20,Kolkata,West Bengal,East,22.5726,88.3639,31.1,60.3,12.5,0.0
2025-08-21,Kolkata,West Bengal,East,22.5726,88.3639,32.9,57.6,11.4,0.3
2025-08-22,Kolkata,West Bengal,East,22.5726,88.3639,31.1,63.1,14.9,0.6
2025-08-23,Kolkata,West Bengal,East,22.5726,88.3639,30.5,67.4,12.1,0.0
2025-08-24,Kolkata,West Bengal,East,22.5726,88.3639,31.4,57.7,17.1,0.8
2025-08-25,Kolkata,West Bengal,East,22.5726,88.3639,31.2,58.3,12.3,0.6
2025-08-26,Kolkata,West Bengal,East,22.5726,88.3639,30.7,54.0,11.3,0.5
2025-08-27,Kolkata,West Bengal,East,22.5726,88.3639,33.1,56.1,16.3,1.3
2025-08-28,Kolkata,West Bengal,East,22.5726,88.3639,33.0,51.2,9.6,0.2
2025-08-29,Kolkata,West Bengal,East,22.5726,88.3639,29.9,47.9,14.7,1.9
2025-08-30,Kolkata,West Bengal,East,22.5726,88.3639,32.7,54.8,17.3,1.8
2025-08-31,Kolkata,West Bengal,East,22.5726,88.3639,33.1,48.8,13.4,1.5
2025-09-01,Kolkata,West Bengal,East,22.5726,88.3639,29.0,42.6,7.7,0.9
2025-09-02,Kolkata,West Bengal,East,22.5726,88.3639,30.9,53.3,9.8,4.4
2025-09-03,Kolkata,West Bengal,East,22.5726,88.3639,28.6,55.2,8.4,0.4
2025-09-04,Kolkata,West Bengal,East,22.5726,88.3639,30.0,55.2,9.5,3.3
2025-09-05,Kolkata,West Bengal,East,22.5726,88.3639,33.6,64.5,9.7,3.7
2025-09-06,Kolkata,West Bengal,East,22.5726,88.3639,28.2,63.6,11.8,0.8
2025-09-07,Kolkata,West Bengal,East,22.5726,88.3639,32.3,51.7,9.3,7.2
2025-09-08,Kolkata,West Bengal,East,22.5726,88.3639,31.3,65.9,14.7,6.5
2025-09-09,Kolkata,West Bengal,East,22.5726,88.3639,29.2,56.3,5.7,1.1
2025-09-10,Kolkata,West Bengal,East,22.5726,88.3639,31.1,52.5,11.9,1.3
2025-09-11,Kolkata,West Bengal,East,22.5726,88.3639,32.6,53.6,7.6,0.5
2025-09-12,Kolkata,West Bengal,East,22.5726,88.3639,30.3,53.0,9.8,2.1
2025-09-13,Kolkata,West Bengal,East,22.5726,88.3639,26.7,67.9,14.3,6.9
2025-09-14,Kolkata,West Bengal,East,22.5726,88.3639,28.7,46.6,11.9,2.9
2025-09-15,Kolkata,West Bengal,East,22.5726,88.3639,29.7,54.9,11.2,7.5
2025-09-16,Kolkata,West Bengal,East,22.5726,88.3639,29.2,48.3,11.9,1.7
2025-09-17,Kolkata,West Bengal,East,22.5726,88.3639,26.3,56.1,19.3,0.1
2025-09-18,Kolkata,West Bengal,East,22.5726,88.3639,27.1,63.0,17.2,0.1
2025-09-19,Kolkata,West Bengal,East,22.5726,88.3639,31.0,61.5,8.8,0.1
2025-09-20,Kolkata,West Bengal,East,22.5726,88.3639,33.3,46.8,17.6,3.0
2025-09-21,Kolkata,West Bengal,East,22.5726,88.3639,31.2,53.9,17.7,1.9
2025-09-22,Kolkata,West Bengal,East,22.5726,88.3639,28.5,70.1,15.0,0.8
2025-09-23,Kolkata,West Bengal,East,22.5726,88.3639,25.4,53.2,8.8,0.0
2025-09-24,Kolkata,West Bengal,East,22.5726,88.3639,28.8,63.4,12.5,1.9
2025-09-25,Kolkata,West Bengal,East,22.5726,88.3639,28.9,66.5,19.3,3.5
2025-09-26,Kolkata,West Bengal,East,22.5726,88.3639,27.6,56.0,7.4,0.5
2025-09-27,Kolkata,West Bengal,East,22.5726,88.3639,29.3,59.5,7.2,3.9
2025-09-28,Kolkata,West Bengal,East,22.5726,88.3639,24.7,78.1,17.1,3.9
2025-09-29,Kolkata,West Bengal,East,22.5726,88.3639,30.8,60.0,11.4,6.7
2025-09-30,Kolkata,West Bengal,East,22.5726,88.3639,22.5,61.2,11.9,2.3
2025-10-01,Kolkata,West Bengal,East,22.5726,88.3639,29.8,56.0,13.8,0.9
2025-10-02,Kolkata,West Bengal,East,22.5726,88.3639,28.8,66.7,12.0,2.0
2025-10-03,Kolkata,West Bengal,East,22.5726,88.3639,25.0,59.8,7.4,1.4
2025-10-04,Kolkata,West Bengal,East,22.5726,88.3639,22.0,63.0,15.7,2.4
2025-10-05,Kolkata,West Bengal,East,22.5726,88.3639,25.9,61.2,14.3,3.7
2025-10-06,Kolkata,West Bengal,East,22.5726,88.3639,28.2,55.8,13.1,1.0
2025-10-07,Kolkata,West Bengal,East,22.5726,88.3639,26.2,63.3,7.2,0.1
2025-10-08,Kolkata,West Bengal,East,22.5726,88.3639,23.8,61.1,11.1,3.6
2025-10-09,Kolkata,West Bengal,East,22.5726,88.3639,25.8,60.2,18.1,0.9
2025-10-10,Kolkata,West Bengal,East,22.5726,88.3639,28.2,66.6,8.4,3.3
2025-10-11,Kolkata,West Bengal,East,22.5726,88.3639,25.8,55.9,9.3,2.7
2025-10-12,Kolkata,West Bengal,East,22.5726,88.3639,24.8,54.0,12.8,0.7
2025-10-13,Kolkata,West Bengal,East,22.5726,88.3639,25.5,69.2,6.2,0.2
2025-10-14,Kolkata,West Bengal,East,22.5726,88.3639,28.2,72.6,5.4,0.7
2025-10-15,Kolkata,West Bengal,East,22.5726,88.3639,25.1,64.3,8.4,1.0
2025-10-16,Kolkata,West Bengal,East,22.5726,88.3639,24.8,60.2,2.1,1.6
2025-10-17,Kolkata,West Bengal,East,22.5726,88.3639,25.6,53.0,4.0,3.5
2025-10-18,Kolkata,West Bengal,East,22.5726,88.3639,25.3,51.9,14.2,5.9
2025-10-19,Kolkata,West Bengal,East,22.5726,88.3639,23.4,72.9,15.7,7.9
2025-10-20,Kolkata,West Bengal,East,22.5726,88.3639,22.7,69.3,13.2,0.8
2025-10-21,Kolkata,West Bengal,East,22.5726,88.3639,26.4,63.0,10.9,1.5
2025-10-22,Kolkata,West Bengal,East,22.5726,88.3639,27.5,65.0,15.7,0.6
2025-10-23,Kolkata,West Bengal,East,22.5726,88.3639,26.0,47.9,13.0,0.2
2025-10-24,Kolkata,West Bengal,East,22.5726,88.3639,23.9,72.2,10.4,1.3
2025-10-25,Kolkata,West Bengal,East,22.5726,88.3639,23.7,70.5,8.8,8.4
2025-10-26,Kolkata,West Bengal,East,22.5726,88.3639,25.8,68.6,12.0,1.4
2025-10-27,Kolkata,West Bengal,East,22.5726,88.3639,19.8,56.4,13.7,1.2
2025-10-28,Kolkata,West Bengal,East,22.5726,88.3639,20.6,67.5,10.7,1.8
2025-10-29,Kolkata,West Bengal,East,22.5726,88.3639,22.5,61.7,9.1,4.5
2025-10-30,Kolkata,West Bengal,East,22.5726,88.3639,19.8,54.7,14.0,2.7
2025-10-31,Kolkata,West Bengal,East,22.5726,88.3639,21.8,65.5,15.3,3.7
2025-11-01,Kolkata,West Bengal,East,22.5726,88.3639,24.3,54.7,17.1,0.2
2025-11-02,Kolkata,West Bengal,East,22.5726,88.3639,26.9,64.4,6.9,5.4
2025-11-03,Kolkata,West Bengal,East,22.5726,88.3639,22.7,68.5,16.4,0.3
2025-11-04,Kolkata,West Bengal,East,22.5726,88.3639,22.2,67.4,9.1,2.5
2025-11-05,Kolkata,West Bengal,East,22.5726,88.3639,20.0,70.7,16.3,0.3
2025-11-06,Kolkata,West Bengal,East,22.5726,88.3639,26.4,66.0,13.7,0.1
2025-11-07,Kolkata,West Bengal,East,22.5726,88.3639,23.1,69.2,17.2,0.8
2025-11-08,Kolkata,West Bengal,East,22.5726,88.3639,25.2,70.4,11.3,2.3
2025-11-09,Kolkata,West Bengal,East,22.5726,88.3639,24.6,69.7,21.7,4.4
2025-11-10,Kolkata,West Bengal,East,22.5726,88.3639,21.2,67.2,13.0,1.3
2025-11-11,Kolkata,West Bengal,East,22.5726,88.3639,24.7,65.1,17.3,1.6
2025-11-12,Kolkata,West Bengal,East,22.5726,88.3639,24.2,61.6,4.4,1.3
2025-11-13,Kolkata,West Bengal,East,22.5726,88.3639,23.0,80.7,12.9,0.7
2025-11-14,Kolkata,West Bengal,East,22.5726,88.3639,23.5,72.7,10.3,0.8
2025-11-15,Kolkata,West Bengal,East,22.5726,88.3639,20.9,73.8,9.1,1.8
2025-11-16,Kolkata,West Bengal,East,22.5726,88.3639,22.2,70.4,5.9,0.6
2025-11-17,Kolkata,West Bengal,East,22.5726,88.3639,23.5,63.9,12.4,7.0
2025-11-18,Kolkata,West Bengal,East,22.5726,88.3639,22.8,71.0,1.0,4.3
2025-11-19,Kolkata,West Bengal,East,22.5726,88.3639,25.6,60.0,15.8,1.2
2025-11-20,Kolkata,West Bengal,East,22.5726,88.3639,24.1,66.3,12.1,2.2
2025-11-21,Kolkata,West Bengal,East,22.5726,88.3639,25.1,62.4,12.4,1.8
2025-11-22,Kolkata,West Bengal,East,22.5726,88.3639,22.8,69.4,16.1,2.9
2025-11-23,Kolkata,West Bengal,East,22.5726,88.3639,20.4,73.1,12.0,0.1
2025-11-24,Kolkata,West Bengal,East,22.5726,88.3639,22.6,72.5,14.0,0.4
2025-11-25,Kolkata,West Bengal,East,22.5726,88.3639,24.8,66.0,13.0,0.6
2025-11-26,Kolkata,West Bengal,East,22.5726,88.3639,23.1,57.8,10.9,1.6
2025-11-27,Kolkata,West Bengal,East,22.5726,88.3639,23.5,71.4,13.7,5.5
2025-11-28,Kolkata,West Bengal,East,22.5726,88.3639,24.1,74.0,8.1,2.5
2025-11-29,Kolkata,West Bengal,East,22.5726,88.3639,22.7,67.0,10.5,1.9
2025-11-30,Kolkata,West Bengal,East,22.5726,88.3639,25.0,72.8,6.1,5.7
2025-12-01,Kolkata,West Bengal,East,22.5726,88.3639,23.6,60.8,15.1,0.8
2025-12-02,Kolkata,West Bengal,East,22.5726,88.3639,22.1,66.4,16.7,2.0
2025-12-03,Kolkata,West Bengal,East,22.5726,88.3639,26.3,65.3,8.8,0.3
2025-12-04,Kolkata,West Bengal,East,22.5726,88.3639,23.4,63.2,14.3,3.4
2025-12-05,Kolkata,West Bengal,East,22.5726,88.3639,24.3,74.3,15.4,0.6
2025-12-06,Kolkata,West Bengal,East,22.5726,88.3639,21.8,61.3,14.1,1.5
2025-12-07,Kolkata,West Bengal,East,22.5726,88.3639,25.2,66.0,13.5,0.8
2025-12-08,Kolkata,West Bengal,East,22.5726,88.3639,22.9,67.4,12.0,5.2
2025-12-09,Kolkata,West Bengal,East,22.5726,88.3639,24.3,74.4,8.2,1.3
2025-12-10,Kolkata,West Bengal,East,22.5726,88.3639,23.2,80.9,13.4,0.7
2025-12-11,Kolkata,West Bengal,East,22.5726,88.3639,22.7,62.0,11.0,4.6
2025-12-12,Kolkata,West Bengal,East,22.5726,88.3639,21.4,61.5,13.6,4.9
2025-12-13,Kolkata,West Bengal,East,22.5726,88.3639,22.2,78.6,14.2,1.4
2025-12-14,Kolkata,West Bengal,East,22.5726,88.3639,21.1,65.8,9.8,1.2
2025-12-15,Kolkata,West Bengal,East,22.5726,88.3639,24.9,75.4,10.5,1.3
2025-12-16,Kolkata,West Bengal,East,22.5726,88.3639,23.7,58.5,7.2,3.5
2025-12-17,Kolkata,West Bengal,East,22.5726,88.3639,26.3,72.1,6.2,2.3
2025-12-18,Kolkata,West Bengal,East,22.5726,88.3639,25.6,60.8,5.9,3.7
2025-12-19,Kolkata,West Bengal,East,22.5726,88.3639,23.6,64.1,16.8,1.8
2025-12-20,Kolkata,West Bengal,East,22.5726,88.3639,25.0,59.8,15.4,0.5
2025-12-21,Kolkata,West Bengal,East,22.5726,88.3639,22.6,66.5,6.5,0.5
2025-12-22,Kolkata,West Bengal,East,22.5726,88.3639,22.1,70.9,14.6,8.6
2025-12-23,Kolkata,West Bengal,East,22.5726,88.3639,26.6,62.5,17.5,2.8
2025-12-24,Kolkata,West Bengal,East,22.5726,88.3639,21.0,67.3,6.3,1.7
2025-12-25,Kolkata,West Bengal,East,22.5726,88.3639,28.1,69.3,12.2,1.6
2025-12-26,Kolkata,West Bengal,East,22.5726,88.3639,22.9,71.2,7.1,0.7
2025-12-27,Kolkata,West Bengal,East,22.5726,88.3639,19.2,74.0,5.3,1.7
2025-12-28,Kolkata,West Bengal,East,22.5726,88.3639,21.3,73.5,15.8,0.3
2025-12-29,Kolkata,West Bengal,East,22.5726,88.3639,21.1,65.3,11.6,0.0
2025-12-30,Kolkata,West Bengal,East,22.5726,88.3639,25.3,58.1,11.6,4.9
2025-12-31,Kolkata,West Bengal,East,22.5726,88.3639,22.8,61.4,16.0,5.2
2025-01-01,Guwahati,Assam,Northeast,26.1445,91.7362,20.2,64.0,20.1,2.2
2025-01-02,Guwahati,Assam,Northeast,26.1445,91.7362,20.5,61.9,9.8,1.3
2025-01-03,Guwahati,Assam,Northeast,26.1445,91.7362,25.3,63.0,10.5,1.1
2025-01-04,Guwahati,Assam,Northeast,26.1445,91.7362,21.6,60.8,12.5,0.3
2025-01-05,Guwahati,Assam,Northeast,26.1445,91.7362,21.9,77.4,12.5,4.9
2025-01-06,Guwahati,Assam,Northeast,26.1445,91.7362,19.3,63.2,7.5,3.2
2025-01-07,Guwahati,Assam,Northeast,26.1445,91.7362,23.1,56.0,6.2,1.4
2025-01-08,Guwahati,Assam,Northeast,26.1445,91.7362,20.8,67.5,13.8,3.7
2025-01-09,Guwahati,Assam,Northeast,26.1445,91.7362,23.8,60.7,14.8,5.9
2025-01-10,Guwahati,Assam,Northeast,26.1445,91.7362,20.3,64.0,10.9,2.1
2025-01-11,Guwahati,Assam,Northeast,26.1445,91.7362,20.3,67.4,12.3,0.4
2025-01-12,Guwahati,Assam,Northeast,26.1445,91.7362,22.6,75.3,17.5,2.3
2025-01-13,Guwahati,Assam,Northeast,26.1445,91.7362,24.6,60.7,13.7,2.3
2025-01-14,Guwahati,Assam,Northeast,26.1445,91.7362,22.6,57.2,14.8,1.5
2025-01-15,Guwahati,Assam,Northeast,26.1445,91.7362,25.5,66.9,9.6,1.9
2025-01-16,Guwahati,Assam,Northeast,26.1445,91.7362,23.1,60.5,4.2,0.5
2025-01-17,Guwahati,Assam,Northeast,26.1445,91.7362,22.9,69.5,12.4,0.3
2025-01-18,Guwahati,Assam,Northeast,26.1445,91.7362,23.7,58.8,18.6,0.7
2025-01-19,Guwahati,Assam,Northeast,26.1445,91.7362,23.1,61.4,11.4,0.7
2025-01-20,Guwahati,Assam,Northeast,26.1445,91.7362,22.2,63.0,7.0,0.0
2025-01-21,Guwahati,Assam,Northeast,26.1445,91.7362,23.6,61.5,7.9,1.3
2025-01-22,Guwahati,Assam,Northeast,26.1445,91.7362,20.5,70.5,13.1,0.4
2025-01-23,Guwahati,Assam,Northeast,26.1445,91.7362,23.8,65.4,10.2,0.0
2025-01-24,Guwahati,Assam,Northeast,26.1445,91.7362,23.7,68.4,13.1,1.8
2025-01-25,Guwahati,Assam,Northeast,26.1445,91.7362,23.3,61.9,16.3,0.4
2025-01-26,Guwahati,Assam,Northeast,26.1445,91.7362,25.2,61.3,10.4,1.7
2025-01-27,Guwahati,Assam,Northeast,26.1445,91.7362,25.2,65.2,8.5,2.3
2025-01-28,Guwahati,Assam,Northeast,26.1445,91.7362,24.1,59.1,14.9,2.8
2025-01-29,Guwahati,Assam,Northeast,26.1445,91.7362,24.6,66.5,7.7,0.2
2025-01-30,Guwahati,Assam,Northeast,26.1445,91.7362,23.7,56.1,19.9,0.2
2025-01-31,Guwahati,Assam,Northeast,26.1445,91.7362,25.5,64.8,8.6,2.3
2025-02-01,Guwahati,Assam,Northeast,26.1445,91.7362,25.3,67.6,10.6,1.0
2025-02-02,Guwahati,Assam,Northeast,26.1445,91.7362,25.5,60.6,10.3,3.1
2025-02-03,Guwahati,Assam,Northeast,26.1445,91.7362,23.7,50.6,13.0,0.2
2025-02-04,Guwahati,Assam,Northeast,26.1445,91.7362,22.1,55.2,13.6,0.3
2025-02-05,Guwahati,Assam,Northeast,26.1445,91.7362,24.7,63.7,11.3,4.2
2025-02-06,Guwahati,Assam,Northeast,26.1445,91.7362,27.6,54.8,13.0,7.2
2025-02-07,Guwahati,Assam,Northeast,26.1445,91.7362,24.0,58.9,24.9,0.4
2025-02-08,Guwahati,Assam,Northeast,26.1445,91.7362,27.2,70.0,11.5,1.6
2025-02-09,Guwahati,Assam,Northeast,26.1445,91.7362,25.2,51.3,13.7,0.5
2025-02-10,Guwahati,Assam,Northeast,26.1445,91.7362,27.0,53.0,16.4,0.7
2025-02-11,Guwahati,Assam,Northeast,26.1445,91.7362,26.0,60.1,13.4,1.0
2025-02-12,Guwahati,Assam,Northeast,26.1445,91.7362,25.1,56.2,11.7,0.8
2025-02-13,Guwahati,Assam,Northeast,26.1445,91.7362,26.0,61.6,9.9,0.6
2025-02-14,Guwahati,Assam,Northeast,26.1445,91.7362,24.2,47.7,4.1,1.4
2025-02-15,Guwahati,Assam,Northeast,26.1445,91.7362,23.3,60.9,13.9,3.2
2025-02-16,Guwahati,Assam,Northeast,26.1445,91.7362,26.2,57.4,16.2,9.1
2025-02-17,Guwahati,Assam,Northeast,26.1445,91.7362,26.5,66.9,18.0,2.8
2025-02-18,Guwahati,Assam,Northeast,26.1445,91.7362,25.2,54.5,9.1,0.3
2025-02-19,Guwahati,Assam,Northeast,26.1445,91.7362,28.7,50.9,6.4,6.7
2025-02-20,Guwahati,Assam,Northeast,26.1445,91.7362,27.2,68.4,15.7,1.0
2025-02-21,Guwahati,Assam,Northeast,26.1445,91.7362,26.8,52.4,9.0,2.2
2025-02-22,Guwahati,Assam,Northeast,26.1445,91.7362,30.8,56.7,12.2,0.4
2025-02-23,Guwahati,Assam,Northeast,26.1445,91.7362,25.8,61.4,20.3,1.8
2025-02-24,Guwahati,Assam,Northeast,26.1445,91.7362,28.9,47.9,12.8,0.4
2025-02-25,Guwahati,Assam,Northeast,26.1445,91.7362,29.5,58.6,12.7,0.5
2025-02-26,Guwahati,Assam,Northeast,26.1445,91.7362,26.3,53.1,9.6,0.1
2025-02-27,Guwahati,Assam,Northeast,26.1445,91.7362,30.3,56.6,16.2,0.8
2025-02-28,Guwahati,Assam,Northeast,26.1445,91.7362,25.4,49.6,4.0,1.6
2025-03-01,Guwahati,Assam,Northeast,26.1445,91.7362,26.9,59.5,16.4,0.7
2025-03-02,Guwahati,Assam,Northeast,26.1445,91.7362,30.2,55.6,20.1,0.5
2025-03-03,Guwahati,Assam,Northeast,26.1445,91.7362,29.6,59.4,17.1,5.0
2025-03-04,Guwahati,Assam,Northeast,26.1445,91.7362,29.2,50.5,12.5,1.3
2025-03-05,Guwahati,Assam,Northeast,26.1445,91.7362,26.9,60.9,10.6,0.0
2025-03-06,Guwahati,Assam,Northeast,26.1445,91.7362,25.8,54.8,13.3,3.0
2025-03-07,Guwahati,Assam,Northeast,26.1445,91.7362,29.3,56.3,7.9,0.0
2025-03-08,Guwahati,Assam,Northeast,26.1445,91.7362,29.7,58.2,18.9,0.0
2025-03-09,Guwahati,Assam,Northeast,26.1445,91.7362,29.4,42.5,13.0,6.2
2025-03-10,Guwahati,Assam,Northeast,26.1445,91.7362,29.9,57.4,11.2,3.5
2025-03-11,Guwahati,Assam,Northeast,26.1445,91.7362,30.2,60.2,8.5,1.4
2025-03-12,Guwahati,Assam,Northeast,26.1445,91.7362,29.6,46.7,9.6,0.0
2025-03-13,Guwahati,Assam,Northeast,26.1445,91.7362,30.6,46.1,13.4,1.5
2025-03-14,Guwahati,Assam,Northeast,26.1445,91.7362,27.9,48.5,3.7,3.4
2025-03-15,Guwahati,Assam,Northeast,26.1445,91.7362,32.2,52.1,16.2,0.0
2025-03-16,Guwahati,Assam,Northeast,26.1445,91.7362,27.8,46.8,17.5,0.0
2025-03-17,Guwahati,Assam,Northeast,26.1445,91.7362,30.4,51.3,6.5,0.0
2025-03-18,Guwahati,Assam,Northeast,26.1445,91.7362,30.5,63.1,4.3,2.5
2025-03-19,Guwahati,Assam,Northeast,26.1445,91.7362,30.2,56.9,10.8,0.3
2025-03-20,Guwahati,Assam,Northeast,26.1445,91.7362,31.1,45.7,16.8,0.1
2025-03-21,Guwahati,Assam,Northeast,26.1445,91.7362,32.0,58.3,14.8,0.0
2025-03-22,Guwahati,Assam,Northeast,26.1445,91.7362,31.4,49.6,12.0,0.0
2025-03-23,Guwahati,Assam,Northeast,26.1445,91.7362,30.8,48.4,11.8,0.0
2025-03-24,Guwahati,Assam,Northeast,26.1445,91.7362,31.5,51.1,13.6,0.0
2025-03-25,Guwahati,Assam,Northeast,26.1445,91.7362,36.4,48.1,5.2,0.0
2025-03-26,Guwahati,Assam,Northeast,26.1445,91.7362,31.7,47.4,9.8,0.0
2025-03-27,Guwahati,Assam,Northeast,26.1445,91.7362,31.6,51.9,9.0,0.0
2025-03-28,Guwahati,Assam,Northeast,26.1445,91.7362,33.0,56.3,13.1,0.0
2025-03-29,Guwahati,Assam,Northeast,26.1445,91.7362,31.3,47.9,14.5,0.0
2025-03-30,Guwahati,Assam,Northeast,26.1445,91.7362,30.8,53.8,13.4,0.0
2025-03-31,Guwahati,Assam,Northeast,26.1445,91.7362,33.1,46.0,11.3,0.0
2025-04-01,Guwahati,Assam,Northeast,26.1445,91.7362,31.2,42.5,10.2,0.0
2025-04-02,Guwahati,Assam,Northeast,26.1445,91.7362,36.5,50.0,8.2,0.0
2025-04-03,Guwahati,Assam,Northeast,26.1445,91.7362,34.1,50.6,7.6,0.0
2025-04-04,Guwahati,Assam,Northeast,26.1445,91.7362,31.7,49.3,16.4,0.0
2025-04-05,Guwahati,Assam,Northeast,26.1445,91.7362,34.8,47.5,11.6,0.0
2025-04-06,Guwahati,Assam,Northeast,26.1445,91.7362,35.7,51.1,15.2,0.0
2025-04-07,Guwahati,Assam,Northeast,26.1445,91.7362,36.2,51.0,4.1,0.0
2025-04-08,Guwahati,Assam,Northeast,26.1445,91.7362,34.3,45.5,5.5,0.0
2025-04-09,Guwahati,Assam,Northeast,26.1445,91.7362,32.2,43.1,10.6,0.0
2025-04-10,Guwahati,Assam,Northeast,26.1445,91.7362,34.8,45.8,7.0,0.0
2025-04-11,Guwahati,Assam,Northeast,26.1445,91.7362,33.7,41.4,6.8,0.0
2025-04-12,Guwahati,Assam,Northeast,26.1445,91.7362,34.1,46.0,12.9,0.0
2025-04-13,Guwahati,Assam,Northeast,26.1445,91.7362,32.5,48.0,12.2,0.0
2025-04-14,Guwahati,Assam,Northeast,26.1445,91.7362,33.8,57.9,5.0,0.0
2025-04-15,Guwahati,Assam,Northeast,26.1445,91.7362,33.8,50.6,13.0,0.0
2025-04-16,Guwahati,Assam,Northeast,26.1445,91.7362,31.3,46.7,11.8,0.0
2025-04-17,Guwahati,Assam,Northeast,26.1445,91.7362,31.4,48.5,9.6,0.0
2025-04-18,Guwahati,Assam,Northeast,26.1445,91.7362,34.0,58.3,14.8,0.0
2025-04-19,Guwahati,Assam,Northeast,26.1445,91.7362,33.3,47.3,17.4,0.0
2025-04-20,Guwahati,Assam,Northeast,26.1445,91.7362,33.9,55.6,8.7,0.0
2025-04-21,Guwahati,Assam,Northeast,26.1445,91.7362,32.9,52.1,10.3,0.0
2025-04-22,Guwahati,Assam,Northeast,26.1445,91.7362,33.9,40.3,11.8,0.0
2025-04-23,Guwahati,Assam,Northeast,26.1445,91.7362,34.7,52.5,7.4,0.0
2025-04-24,Guwahati,Assam,Northeast,26.1445,91.7362,35.2,45.9,16.4,0.0
2025-04-25,Guwahati,Assam,Northeast,26.1445,91.7362,35.3,49.7,10.0,0.0
2025-04-26,Guwahati,Assam,Northeast,26.1445,91.7362,35.0,36.7,14.1,0.0
2025-04-27,Guwahati,Assam,Northeast,26.1445,91.7362,34.6,45.5,13.0,0.0
2025-04-28,Guwahati,Assam,Northeast,26.1445,91.7362,33.6,49.2,8.9,0.0
2025-04-29,Guwahati,Assam,Northeast,26.1445,91.7362,34.2,44.9,10.2,0.0
2025-04-30,Guwahati,Assam,Northeast,26.1445,91.7362,33.1,38.4,14.6,0.0
2025-05-01,Guwahati,Assam,Northeast,26.1445,91.7362,39.2,41.5,14.5,0.0
2025-05-02,Guwahati,Assam,Northeast,26.1445,91.7362,38.4,53.7,11.3,0.0
2025-05-03,Guwahati,Assam,Northeast,26.1445,91.7362,36.6,47.9,9.9,0.0
2025-05-04,Guwahati,Assam,Northeast,26.1445,91.7362,33.2,45.0,13.2,0.0
2025-05-05,Guwahati,Assam,Northeast,26.1445,91.7362,35.4,45.6,8.7,0.0
2025-05-06,Guwahati,Assam,Northeast,26.1445,91.7362,32.6,44.3,13.9,0.0
2025-05-07,Guwahati,Assam,Northeast,26.1445,91.7362,36.9,41.8,11.1,0.0
2025-05-08,Guwahati,Assam,Northeast,26.1445,91.7362,36.6,46.4,13.0,0.0
2025-05-09,Guwahati,Assam,Northeast,26.1445,91.7362,37.4,43.3,9.9,0.0
2025-05-10,Guwahati,Assam,Northeast,26.1445,91.7362,37.8,39.9,8.3,0.0
2025-05-11,Guwahati,Assam,Northeast,26.1445,91.7362,37.5,27.2,4.1,0.0
2025-05-12,Guwahati,Assam,Northeast,26.1445,91.7362,36.5,40.6,17.6,0.0
2025-05-13,Guwahati,Assam,Northeast,26.1445,91.7362,36.8,45.2,11.8,0.0
2025-05-14,Guwahati,Assam,Northeast,26.1445,91.7362,35.6,43.5,13.1,0.0
2025-05-15,Guwahati,Assam,Northeast,26.1445,91.7362,32.3,56.7,16.8,0.0
2025-05-16,Guwahati,Assam,Northeast,26.1445,91.7362,33.4,38.8,5.7,0.0
2025-05-17,Guwahati,Assam,Northeast,26.1445,91.7362,34.8,32.8,10.9,0.0
2025-05-18,Guwahati,Assam,Northeast,26.1445,91.7362,34.9,52.9,13.5,0.0
2025-05-19,Guwahati,Assam,Northeast,26.1445,91.7362,36.6,46.6,11.3,0.0
2025-05-20,Guwahati,Assam,Northeast,26.1445,91.7362,34.8,46.7,2.5,0.0
2025-05-21,Guwahati,Assam,Northeast,26.1445,91.7362,36.4,43.6,11.4,0.0
2025-05-22,Guwahati,Assam,Northeast,26.1445,91.7362,31.3,41.5,11.9,0.0
2025-05-23,Guwahati,Assam,Northeast,26.1445,91.7362,35.9,45.3,14.6,3.4
2025-05-24,Guwahati,Assam,Northeast,26.1445,91.7362,35.5,55.6,17.3,0.0
2025-05-25,Guwahati,Assam,Northeast,26.1445,91.7362,34.8,53.2,8.8,0.0
2025-05-26,Guwahati,Assam,Northeast,26.1445,91.7362,36.6,40.1,12.2,0.0
2025-05-27,Guwahati,Assam,Northeast,26.1445,91.7362,34.7,53.1,6.5,0.0
2025-05-28,Guwahati,Assam,Northeast,26.1445,91.7362,39.5,38.0,10.2,0.0
2025-05-29,Guwahati,Assam,Northeast,26.1445,91.7362,35.7,42.7,17.0,0.0
2025-05-30,Guwahati,Assam,Northeast,26.1445,91.7362,39.5,39.6,16.6,0.0
2025-05-31,Guwahati,Assam,Northeast,26.1445,91.7362,34.1,35.9,20.4,0.0
2025-06-01,Guwahati,Assam,Northeast,26.1445,91.7362,36.5,38.2,7.5,0.0
2025-06-02,Guwahati,Assam,Northeast,26.1445,91.7362,34.6,52.9,11.0,0.0
2025-06-03,Guwahati,Assam,Northeast,26.1445,91.7362,31.6,42.2,17.1,0.0
2025-06-04,Guwahati,Assam,Northeast,26.1445,91.7362,36.9,45.4,19.2,0.0
2025-06-05,Guwahati,Assam,Northeast,26.1445,91.7362,34.4,39.4,12.2,0.0
2025-06-06,Guwahati,Assam,Northeast,26.1445,91.7362,33.2,48.4,13.9,0.0
2025-06-07,Guwahati,Assam,Northeast,26.1445,91.7362,36.5,43.8,19.1,0.0
2025-06-08,Guwahati,Assam,Northeast,26.1445,91.7362,38.0,52.7,15.2,0.0
2025-06-09,Guwahati,Assam,Northeast,26.1445,91.7362,36.0,43.1,13.1,0.0
2025-06-10,Guwahati,Assam,Northeast,26.1445,91.7362,33.5,42.4,18.5,0.0
2025-06-11,Guwahati,Assam,Northeast,26.1445,91.7362,37.4,42.7,8.3,0.0
2025-06-12,Guwahati,Assam,Northeast,26.1445,91.7362,37.7,47.1,21.9,0.0
2025-06-13,Guwahati,Assam,Northeast,26.1445,91.7362,38.0,37.2,13.4,0.0
2025-06-14,Guwahati,Assam,Northeast,26.1445,91.7362,38.2,49.3,11.0,0.0
2025-06-15,Guwahati,Assam,Northeast,26.1445,91.7362,36.3,45.8,15.6,0.0
2025-06-16,Guwahati,Assam,Northeast,26.1445,91.7362,33.1,44.8,11.3,0.0
2025-06-17,Guwahati,Assam,Northeast,26.1445,91.7362,37.7,35.5,16.5,0.0
2025-06-18,Guwahati,Assam,Northeast,26.1445,91.7362,37.7,39.9,5.9,0.0
2025-06-19,Guwahati,Assam,Northeast,26.1445,91.7362,36.6,44.3,10.9,0.0
2025-06-20,Guwahati,Assam,Northeast,26.1445,91.7362,36.1,44.6,10.5,0.0
2025-06-21,Guwahati,Assam,Northeast,26.1445,91.7362,38.4,42.6,17.5,0.0
2025-06-22,Guwahati,Assam,Northeast,26.1445,91.7362,33.7,49.9,4.8,0.0
2025-06-23,Guwahati,Assam,Northeast,26.1445,91.7362,35.2,50.2,15.0,0.0
2025-06-24,Guwahati,Assam,Northeast,26.1445,91.7362,33.8,43.8,14.6,0.0
2025-06-25,Guwahati,Assam,Northeast,26.1445,91.7362,36.2,47.3,14.6,0.0
2025-06-26,Guwahati,Assam,Northeast,26.1445,91.7362,35.4,48.5,18.1,0.0
2025-06-27,Guwahati,Assam,Northeast,26.1445,91.7362,37.2,46.1,16.1,0.0
2025-06-28,Guwahati,Assam,Northeast,26.1445,91.7362,33.0,46.1,13.0,0.0
2025-06-29,Guwahati,Assam,Northeast,26.1445,91.7362,36.2,35.3,10.3,0.0
2025-06-30,Guwahati,Assam,Northeast,26.1445,91.7362,37.7,43.1,13.0,0.0
2025-07-01,Guwahati,Assam,Northeast,26.1445,91.7362,36.0,46.8,12.3,1.8
2025-07-02,Guwahati,Assam,Northeast,26.1445,91.7362,36.4,46.5,9.5,0.0
2025-07-03,Guwahati,Assam,Northeast,26.1445,91.7362,33.5,43.1,10.7,0.0
2025-07-04,Guwahati,Assam,Northeast,26.1445,91.7362,37.9,53.8,13.8,0.0
2025-07-05,Guwahati,Assam,Northeast,26.1445,91.7362,34.3,37.7,4.0,0.0
2025-07-06,Guwahati,Assam,Northeast,26.1445,91.7362,32.6,54.4,4.9,0.0
2025-07-07,Guwahati,Assam,Northeast,26.1445,91.7362,32.7,56.7,10.3,0.0
2025-07-08,Guwahati,Assam,Northeast,26.1445,91.7362,33.4,53.0,17.8,0.0
2025-07-09,Guwahati,Assam,Northeast,26.1445,91.7362,34.2,58.5,10.4,0.0
2025-07-10,Guwahati,Assam,Northeast,26.1445,91.7362,36.7,47.4,10.0,0.0
2025-07-11,Guwahati,Assam,Northeast,26.1445,91.7362,34.3,54.0,13.2,0.0
2025-07-12,Guwahati,Assam,Northeast,26.1445,91.7362,33.2,55.1,17.7,0.0
2025-07-13,Guwahati,Assam,Northeast,26.1445,91.7362,33.9,46.2,8.3,0.0
2025-07-14,Guwahati,Assam,Northeast,26.1445,91.7362,34.2,42.5,12.5,0.0
2025-07-15,Guwahati,Assam,Northeast,26.1445,91.7362,34.3,44.0,7.6,0.0
2025-07-16,Guwahati,Assam,Northeast,26.1445,91.7362,35.2,54.6,9.8,0.0
2025-07-17,Guwahati,Assam,Northeast,26.1445,91.7362,36.7,45.4,11.2,0.0
2025-07-18,Guwahati,Assam,Northeast,26.1445,91.7362,32.4,50.9,15.4,0.0
2025-07-19,Guwahati,Assam,Northeast,26.1445,91.7362,33.3,42.7,8.3,0.0
2025-07-20,Guwahati,Assam,Northeast,26.1445,91.7362,36.7,37.6,3.1,0.0
2025-07-21,Guwahati,Assam,Northeast,26.1445,91.7362,31.9,53.9,15.9,0.0
2025-07-22,Guwahati,Assam,Northeast,26.1445,91.7362,34.0,49.6,15.1,0.0
2025-07-23,Guwahati,Assam,Northeast,26.1445,91.7362,32.3,42.3,5.0,0.0
2025-07-24,Guwahati,Assam,Northeast,26.1445,91.7362,32.1,53.2,13.0,0.0
2025-07-25,Guwahati,Assam,Northeast,26.1445,91.7362,34.4,40.9,8.9,0.0
2025-07-26,Guwahati,Assam,Northeast,26.1445,91.7362,34.3,47.3,24.3,0.0
2025-07-27,Guwahati,Assam,Northeast,26.1445,91.7362,28.7,45.9,17.6,0.0
2025-07-28,Guwahati,Assam,Northeast,26.1445,91.7362,33.0,54.5,18.9,0.0
2025-07-29,Guwahati,Assam,Northeast,26.1445,91.7362,34.9,46.8,12.9,0.0
2025-07-30,Guwahati,Assam,Northeast,26.1445,91.7362,31.9,44.4,12.1,0.0
2025-07-31,Guwahati,Assam,Northeast,26.1445,91.7362,30.8,46.2,7.6,1.2
2025-08-01,Guwahati,Assam,Northeast,26.1445,91.7362,34.5,47.4,10.8,2.6
2025-08-02,Guwahati,Assam,Northeast,26.1445,91.7362,33.1,51.7,13.6,0.0
2025-08-03,Guwahati,Assam,Northeast,26.1445,91.7362,31.5,49.9,1.9,0.0
2025-08-04,Guwahati,Assam,Northeast,26.1445,91.7362,31.7,48.5,8.7,0.0
2025-08-05,Guwahati,Assam,Northeast,26.1445,91.7362,29.1,43.5,9.8,0.0
2025-08-06,Guwahati,Assam,Northeast,26.1445,91.7362,30.5,50.0,15.4,0.0
2025-08-07,Guwahati,Assam,Northeast,26.1445,91.7362,31.8,48.1,11.8,0.0
2025-08-08,Guwahati,Assam,Northeast,26.1445,91.7362,31.5,58.5,14.0,0.0
2025-08-09,Guwahati,Assam,Northeast,26.1445,91.7362,33.6,55.6,14.1,0.0
2025-08-10,Guwahati,Assam,Northeast,26.1445,91.7362,33.9,45.6,18.3,0.0
2025-08-11,Guwahati,Assam,Northeast,26.1445,91.7362,36.3,41.4,10.1,0.0
2025-08-12,Guwahati,Assam,Northeast,26.1445,91.7362,28.1,39.6,13.4,0.0
2025-08-13,Guwahati,Assam,Northeast,26.1445,91.7362,31.6,58.6,10.5,1.5
2025-08-14,Guwahati,Assam,Northeast,26.1445,91.7362,30.1,38.8,10.9,0.3
2025-08-15,Guwahati,Assam,Northeast,26.1445,91.7362,29.7,57.0,6.3,2.9
2025-08-16,Guwahati,Assam,Northeast,26.1445,91.7362,26.6,45.4,15.3,0.0
2025-08-17,Guwahati,Assam,Northeast,26.1445,91.7362,28.6,46.8,14.8,0.0
2025-08-18,Guwahati,Assam,Northeast,26.1445,91.7362,27.7,61.5,6.4,0.0
2025-08-19,Guwahati,Assam,Northeast,26.1445,91.7362,28.8,53.6,6.0,0.0
2025-08-20,Guwahati,Assam,Northeast,26.1445,91.7362,28.2,39.8,22.4,0.0
2025-08-21,Guwahati,Assam,Northeast,26.1445,91.7362,30.2,49.1,15.4,0.0
2025-08-22,Guwahati,Assam,Northeast,26.1445,91.7362,27.7,44.4,17.1,1.6
2025-08-23,Guwahati,Assam,Northeast,26.1445,91.7362,28.5,58.9,7.9,0.0
2025-08-24,Guwahati,Assam,Northeast,26.1445,91.7362,29.2,46.8,10.0,3.5
2025-08-25,Guwahati,Assam,Northeast,26.1445,91.7362,29.6,47.7,9.8,2.5
2025-08-26,Guwahati,Assam,Northeast,26.1445,91.7362,29.6,56.1,11.2,1.7
2025-08-27,Guwahati,Assam,Northeast,26.1445,91.7362,30.9,56.0,18.2,0.0
2025-08-28,Guwahati,Assam,Northeast,26.1445,91.7362,30.1,49.1,11.0,2.4
2025-08-29,Guwahati,Assam,Northeast,26.1445,91.7362,28.8,61.2,13.8,1.8
2025-08-30,Guwahati,Assam,Northeast,26.1445,91.7362,31.5,53.0,17.2,0.1
2025-08-31,Guwahati,Assam,Northeast,26.1445,91.7362,28.2,59.1,14.5,5.3
2025-09-01,Guwahati,Assam,Northeast,26.1445,91.7362,28.2,44.7,14.5,11.7
2025-09-02,Guwahati,Assam,Northeast,26.1445,91.7362,26.2,65.5,3.8,4.4
2025-09-03,Guwahati,Assam,Northeast,26.1445,91.7362,30.3,63.4,11.7,3.7
2025-09-04,Guwahati,Assam,Northeast,26.1445,91.7362,28.5,60.6,10.7,0.2
2025-09-05,Guwahati,Assam,Northeast,26.1445,91.7362,29.2,55.9,16.9,0.3
2025-09-06,Guwahati,Assam,Northeast,26.1445,91.7362,28.7,62.1,13.8,0.7
2025-09-07,Guwahati,Assam,Northeast,26.1445,91.7362,26.4,56.0,17.8,2.6
2025-09-08,Guwahati,Assam,Northeast,26.1445,91.7362,24.2,49.4,12.2,1.1
2025-09-09,Guwahati,Assam,Northeast,26.1445,91.7362,27.1,51.3,13.2,1.4
2025-09-10,Guwahati,Assam,Northeast,26.1445,91.7362,25.8,67.1,7.5,1.3
2025-09-11,Guwahati,Assam,Northeast,26.1445,91.7362,27.6,63.4,19.6,1.7
2025-09-12,Guwahati,Assam,Northeast,26.1445,91.7362,26.5,71.9,10.4,1.1
2025-09-13,Guwahati,Assam,Northeast,26.1445,91.7362,27.0,55.8,15.6,1.0
2025-09-14,Guwahati,Assam,Northeast,26.1445,91.7362,29.9,54.6,11.3,0.7
2025-09-15,Guwahati,Assam,Northeast,26.1445,91.7362,24.0,55.7,13.0,5.0
2025-09-16,Guwahati,Assam,Northeast,26.1445,91.7362,25.0,60.0,7.7,8.8
2025-09-17,Guwahati,Assam,Northeast,26.1445,91.7362,25.4,63.8,4.9,3.0
2025-09-18,Guwahati,Assam,Northeast,26.1445,91.7362,25.9,59.8,10.4,1.9
2025-09-19,Guwahati,Assam,Northeast,26.1445,91.7362,29.1,55.4,12.2,5.0
2025-09-20,Guwahati,Assam,Northeast,26.1445,91.7362,27.4,58.8,13.2,0.1
2025-09-21,Guwahati,Assam,Northeast,26.1445,91.7362,25.8,62.3,10.6,4.6
2025-09-22,Guwahati,Assam,Northeast,26.1445,91.7362,21.0,49.8,9.6,2.2
2025-09-23,Guwahati,Assam,Northeast,26.1445,91.7362,24.0,38.3,17.8,0.4
2025-09-24,Guwahati,Assam,Northeast,26.1445,91.7362,20.1,58.7,12.3,0.3
2025-09-25,Guwahati,Assam,Northeast,26.1445,91.7362,25.2,60.2,9.5,0.5
2025-09-26,Guwahati,Assam,Northeast,26.1445,91.7362,22.7,55.2,14.9,0.2
2025-09-27,Guwahati,Assam,Northeast,26.1445,91.7362,28.1,69.0,12.5,0.2
2025-09-28,Guwahati,Assam,Northeast,26.1445,91.7362,24.7,66.1,14.5,0.0
2025-09-29,Guwahati,Assam,Northeast,26.1445,91.7362,29.2,61.7,14.1,0.2
2025-09-30,Guwahati,Assam,Northeast,26.1445,91.7362,26.9,69.8,4.2,1.5
2025-10-01,Guwahati,Assam,Northeast,26.1445,91.7362,24.0,58.6,12.1,0.7
2025-10-02,Guwahati,Assam,Northeast,26.1445,91.7362,25.1,59.0,8.0,0.5
2025-10-03,Guwahati,Assam,Northeast,26.1445,91.7362,27.7,64.0,13.0,0.5
2025-10-04,Guwahati,Assam,Northeast,26.1445,91.7362,24.6,56.1,9.5,1.0
2025-10-05,Guwahati,Assam,Northeast,26.1445,91.7362,20.5,64.2,14.2,1.8
2025-10-06,Guwahati,Assam,Northeast,26.1445,91.7362,23.8,61.2,12.8,1.7
2025-10-07,Guwahati,Assam,Northeast,26.1445,91.7362,23.4,64.8,13.9,0.8
2025-10-08,Guwahati,Assam,Northeast,26.1445,91.7362,25.4,54.2,18.1,4.0
2025-10-09,Guwahati,Assam,Northeast,26.1445,91.7362,23.7,69.7,13.6,0.7
2025-10-10,Guwahati,Assam,Northeast,26.1445,91.7362,22.3,53.7,8.0,2.3
2025-10-11,Guwahati,Assam,Northeast,26.1445,91.7362,23.9,70.4,10.2,0.1
2025-10-12,Guwahati,Assam,Northeast,26.1445,91.7362,24.9,70.9,12.5,3.2
2025-10-13,Guwahati,Assam,Northeast,26.1445,91.7362,23.1,64.7,14.6,0.7
2025-10-14,Guwahati,Assam,Northeast,26.1445,91.7362,23.2,66.6,18.8,4.0
2025-10-15,Guwahati,Assam,Northeast,26.1445,91.7362,21.4,58.5,4.8,0.2
2025-10-16,Guwahati,Assam,Northeast,26.1445,91.7362,23.2,61.5,17.2,2.2
2025-10-17,Guwahati,Assam,Northeast,26.1445,91.7362,19.5,60.0,14.2,0.7
2025-10-18,Guwahati,Assam,Northeast,26.1445,91.7362,18.4,59.0,16.2,0.9
2025-10-19,Guwahati,Assam,Northeast,26.1445,91.7362,22.0,59.9,14.8,3.0
2025-10-20,Guwahati,Assam,Northeast,26.1445,91.7362,20.2,63.4,9.3,2.8
2025-10-21,Guwahati,Assam,Northeast,26.1445,91.7362,19.1,65.4,9.7,2.5
2025-10-22,Guwahati,Assam,Northeast,26.1445,91.7362,24.0,68.6,13.3,5.7
2025-10-23,Guwahati,Assam,Northeast,26.1445,91.7362,19.5,73.6,18.1,2.7
2025-10-24,Guwahati,Assam,Northeast,26.1445,91.7362,23.9,58.4,10.7,1.2
2025-10-25,Guwahati,Assam,Northeast,26.1445,91.7362,22.3,66.4,13.2,4.4
2025-10-26,Guwahati,Assam,Northeast,26.1445,91.7362,21.3,68.9,7.5,0.9
2025-10-27,Guwahati,Assam,Northeast,26.1445,91.7362,24.3,74.5,10.2,1.4
2025-10-28,Guwahati,Assam,Northeast,26.1445,91.7362,22.4,69.5,12.2,1.1
2025-10-29,Guwahati,Assam,Northeast,26.1445,91.7362,21.0,73.0,11.3,1.6
2025-10-30,Guwahati,Assam,Northeast,26.1445,91.7362,21.8,69.0,18.3,0.1
2025-10-31,Guwahati,Assam,Northeast,26.1445,91.7362,21.7,56.2,10.6,8.3
2025-11-01,Guwahati,Assam,Northeast,26.1445,91.7362,24.7,68.6,8.2,0.8
2025-11-02,Guwahati,Assam,Northeast,26.1445,91.7362,18.9,64.1,19.6,1.5
2025-11-03,Guwahati,Assam,Northeast,26.1445,91.7362,23.5,68.6,12.5,1.7
2025-11-04,Guwahati,Assam,Northeast,26.1445,91.7362,20.5,58.4,16.8,1.1
2025-11-05,Guwahati,Assam,Northeast,26.1445,91.7362,21.1,65.8,5.9,1.4
2025-11-06,Guwahati,Assam,Northeast,26.1445,91.7362,20.6,69.4,15.2,1.9
2025-11-07,Guwahati,Assam,Northeast,26.1445,91.7362,22.3,61.7,13.5,3.5
2025-11-08,Guwahati,Assam,Northeast,26.1445,91.7362,20.7,66.2,6.2,2.5
2025-11-09,Guwahati,Assam,Northeast,26.1445,91.7362,17.7,66.4,7.1,0.9
2025-11-10,Guwahati,Assam,Northeast,26.1445,91.7362,22.1,79.7,12.3,0.8
2025-11-11,Guwahati,Assam,Northeast,26.1445,91.7362,19.8,67.3,13.1,8.5
2025-11-12,Guwahati,Assam,Northeast,26.1445,91.7362,21.0,65.3,14.2,1.0
2025-11-13,Guwahati,Assam,Northeast,26.1445,91.7362,19.3,68.8,9.1,1.2
2025-11-14,Guwahati,Assam,Northeast,26.1445,91.7362,19.7,57.9,13.0,0.1
2025-11-15,Guwahati,Assam,Northeast,26.1445,91.7362,18.9,77.9,11.8,1.5
2025-11-16,Guwahati,Assam,Northeast,26.1445,91.7362,19.0,69.3,14.7,0.2
2025-11-17,Guwahati,Assam,Northeast,26.1445,91.7362,19.0,60.6,11.5,8.3
2025-11-18,Guwahati,Assam,Northeast,26.1445,91.7362,18.4,76.9,12.4,2.3
2025-11-19,Guwahati,Assam,Northeast,26.1445,91.7362,19.4,69.8,14.0,0.4
2025-11-20,Guwahati,Assam,Northeast,26.1445,91.7362,20.7,68.0,11.7,3.0
2025-11-21,Guwahati,Assam,Northeast,26.1445,91.7362,21.0,56.6,10.9,0.9
2025-11-22,Guwahati,Assam,Northeast,26.1445,91.7362,15.5,72.5,7.2,3.0
2025-11-23,Guwahati,Assam,Northeast,26.1445,91.7362,19.1,71.3,15.6,1.2
2025-11-24,Guwahati,Assam,Northeast,26.1445,91.7362,19.8,64.2,10.4,1.3
2025-11-25,Guwahati,Assam,Northeast,26.1445,91.7362,20.7,68.6,13.8,0.2
2025-11-26,Guwahati,Assam,Northeast,26.1445,91.7362,20.5,66.0,14.7,5.1
2025-11-27,Guwahati,Assam,Northeast,26.1445,91.7362,20.4,64.6,9.7,1.6
2025-11-28,Guwahati,Assam,Northeast,26.1445,91.7362,22.4,60.0,9.9,0.6
2025-11-29,Guwahati,Assam,Northeast,26.1445,91.7362,20.5,58.1,8.7,0.2
2025-11-30,Guwahati,Assam,Northeast,26.1445,91.7362,18.5,75.3,4.9,1.7
2025-12-01,Guwahati,Assam,Northeast,26.1445,91.7362,16.4,70.3,15.4,0.9
2025-12-02,Guwahati,Assam,Northeast,26.1445,91.7362,21.0,65.5,10.0,0.3
2025-12-03,Guwahati,Assam,Northeast,26.1445,91.7362,17.8,66.3,6.0,2.7
2025-12-04,Guwahati,Assam,Northeast,26.1445,91.7362,19.7,67.3,10.2,0.4
2025-12-05,Guwahati,Assam,Northeast,26.1445,91.7362,18.8,68.7,16.3,1.3
2025-12-06,Guwahati,Assam,Northeast,26.1445,91.7362,22.9,72.6,11.2,0.6
2025-12-07,Guwahati,Assam,Northeast,26.1445,91.7362,17.1,61.0,12.5,3.8
2025-12-08,Guwahati,Assam,Northeast,26.1445,91.7362,20.2,73.2,15.3,8.1
2025-12-09,Guwahati,Assam,Northeast,26.1445,91.7362,20.7,68.0,12.2,0.0
2025-12-10,Guwahati,Assam,Northeast,26.1445,91.7362,21.3,67.0,10.9,1.1
2025-12-11,Guwahati,Assam,Northeast,26.1445,91.7362,16.2,60.3,11.1,3.9
2025-12-12,Guwahati,Assam,Northeast,26.1445,91.7362,21.4,66.8,15.7,1.2
2025-12-13,Guwahati,Assam,Northeast,26.1445,91.7362,21.6,72.7,9.2,0.6
2025-12-14,Guwahati,Assam,Northeast,26.1445,91.7362,19.7,64.3,9.1,0.6
2025-12-15,Guwahati,Assam,Northeast,26.1445,91.7362,21.0,67.4,14.0,3.1
2025-12-16,Guwahati,Assam,Northeast,26.1445,91.7362,20.7,63.0,18.3,0.8
2025-12-17,Guwahati,Assam,Northeast,26.1445,91.7362,19.9,66.4,9.3,0.0
2025-12-18,Guwahati,Assam,Northeast,26.1445,91.7362,22.0,67.0,17.6,2.3
2025-12-19,Guwahati,Assam,Northeast,26.1445,91.7362,20.5,71.5,4.5,0.7
2025-12-20,Guwahati,Assam,Northeast,26.1445,91.7362,20.5,64.9,17.6,0.4
2025-12-21,Guwahati,Assam,Northeast,26.1445,91.7362,20.4,60.8,20.4,1.3
2025-12-22,Guwahati,Assam,Northeast,26.1445,91.7362,19.7,66.4,7.4,4.7
2025-12-23,Guwahati,Assam,Northeast,26.1445,91.7362,21.5,60.9,18.0,0.3
2025-12-24,Guwahati,Assam,Northeast,26.1445,91.7362,21.6,67.0,14.3,3.8
2025-12-25,Guwahati,Assam,Northeast,26.1445,91.7362,22.2,60.7,10.0,1.0
2025-12-26,Guwahati,Assam,Northeast,26.1445,91.7362,23.2,61.7,13.1,2.7
2025-12-27,Guwahati,Assam,Northeast,26.1445,91.7362,19.5,67.5,16.6,4.4
2025-12-28,Guwahati,Assam,Northeast,26.1445,91.7362,21.7,69.7,10.2,0.4
2025-12-29,Guwahati,Assam,Northeast,26.1445,91.7362,23.4,53.1,15.2,0.9
2025-12-30,Guwahati,Assam,Northeast,26.1445,91.7362,18.2,69.5,16.8,0.5
2025-12-31,Guwahati,Assam,Northeast,26.1445,91.7362,21.7,59.4,7.0,0.8
2025-01-01,Chennai,Tamil Nadu,South,13.0827,80.2707,22.8,61.4,10.7,1.6
2025-01-02,Chennai,Tamil Nadu,South,13.0827,80.2707,24.0,74.1,11.4,1.1
2025-01-03,Chennai,Tamil Nadu,South,13.0827,80.2707,23.5,74.7,16.0,2.4
2025-01-04,Chennai,Tamil Nadu,South,13.0827,80.2707,24.9,72.7,13.1,2.6
2025-01-05,Chennai,Tamil Nadu,South,13.0827,80.2707,22.4,65.8,19.9,4.0
2025-01-06,Chennai,Tamil Nadu,South,13.0827,80.2707,22.2,65.9,15.8,3.0
2025-01-07,Chennai,Tamil Nadu,South,13.0827,80.2707,25.4,66.7,8.6,0.7
2025-01-08,Chennai,Tamil Nadu,South,13.0827,80.2707,22.3,69.2,7.4,0.0
2025-01-09,Chennai,Tamil Nadu,South,13.0827,80.2707,25.6,59.3,13.2,2.2
2025-01-10,Chennai,Tamil Nadu,South,13.0827,80.2707,25.1,60.7,15.0,3.1
2025-01-11,Chennai,Tamil Nadu,South,13.0827,80.2707,23.4,63.2,9.1,0.8
2025-01-12,Chennai,Tamil Nadu,South,13.0827,80.2707,23.2,72.2,15.6,7.4
2025-01-13,Chennai,Tamil Nadu,South,13.0827,80.2707,27.0,63.1,14.7,2.6
2025-01-14,Chennai,Tamil Nadu,South,13.0827,80.2707,23.9,61.2,9.3,0.4
2025-01-15,Chennai,Tamil Nadu,South,13.0827,80.2707,21.0,76.2,11.8,1.4
2025-01-16,Chennai,Tamil Nadu,South,13.0827,80.2707,23.5,64.6,15.6,0.3
2025-01-17,Chennai,Tamil Nadu,South,13.0827,80.2707,25.0,61.5,12.9,1.0
2025-01-18,Chennai,Tamil Nadu,South,13.0827,80.2707,26.1,52.6,15.9,0.9
2025-01-19,Chennai,Tamil Nadu,South,13.0827,80.2707,22.2,65.1,15.8,0.5
2025-01-20,Chennai,Tamil Nadu,South,13.0827,80.2707,26.5,60.2,14.9,2.1
2025-01-21,Chennai,Tamil Nadu,South,13.0827,80.2707,20.8,54.7,8.1,1.3
2025-01-22,Chennai,Tamil Nadu,South,13.0827,80.2707,23.8,56.9,11.3,0.8
2025-01-23,Chennai,Tamil Nadu,South,13.0827,80.2707,24.5,62.9,13.9,3.1
2025-01-24,Chennai,Tamil Nadu,South,13.0827,80.2707,26.1,69.1,10.4,1.5
2025-01-25,Chennai,Tamil Nadu,South,13.0827,80.2707,23.1,71.4,14.8,7.6
2025-01-26,Chennai,Tamil Nadu,South,13.0827,80.2707,24.4,66.9,15.9,2.6
2025-01-27,Chennai,Tamil Nadu,South,13.0827,80.2707,27.0,57.7,15.1,0.1
2025-01-28,Chennai,Tamil Nadu,South,13.0827,80.2707,27.9,59.2,13.5,0.0
2025-01-29,Chennai,Tamil Nadu,South,13.0827,80.2707,24.4,59.5,8.8,0.2
2025-01-30,Chennai,Tamil Nadu,South,13.0827,80.2707,24.5,65.9,6.6,0.7
2025-01-31,Chennai,Tamil Nadu,South,13.0827,80.2707,26.2,71.3,12.5,0.2
2025-02-01,Chennai,Tamil Nadu,South,13.0827,80.2707,26.9,59.5,14.7,9.5
2025-02-02,Chennai,Tamil Nadu,South,13.0827,80.2707,26.1,49.6,12.9,3.1
2025-02-03,Chennai,Tamil Nadu,South,13.0827,80.2707,25.5,56.4,10.7,0.5
2025-02-04,Chennai,Tamil Nadu,South,13.0827,80.2707,29.1,67.9,15.3,0.3
2025-02-05,Chennai,Tamil Nadu,South,13.0827,80.2707,25.0,55.7,17.4,2.5
2025-02-06,Chennai,Tamil Nadu,South,13.0827,80.2707,25.7,57.5,10.0,0.6
2025-02-07,Chennai,Tamil Nadu,South,13.0827,80.2707,26.4,53.1,12.5,3.1
2025-02-08,Chennai,Tamil Nadu,South,13.0827,80.2707,26.7,54.4,12.6,4.4
2025-02-09,Chennai,Tamil Nadu,South,13.0827,80.2707,28.6,62.2,4.1,1.3
2025-02-10,Chennai,Tamil Nadu,South,13.0827,80.2707,28.1,43.9,13.2,5.3
2025-02-11,Chennai,Tamil Nadu,South,13.0827,80.2707,25.9,63.7,18.8,0.3
2025-02-12,Chennai,Tamil Nadu,South,13.0827,80.2707,29.0,63.1,11.0,1.7
2025-02-13,Chennai,Tamil Nadu,South,13.0827,80.2707,27.0,56.7,23.3,0.8
2025-02-14,Chennai,Tamil Nadu,South,13.0827,80.2707,29.8,54.6,12.7,0.3
2025-02-15,Chennai,Tamil Nadu,South,13.0827,80.2707,26.7,58.5,8.0,1.0
2025-02-16,Chennai,Tamil Nadu,South,13.0827,80.2707,31.0,57.8,18.4,2.6
2025-02-17,Chennai,Tamil Nadu,South,13.0827,80.2707,32.9,58.5,14.3,1.9
2025-02-18,Chennai,Tamil Nadu,South,13.0827,80.2707,30.9,64.5,4.5,0.2
2025-02-19,Chennai,Tamil Nadu,South,13.0827,80.2707,26.5,46.6,12.2,2.6
2025-02-20,Chennai,Tamil Nadu,South,13.0827,80.2707,30.9,56.9,10.5,4.6
2025-02-21,Chennai,Tamil Nadu,South,13.0827,80.2707,31.9,53.4,4.3,2.2
2025-02-22,Chennai,Tamil Nadu,South,13.0827,80.2707,25.0,61.7,8.7,0.3
2025-02-23,Chennai,Tamil Nadu,South,13.0827,80.2707,32.0,49.8,13.9,2.6
2025-02-24,Chennai,Tamil Nadu,South,13.0827,80.2707,30.1,51.0,10.7,0.5
2025-02-25,Chennai,Tamil Nadu,South,13.0827,80.2707,33.1,59.2,15.7,2.9
2025-02-26,Chennai,Tamil Nadu,South,13.0827,80.2707,31.9,49.3,10.1,0.5
2025-02-27,Chennai,Tamil Nadu,South,13.0827,80.2707,29.1,51.9,15.3,3.7
2025-02-28,Chennai,Tamil Nadu,South,13.0827,80.2707,30.2,51.9,10.4,0.4
2025-03-01,Chennai,Tamil Nadu,South,13.0827,80.2707,29.9,58.0,13.6,1.0
2025-03-02,Chennai,Tamil Nadu,South,13.0827,80.2707,29.3,53.3,13.8,1.0
2025-03-03,Chennai,Tamil Nadu,South,13.0827,80.2707,31.9,54.9,12.8,0.4
2025-03-04,Chennai,Tamil Nadu,South,13.0827,80.2707,32.2,56.6,11.7,1.6
2025-03-05,Chennai,Tamil Nadu,South,13.0827,80.2707,29.9,63.2,2.1,2.0
2025-03-06,Chennai,Tamil Nadu,South,13.0827,80.2707,32.6,54.3,16.7,0.8
2025-03-07,Chennai,Tamil Nadu,South,13.0827,80.2707,28.8,50.9,11.3,2.5
2025-03-08,Chennai,Tamil Nadu,South,13.0827,80.2707,31.6,59.2,14.7,4.7
2025-03-09,Chennai,Tamil Nadu,South,13.0827,80.2707,32.4,55.1,13.7,2.0
2025-03-10,Chennai,Tamil Nadu,South,13.0827,80.2707,29.1,58.9,8.5,1.9
2025-03-11,Chennai,Tamil Nadu,South,13.0827,80.2707,30.3,58.6,7.4,1.5
2025-03-12,Chennai,Tamil Nadu,South,13.0827,80.2707,33.3,67.0,8.4,0.0
2025-03-13,Chennai,Tamil Nadu,South,13.0827,80.2707,30.9,50.5,12.8,2.3
2025-03-14,Chennai,Tamil Nadu,South,13.0827,80.2707,30.4,62.6,10.8,0.0
2025-03-15,Chennai,Tamil Nadu,South,13.0827,80.2707,30.2,47.7,6.5,0.0
2025-03-16,Chennai,Tamil Nadu,South,13.0827,80.2707,31.0,56.4,17.9,0.0
2025-03-17,Chennai,Tamil Nadu,South,13.0827,80.2707,31.4,65.3,11.3,0.5
2025-03-18,Chennai,Tamil Nadu,South,13.0827,80.2707,32.8,46.5,14.9,2.5
2025-03-19,Chennai,Tamil Nadu,South,13.0827,80.2707,36.0,50.9,10.2,0.0
2025-03-20,Chennai,Tamil Nadu,South,13.0827,80.2707,31.3,51.3,3.9,0.0
2025-03-21,Chennai,Tamil Nadu,South,13.0827,80.2707,32.2,64.6,4.7,0.0
2025-03-22,Chennai,Tamil Nadu,South,13.0827,80.2707,31.1,46.8,9.2,2.8
2025-03-23,Chennai,Tamil Nadu,South,13.0827,80.2707,31.8,50.3,7.0,0.0
2025-03-24,Chennai,Tamil Nadu,South,13.0827,80.2707,33.6,57.7,10.0,0.0
2025-03-25,Chennai,Tamil Nadu,South,13.0827,80.2707,36.2,48.4,17.6,0.0
2025-03-26,Chennai,Tamil Nadu,South,13.0827,80.2707,32.6,50.9,1.5,3.6
2025-03-27,Chennai,Tamil Nadu,South,13.0827,80.2707,34.6,51.6,11.7,1.4
2025-03-28,Chennai,Tamil Nadu,South,13.0827,80.2707,31.1,45.2,11.6,0.8
2025-03-29,Chennai,Tamil Nadu,South,13.0827,80.2707,34.3,44.4,6.7,0.0
2025-03-30,Chennai,Tamil Nadu,South,13.0827,80.2707,33.4,47.5,10.1,0.0
2025-03-31,Chennai,Tamil Nadu,South,13.0827,80.2707,35.7,50.1,9.2,0.0
2025-04-01,Chennai,Tamil Nadu,South,13.0827,80.2707,34.0,46.9,13.2,0.0
2025-04-02,Chennai,Tamil Nadu,South,13.0827,80.2707,35.1,44.4,16.1,0.0
2025-04-03,Chennai,Tamil Nadu,South,13.0827,80.2707,38.4,49.8,11.7,0.0
2025-04-04,Chennai,Tamil Nadu,South,13.0827,80.2707,34.6,53.8,11.6,1.6
2025-04-05,Chennai,Tamil Nadu,South,13.0827,80.2707,32.5,54.7,11.1,0.0
2025-04-06,Chennai,Tamil Nadu,South,13.0827,80.2707,36.6,49.6,11.9,0.0
2025-04-07,Chennai,Tamil Nadu,South,13.0827,80.2707,36.1,45.1,10.9,0.0
2025-04-08,Chennai,Tamil Nadu,South,13.0827,80.2707,33.3,58.8,20.7,0.0
2025-04-09,Chennai,Tamil Nadu,South,13.0827,80.2707,34.2,44.5,13.2,0.0
2025-04-10,Chennai,Tamil Nadu,South,13.0827,80.2707,37.0,55.4,4.9,0.0
2025-04-11,Chennai,Tamil Nadu,South,13.0827,80.2707,35.9,40.9,10.9,0.0
2025-04-12,Chennai,Tamil Nadu,South,13.0827,80.2707,34.8,45.5,14.1,0.0
2025-04-13,Chennai,Tamil Nadu,South,13.0827,80.2707,37.2,36.2,6.3,0.0
2025-04-14,Chennai,Tamil Nadu,South,13.0827,80.2707,35.5,57.2,16.9,0.0
2025-04-15,Chennai,Tamil Nadu,South,13.0827,80.2707,34.9,42.7,12.1,0.0
2025-04-16,Chennai,Tamil Nadu,South,13.0827,80.2707,35.9,48.1,9.9,0.0
2025-04-17,Chennai,Tamil Nadu,South,13.0827,80.2707,36.5,42.0,7.7,0.0
2025-04-18,Chennai,Tamil Nadu,South,13.0827,80.2707,37.4,34.2,5.1,0.0
2025-04-19,Chennai,Tamil Nadu,South,13.0827,80.2707,35.0,37.1,13.5,0.0
2025-04-20,Chennai,Tamil Nadu,South,13.0827,80.2707,36.1,44.6,14.3,0.0
2025-04-21,Chennai,Tamil Nadu,South,13.0827,80.2707,34.5,41.0,12.3,0.0
2025-04-22,Chennai,Tamil Nadu,South,13.0827,80.2707,34.7,46.8,12.6,0.0
2025-04-23,Chennai,Tamil Nadu,South,13.0827,80.2707,38.4,45.6,13.3,0.0
2025-04-24,Chennai,Tamil Nadu,South,13.0827,80.2707,35.0,50.7,15.0,0.0
2025-04-25,Chennai,Tamil Nadu,South,13.0827,80.2707,37.3,41.4,5.8,0.0
2025-04-26,Chennai,Tamil Nadu,South,13.0827,80.2707,34.2,45.1,14.7,0.0
2025-04-27,Chennai,Tamil Nadu,South,13.0827,80.2707,31.2,45.6,17.3,0.0
2025-04-28,Chennai,Tamil Nadu,South,13.0827,80.2707,38.6,48.6,16.4,0.0
2025-04-29,Chennai,Tamil Nadu,South,13.0827,80.2707,34.3,49.0,11.0,0.0
2025-04-30,Chennai,Tamil Nadu,South,13.0827,80.2707,39.9,48.6,23.4,0.0
2025-05-01,Chennai,Tamil Nadu,South,13.0827,80.2707,36.0,43.9,9.1,0.0
2025-05-02,Chennai,Tamil Nadu,South,13.0827,80.2707,37.2,45.2,12.2,0.0
2025-05-03,Chennai,Tamil Nadu,South,13.0827,80.2707,35.8,44.7,11.9,0.0
2025-05-04,Chennai,Tamil Nadu,South,13.0827,80.2707,40.2,39.3,10.4,0.0
2025-05-05,Chennai,Tamil Nadu,South,13.0827,80.2707,35.7,45.5,12.3,0.0
2025-05-06,Chennai,Tamil Nadu,South,13.0827,80.2707,37.6,50.8,1.9,0.0
2025-05-07,Chennai,Tamil Nadu,South,13.0827,80.2707,38.1,51.4,7.8,0.0
2025-05-08,Chennai,Tamil Nadu,South,13.0827,80.2707,38.7,39.6,9.5,0.0
2025-05-09,Chennai,Tamil Nadu,South,13.0827,80.2707,38.7,40.4,9.7,0.0
2025-05-10,Chennai,Tamil Nadu,South,13.0827,80.2707,36.0,52.5,10.7,0.0
2025-05-11,Chennai,Tamil Nadu,South,13.0827,80.2707,38.4,49.0,13.3,0.0
2025-05-12,Chennai,Tamil Nadu,South,13.0827,80.2707,39.2,41.8,9.9,0.0
2025-05-13,Chennai,Tamil Nadu,South,13.0827,80.2707,37.1,54.0,18.3,0.0
2025-05-14,Chennai,Tamil Nadu,South,13.0827,80.2707,35.8,37.8,4.0,0.0
2025-05-15,Chennai,Tamil Nadu,South,13.0827,80.2707,36.2,51.2,14.8,0.0
2025-05-16,Chennai,Tamil Nadu,South,13.0827,80.2707,37.5,48.1,13.1,0.0
2025-05-17,Chennai,Tamil Nadu,South,13.0827,80.2707,41.0,52.4,11.5,0.0
2025-05-18,Chennai,Tamil Nadu,South,13.0827,80.2707,39.3,47.8,4.0,0.0
2025-05-19,Chennai,Tamil Nadu,South,13.0827,80.2707,39.5,43.2,2.7,0.0
2025-05-20,Chennai,Tamil Nadu,South,13.0827,80.2707,37.9,35.4,6.1,0.0
2025-05-21,Chennai,Tamil Nadu,South,13.0827,80.2707,38.7,42.8,15.7,0.0
2025-05-22,Chennai,Tamil Nadu,South,13.0827,80.2707,37.8,37.7,5.8,0.0
2025-05-23,Chennai,Tamil Nadu,South,13.0827,80.2707,41.2,38.5,9.0,3.2
2025-05-24,Chennai,Tamil Nadu,South,13.0827,80.2707,38.6,48.0,13.6,0.0
2025-05-25,Chennai,Tamil Nadu,South,13.0827,80.2707,37.7,54.5,5.2,0.0
2025-05-26,Chennai,Tamil Nadu,South,13.0827,80.2707,37.9,45.1,10.1,0.0
2025-05-27,Chennai,Tamil Nadu,South,13.0827,80.2707,39.4,40.3,9.9,0.0
2025-05-28,Chennai,Tamil Nadu,South,13.0827,80.2707,35.1,43.4,5.2,0.8
2025-05-29,Chennai,Tamil Nadu,South,13.0827,80.2707,35.6,41.0,16.2,0.0
2025-05-30,Chennai,Tamil Nadu,South,13.0827,80.2707,40.3,35.8,11.6,0.0
2025-05-31,Chennai,Tamil Nadu,South,13.0827,80.2707,38.7,36.8,8.4,0.0
2025-06-01,Chennai,Tamil Nadu,South,13.0827,80.2707,37.9,45.3,9.6,0.0
2025-06-02,Chennai,Tamil Nadu,South,13.0827,80.2707,35.3,37.5,12.2,2.1
2025-06-03,Chennai,Tamil Nadu,South,13.0827,80.2707,37.3,52.4,9.0,0.0
2025-06-04,Chennai,Tamil Nadu,South,13.0827,80.2707,38.4,45.4,3.7,0.0
2025-06-05,Chennai,Tamil Nadu,South,13.0827,80.2707,37.1,41.9,22.1,0.0
2025-06-06,Chennai,Tamil Nadu,South,13.0827,80.2707,38.2,42.8,11.7,0.0
2025-06-07,Chennai,Tamil Nadu,South,13.0827,80.2707,34.7,45.2,14.6,0.0
2025-06-08,Chennai,Tamil Nadu,South,13.0827,80.2707,37.2,46.9,12.0,0.0
2025-06-09,Chennai,Tamil Nadu,South,13.0827,80.2707,37.0,53.2,8.7,0.0
2025-06-10,Chennai,Tamil Nadu,South,13.0827,80.2707,38.4,30.5,3.6,0.0
2025-06-11,Chennai,Tamil Nadu,South,13.0827,80.2707,38.9,47.2,9.5,0.0
2025-06-12,Chennai,Tamil Nadu,South,13.0827,80.2707,37.5,50.2,16.2,0.0
2025-06-13,Chennai,Tamil Nadu,South,13.0827,80.2707,41.7,38.8,7.3,0.0
2025-06-14,Chennai,Tamil Nadu,South,13.0827,80.2707,38.0,47.0,12.2,0.0
2025-06-15,Chennai,Tamil Nadu,South,13.0827,80.2707,37.8,45.6,9.1,0.0
2025-06-16,Chennai,Tamil Nadu,South,13.0827,80.2707,36.7,41.0,11.8,0.0
2025-06-17,Chennai,Tamil Nadu,South,13.0827,80.2707,36.9,45.4,4.7,0.0
2025-06-18,Chennai,Tamil Nadu,South,13.0827,80.2707,37.3,42.5,6.7,0.0
2025-06-19,Chennai,Tamil Nadu,South,13.0827,80.2707,39.9,43.9,9.6,0.0
2025-06-20,Chennai,Tamil Nadu,South,13.0827,80.2707,35.2,29.1,14.8,0.0
2025-06-21,Chennai,Tamil Nadu,South,13.0827,80.2707,39.4,45.7,5.7,0.0
2025-06-22,Chennai,Tamil Nadu,South,13.0827,80.2707,37.7,43.2,20.7,0.0
2025-06-23,Chennai,Tamil Nadu,South,13.0827,80.2707,32.5,46.2,11.2,0.0
2025-06-24,Chennai,Tamil Nadu,South,13.0827,80.2707,34.1,37.2,9.3,0.0
2025-06-25,Chennai,Tamil Nadu,South,13.0827,80.2707,37.3,40.1,12.4,0.0
2025-06-26,Chennai,Tamil Nadu,South,13.0827,80.2707,36.9,45.3,6.4,0.0
2025-06-27,Chennai,Tamil Nadu,South,13.0827,80.2707,37.1,55.8,14.9,0.0
2025-06-28,Chennai,Tamil Nadu,South,13.0827,80.2707,38.7,46.8,10.6,0.0
2025-06-29,Chennai,Tamil Nadu,South,13.0827,80.2707,36.9,45.7,12.6,0.0
2025-06-30,Chennai,Tamil Nadu,South,13.0827,80.2707,37.0,55.5,13.9,0.0
2025-07-01,Chennai,Tamil Nadu,South,13.0827,80.2707,35.8,48.7,9.6,0.0
2025-07-02,Chennai,Tamil Nadu,South,13.0827,80.2707,36.4,41.2,9.0,0.0
2025-07-03,Chennai,Tamil Nadu,South,13.0827,80.2707,38.1,33.6,9.2,0.0
2025-07-04,Chennai,Tamil Nadu,South,13.0827,80.2707,36.5,50.2,11.2,0.0
2025-07-05,Chennai,Tamil Nadu,South,13.0827,80.2707,39.0,41.7,14.9,0.0
2025-07-06,Chennai,Tamil Nadu,South,13.0827,80.2707,37.8,42.6,17.3,0.0
2025-07-07,Chennai,Tamil Nadu,South,13.0827,80.2707,33.3,45.6,7.9,0.0
2025-07-08,Chennai,Tamil Nadu,South,13.0827,80.2707,35.1,52.2,13.2,0.0
2025-07-09,Chennai,Tamil Nadu,South,13.0827,80.2707,36.4,51.1,11.2,0.0
2025-07-10,Chennai,Tamil Nadu,South,13.0827,80.2707,36.1,41.0,8.9,0.0
2025-07-11,Chennai,Tamil Nadu,South,13.0827,80.2707,35.6,51.8,10.6,0.0
2025-07-12,Chennai,Tamil Nadu,South,13.0827,80.2707,37.6,52.0,5.6,0.0
2025-07-13,Chennai,Tamil Nadu,South,13.0827,80.2707,34.0,50.5,8.0,0.0
2025-07-14,Chennai,Tamil Nadu,South,13.0827,80.2707,38.3,57.2,14.3,0.0
2025-07-15,Chennai,Tamil Nadu,South,13.0827,80.2707,36.8,50.9,9.7,0.0
2025-07-16,Chennai,Tamil Nadu,South,13.0827,80.2707,39.3,38.9,12.5,0.0
2025-07-17,Chennai,Tamil Nadu,South,13.0827,80.2707,38.5,42.6,14.0,0.0
2025-07-18,Chennai,Tamil Nadu,South,13.0827,80.2707,34.7,55.7,10.8,0.0
2025-07-19,Chennai,Tamil Nadu,South,13.0827,80.2707,33.8,37.6,15.2,0.0
2025-07-20,Chennai,Tamil Nadu,South,13.0827,80.2707,32.4,50.4,18.5,0.0
2025-07-21,Chennai,Tamil Nadu,South,13.0827,80.2707,33.4,42.9,13.4,0.0
2025-07-22,Chennai,Tamil Nadu,South,13.0827,80.2707,30.8,43.0,14.4,0.7
2025-07-23,Chennai,Tamil Nadu,South,13.0827,80.2707,32.7,41.4,16.0,0.0
2025-07-24,Chennai,Tamil Nadu,South,13.0827,80.2707,36.0,50.7,13.3,0.0
2025-07-25,Chennai,Tamil Nadu,South,13.0827,80.2707,36.1,54.5,9.1,0.0
2025-07-26,Chennai,Tamil Nadu,South,13.0827,80.2707,34.5,47.6,11.5,0.0
2025-07-27,Chennai,Tamil Nadu,South,13.0827,80.2707,36.6,41.3,10.8,0.0
2025-07-28,Chennai,Tamil Nadu,South,13.0827,80.2707,36.7,45.2,15.8,0.0
2025-07-29,Chennai,Tamil Nadu,South,13.0827,80.2707,36.1,44.9,10.0,0.0
2025-07-30,Chennai,Tamil Nadu,South,13.0827,80.2707,36.0,48.0,7.5,9.2
2025-07-31,Chennai,Tamil Nadu,South,13.0827,80.2707,33.2,45.3,7.7,0.0
2025-08-01,Chennai,Tamil Nadu,South,13.0827,80.2707,34.9,44.5,10.4,0.0
2025-08-02,Chennai,Tamil Nadu,South,13.0827,80.2707,33.5,46.7,16.0,0.0
2025-08-03,Chennai,Tamil Nadu,South,13.0827,80.2707,33.1,59.5,10.3,0.0
2025-08-04,Chennai,Tamil Nadu,South,13.0827,80.2707,35.9,44.2,16.0,0.0
2025-08-05,Chennai,Tamil Nadu,South,13.0827,80.2707,36.3,43.9,18.2,0.5
2025-08-06,Chennai,Tamil Nadu,South,13.0827,80.2707,31.9,47.8,5.3,0.0
2025-08-07,Chennai,Tamil Nadu,South,13.0827,80.2707,35.7,61.2,8.9,0.0
2025-08-08,Chennai,Tamil Nadu,South,13.0827,80.2707,32.3,42.6,18.5,0.0
2025-08-09,Chennai,Tamil Nadu,South,13.0827,80.2707,35.0,49.5,10.4,0.0
2025-08-10,Chennai,Tamil Nadu,South,13.0827,80.2707,36.4,66.7,18.3,4.2
2025-08-11,Chennai,Tamil Nadu,South,13.0827,80.2707,33.6,43.5,8.8,0.0
2025-08-12,Chennai,Tamil Nadu,South,13.0827,80.2707,36.5,61.9,15.0,0.0
2025-08-13,Chennai,Tamil Nadu,South,13.0827,80.2707,30.8,50.9,10.9,1.9
2025-08-14,Chennai,Tamil Nadu,South,13.0827,80.2707,28.5,53.2,8.6,0.0
2025-08-15,Chennai,Tamil Nadu,South,13.0827,80.2707,30.8,51.3,11.9,0.8
2025-08-16,Chennai,Tamil Nadu,South,13.0827,80.2707,32.0,51.3,4.5,0.0
2025-08-17,Chennai,Tamil Nadu,South,13.0827,80.2707,34.7,57.2,9.4,5.3
2025-08-18,Chennai,Tamil Nadu,South,13.0827,80.2707,31.3,51.6,17.8,0.5
2025-08-19,Chennai,Tamil Nadu,South,13.0827,80.2707,32.2,51.7,17.9,0.0
2025-08-20,Chennai,Tamil Nadu,South,13.0827,80.2707,33.7,76.3,7.2,0.6
2025-08-21,Chennai,Tamil Nadu,South,13.0827,80.2707,32.2,66.0,8.8,0.0
2025-08-22,Chennai,Tamil Nadu,South,13.0827,80.2707,28.8,51.1,11.9,0.0
2025-08-23,Chennai,Tamil Nadu,South,13.0827,80.2707,33.1,53.8,11.0,0.0
2025-08-24,Chennai,Tamil Nadu,South,13.0827,80.2707,31.1,55.1,15.8,0.0
2025-08-25,Chennai,Tamil Nadu,South,13.0827,80.2707,28.6,50.3,15.7,8.0
2025-08-26,Chennai,Tamil Nadu,South,13.0827,80.2707,32.7,55.9,11.2,1.9
2025-08-27,Chennai,Tamil Nadu,South,13.0827,80.2707,29.6,47.5,14.2,0.3
2025-08-28,Chennai,Tamil Nadu,South,13.0827,80.2707,31.7,45.6,6.8,0.0
2025-08-29,Chennai,Tamil Nadu,South,13.0827,80.2707,28.4,46.7,10.5,6.2
2025-08-30,Chennai,Tamil Nadu,South,13.0827,80.2707,26.7,47.9,14.6,2.1
2025-08-31,Chennai,Tamil Nadu,South,13.0827,80.2707,27.8,50.8,11.8,4.9
2025-09-01,Chennai,Tamil Nadu,South,13.0827,80.2707,29.8,57.2,8.2,0.8
2025-09-02,Chennai,Tamil Nadu,South,13.0827,80.2707,33.7,54.8,8.8,3.4
2025-09-03,Chennai,Tamil Nadu,South,13.0827,80.2707,29.7,53.8,10.9,0.4
2025-09-04,Chennai,Tamil Nadu,South,13.0827,80.2707,30.2,51.2,15.3,0.4
2025-09-05,Chennai,Tamil Nadu,South,13.0827,80.2707,26.9,46.4,13.2,1.0
2025-09-06,Chennai,Tamil Nadu,South,13.0827,80.2707,30.9,59.8,12.2,0.2
2025-09-07,Chennai,Tamil Nadu,South,13.0827,80.2707,28.7,49.7,12.6,0.2
2025-09-08,Chennai,Tamil Nadu,South,13.0827,80.2707,28.2,56.4,9.2,6.3
2025-09-09,Chennai,Tamil Nadu,South,13.0827,80.2707,25.4,50.9,12.0,0.9
2025-09-10,Chennai,Tamil Nadu,South,13.0827,80.2707,28.9,49.6,10.2,1.4
2025-09-11,Chennai,Tamil Nadu,South,13.0827,80.2707,25.6,54.5,10.0,1.4
2025-09-12,Chennai,Tamil Nadu,South,13.0827,80.2707,26.8,57.7,14.6,0.1
2025-09-13,Chennai,Tamil Nadu,South,13.0827,80.2707,27.6,58.6,15.5,2.1
2025-09-14,Chennai,Tamil Nadu,South,13.0827,80.2707,29.7,55.3,12.9,2.6
2025-09-15,Chennai,Tamil Nadu,South,13.0827,80.2707,27.3,52.7,12.0,6.8
2025-09-16,Chennai,Tamil Nadu,South,13.0827,80.2707,29.1,57.9,8.5,0.1
2025-09-17,Chennai,Tamil Nadu,South,13.0827,80.2707,26.5,59.6,9.8,2.8
2025-09-18,Chennai,Tamil Nadu,South,13.0827,80.2707,26.3,60.2,11.0,0.3
2025-09-19,Chennai,Tamil Nadu,South,13.0827,80.2707,27.3,56.2,13.0,0.7
2025-09-20,Chennai,Tamil Nadu,South,13.0827,80.2707,26.6,53.6,14.6,1.2
2025-09-21,Chennai,Tamil Nadu,South,13.0827,80.2707,26.6,49.1,15.0,1.5
2025-09-22,Chennai,Tamil Nadu,South,13.0827,80.2707,28.5,58.5,13.0,0.5
2025-09-23,Chennai,Tamil Nadu,South,13.0827,80.2707,29.7,68.1,12.5,0.9
2025-09-24,Chennai,Tamil Nadu,South,13.0827,80.2707,25.9,64.3,14.4,1.6
2025-09-25,Chennai,Tamil Nadu,South,13.0827,80.2707,25.2,64.9,14.1,0.7
2025-09-26,Chennai,Tamil Nadu,South,13.0827,80.2707,26.5,56.0,9.4,1.6
2025-09-27,Chennai,Tamil Nadu,South,13.0827,80.2707,26.7,63.5,15.9,2.0
2025-09-28,Chennai,Tamil Nadu,South,13.0827,80.2707,23.8,53.7,13.3,2.0
2025-09-29,Chennai,Tamil Nadu,South,13.0827,80.2707,25.6,60.4,13.1,0.9
2025-09-30,Chennai,Tamil Nadu,South,13.0827,80.2707,26.1,57.5,13.3,0.6
2025-10-01,Chennai,Tamil Nadu,South,13.0827,80.2707,29.4,69.8,14.2,1.8
2025-10-02,Chennai,Tamil Nadu,South,13.0827,80.2707,28.3,60.6,15.4,0.5
2025-10-03,Chennai,Tamil Nadu,South,13.0827,80.2707,25.2,54.6,6.1,0.4
2025-10-04,Chennai,Tamil Nadu,South,13.0827,80.2707,26.5,70.2,14.1,0.8
2025-10-05,Chennai,Tamil Nadu,South,13.0827,80.2707,23.9,62.7,11.2,12.0
2025-10-06,Chennai,Tamil Nadu,South,13.0827,80.2707,26.3,62.1,10.5,0.2
2025-10-07,Chennai,Tamil Nadu,South,13.0827,80.2707,25.6,63.4,12.3,1.5
2025-10-08,Chennai,Tamil Nadu,South,13.0827,80.2707,25.8,47.9,13.6,1.3
2025-10-09,Chennai,Tamil Nadu,South,13.0827,80.2707,26.1,63.5,16.2,4.0
2025-10-10,Chennai,Tamil Nadu,South,13.0827,80.2707,25.5,49.6,13.1,2.0
2025-10-11,Chennai,Tamil Nadu,South,13.0827,80.2707,23.4,62.1,12.4,3.7
2025-10-12,Chennai,Tamil Nadu,South,13.0827,80.2707,24.4,68.2,19.6,2.5
2025-10-13,Chennai,Tamil Nadu,South,13.0827,80.2707,23.1,62.1,11.7,2.2
2025-10-14,Chennai,Tamil Nadu,South,13.0827,80.2707,25.5,59.1,12.2,6.1
2025-10-15,Chennai,Tamil Nadu,South,13.0827,80.2707,23.6,65.6,21.4,0.2
2025-10-16,Chennai,Tamil Nadu,South,13.0827,80.2707,23.3,58.9,12.4,1.6
2025-10-17,Chennai,Tamil Nadu,South,13.0827,80.2707,26.1,64.5,8.3,4.4
2025-10-18,Chennai,Tamil Nadu,South,13.0827,80.2707,25.7,75.3,17.3,0.4
2025-10-19,Chennai,Tamil Nadu,South,13.0827,80.2707,25.5,61.4,7.0,2.2
2025-10-20,Chennai,Tamil Nadu,South,13.0827,80.2707,23.9,57.2,16.0,0.1
2025-10-21,Chennai,Tamil Nadu,South,13.0827,80.2707,23.1,56.5,10.3,1.0
2025-10-22,Chennai,Tamil Nadu,South,13.0827,80.2707,23.0,66.2,11.5,2.1
2025-10-23,Chennai,Tamil Nadu,South,13.0827,80.2707,20.6,49.9,6.2,1.0
2025-10-24,Chennai,Tamil Nadu,South,13.0827,80.2707,22.8,78.1,21.0,2.9
2025-10-25,Chennai,Tamil Nadu,South,13.0827,80.2707,26.0,59.4,14.0,1.0
2025-10-26,Chennai,Tamil Nadu,South,13.0827,80.2707,23.6,73.2,17.0,0.2
2025-10-27,Chennai,Tamil Nadu,South,13.0827,80.2707,20.0,69.1,19.8,4.8
2025-10-28,Chennai,Tamil Nadu,South,13.0827,80.2707,21.1,66.8,11.9,1.8
2025-10-29,Chennai,Tamil Nadu,South,13.0827,80.2707,22.5,62.6,11.7,1.3
2025-10-30,Chennai,Tamil Nadu,South,13.0827,80.2707,23.2,64.0,7.5,2.8
2025-10-31,Chennai,Tamil Nadu,South,13.0827,80.2707,20.9,64.4,9.1,0.1
2025-11-01,Chennai,Tamil Nadu,South,13.0827,80.2707,20.6,76.2,17.6,0.1
2025-11-02,Chennai,Tamil Nadu,South,13.0827,80.2707,20.2,55.1,14.7,0.8
2025-11-03,Chennai,Tamil Nadu,South,13.0827,80.2707,19.4,73.7,10.5,0.4
2025-11-04,Chennai,Tamil Nadu,South,13.0827,80.2707,23.0,80.1,16.3,1.6
2025-11-05,Chennai,Tamil Nadu,South,13.0827,80.2707,21.1,78.2,10.9,3.2
2025-11-06,Chennai,Tamil Nadu,South,13.0827,80.2707,22.8,67.6,6.1,0.2
2025-11-07,Chennai,Tamil Nadu,South,13.0827,80.2707,22.9,76.0,12.9,1.1
2025-11-08,Chennai,Tamil Nadu,South,13.0827,80.2707,22.4,78.5,5.0,1.0
2025-11-09,Chennai,Tamil Nadu,South,13.0827,80.2707,21.6,74.0,6.7,0.2
2025-11-10,Chennai,Tamil Nadu,South,13.0827,80.2707,23.0,62.2,3.1,0.3
2025-11-11,Chennai,Tamil Nadu,South,13.0827,80.2707,25.1,74.4,10.3,4.4
2025-11-12,Chennai,Tamil Nadu,South,13.0827,80.2707,21.8,67.3,7.4,0.8
2025-11-13,Chennai,Tamil Nadu,South,13.0827,80.2707,23.7,70.0,9.4,2.1
2025-11-14,Chennai,Tamil Nadu,South,13.0827,80.2707,25.2,72.8,10.7,2.0
2025-11-15,Chennai,Tamil Nadu,South,13.0827,80.2707,19.5,73.8,14.2,0.7
2025-11-16,Chennai,Tamil Nadu,South,13.0827,80.2707,21.7,75.6,9.9,5.9
2025-11-17,Chennai,Tamil Nadu,South,13.0827,80.2707,25.8,69.9,8.1,1.7
2025-11-18,Chennai,Tamil Nadu,South,13.0827,80.2707,21.4,69.1,8.1,1.8
2025-11-19,Chennai,Tamil Nadu,South,13.0827,80.2707,23.7,74.0,12.5,2.6
2025-11-20,Chennai,Tamil Nadu,South,13.0827,80.2707,21.3,70.0,10.5,0.1
2025-11-21,Chennai,Tamil Nadu,South,13.0827,80.2707,22.3,73.8,13.1,1.0
2025-11-22,Chennai,Tamil Nadu,South,13.0827,80.2707,22.4,68.9,6.2,0.0
2025-11-23,Chennai,Tamil Nadu,South,13.0827,80.2707,22.8,60.7,15.0,3.9
2025-11-24,Chennai,Tamil Nadu,South,13.0827,80.2707,25.8,53.2,15.1,2.1
2025-11-25,Chennai,Tamil Nadu,South,13.0827,80.2707,23.3,72.9,17.0,0.2
2025-11-26,Chennai,Tamil Nadu,South,13.0827,80.2707,21.7,60.4,14.9,3.2
2025-11-27,Chennai,Tamil Nadu,South,13.0827,80.2707,21.0,66.6,13.4,0.6
2025-11-28,Chennai,Tamil Nadu,South,13.0827,80.2707,20.6,73.2,12.6,3.2
2025-11-29,Chennai,Tamil Nadu,South,13.0827,80.2707,24.5,67.4,4.8,1.7
2025-11-30,Chennai,Tamil Nadu,South,13.0827,80.2707,23.6,71.2,6.3,0.4
2025-12-01,Chennai,Tamil Nadu,South,13.0827,80.2707,23.1,69.4,14.6,0.5
2025-12-02,Chennai,Tamil Nadu,South,13.0827,80.2707,20.3,79.8,12.5,0.7
2025-12-03,Chennai,Tamil Nadu,South,13.0827,80.2707,19.8,66.5,8.3,1.8
2025-12-04,Chennai,Tamil Nadu,South,13.0827,80.2707,21.8,63.8,14.0,1.2
2025-12-05,Chennai,Tamil Nadu,South,13.0827,80.2707,21.1,72.7,9.4,0.9
2025-12-06,Chennai,Tamil Nadu,South,13.0827,80.2707,21.5,60.1,10.2,2.0
2025-12-07,Chennai,Tamil Nadu,South,13.0827,80.2707,22.1,74.1,15.9,2.0
2025-12-08,Chennai,Tamil Nadu,South,13.0827,80.2707,22.8,54.3,18.1,1.8
2025-12-09,Chennai,Tamil Nadu,South,13.0827,80.2707,20.5,68.2,9.3,2.3
2025-12-10,Chennai,Tamil Nadu,South,13.0827,80.2707,23.7,65.0,10.7,4.7
2025-12-11,Chennai,Tamil Nadu,South,13.0827,80.2707,22.7,77.0,10.2,3.4
2025-12-12,Chennai,Tamil Nadu,South,13.0827,80.2707,17.6,67.5,11.6,0.6
2025-12-13,Chennai,Tamil Nadu,South,13.0827,80.2707,22.5,72.5,10.5,5.6
2025-12-14,Chennai,Tamil Nadu,South,13.0827,80.2707,23.0,64.6,14.3,0.5
2025-12-15,Chennai,Tamil Nadu,South,13.0827,80.2707,21.0,67.2,13.2,2.4
2025-12-16,Chennai,Tamil Nadu,South,13.0827,80.2707,22.8,65.3,15.4,6.3
2025-12-17,Chennai,Tamil Nadu,South,13.0827,80.2707,23.0,68.6,13.1,1.8
2025-12-18,Chennai,Tamil Nadu,South,13.0827,80.2707,24.9,59.0,7.8,1.3
2025-12-19,Chennai,Tamil Nadu,South,13.0827,80.2707,21.0,65.9,6.0,6.3
2025-12-20,Chennai,Tamil Nadu,South,13.0827,80.2707,21.5,73.1,12.6,0.5
2025-12-21,Chennai,Tamil Nadu,South,13.0827,80.2707,23.1,66.0,14.1,3.9
2025-12-22,Chennai,Tamil Nadu,South,13.0827,80.2707,26.2,63.5,20.0,0.4
2025-12-23,Chennai,Tamil Nadu,South,13.0827,80.2707,20.8,62.2,17.1,3.4
2025-12-24,Chennai,Tamil Nadu,South,13.0827,80.2707,23.2,62.1,15.7,1.0
2025-12-25,Chennai,Tamil Nadu,South,13.0827,80.2707,21.5,69.0,12.8,0.0
2025-12-26,Chennai,Tamil Nadu,South,13.0827,80.2707,20.3,71.6,9.6,0.4
2025-12-27,Chennai,Tamil Nadu,South,13.0827,80.2707,22.8,73.0,10.9,1.3
2025-12-28,Chennai,Tamil Nadu,South,13.0827,80.2707,24.7,67.1,16.4,4.0
2025-12-29,Chennai,Tamil Nadu,South,13.0827,80.2707,21.0,62.2,7.4,7.8
2025-12-30,Chennai,Tamil Nadu,South,13.0827,80.2707,22.8,64.0,7.2,1.9
2025-12-31,Chennai,Tamil Nadu,South,13.0827,80.2707,19.3,63.6,14.8,3.8
2025-01-01,Bengaluru,Karnataka,South,12.9716,77.5946,21.8,65.3,15.4,0.6
2025-01-02,Bengaluru,Karnataka,South,12.9716,77.5946,22.8,59.0,16.3,0.1
2025-01-03,Bengaluru,Karnataka,South,12.9716,77.5946,25.5,66.3,19.0,4.6
2025-01-04,Bengaluru,Karnataka,South,12.9716,77.5946,20.9,61.4,14.3,2.6
2025-01-05,Bengaluru,Karnataka,South,12.9716,77.5946,26.5,64.9,7.7,1.7
2025-01-06,Bengaluru,Karnataka,South,12.9716,77.5946,23.5,84.5,6.2,4.2
2025-01-07,Bengaluru,Karnataka,South,12.9716,77.5946,23.4,70.3,16.0,1.5
2025-01-08,Bengaluru,Karnataka,South,12.9716,77.5946,18.4,65.4,13.7,0.6
2025-01-09,Bengaluru,Karnataka,South,12.9716,77.5946,27.8,67.7,16.4,0.4
2025-01-10,Bengaluru,Karnataka,South,12.9716,77.5946,27.1,63.8,11.2,1.1
2025-01-11,Bengaluru,Karnataka,South,12.9716,77.5946,25.1,62.6,6.5,5.5
2025-01-12,Bengaluru,Karnataka,South,12.9716,77.5946,23.9,63.8,11.4,5.2
2025-01-13,Bengaluru,Karnataka,South,12.9716,77.5946,22.7,62.5,11.9,0.4
2025-01-14,Bengaluru,Karnataka,South,12.9716,77.5946,20.7,71.2,11.5,4.1
2025-01-15,Bengaluru,Karnataka,South,12.9716,77.5946,25.5,54.2,16.1,2.5
2025-01-16,Bengaluru,Karnataka,South,12.9716,77.5946,23.7,64.9,8.8,0.2
2025-01-17,Bengaluru,Karnataka,South,12.9716,77.5946,23.2,59.9,13.6,1.7
2025-01-18,Bengaluru,Karnataka,South,12.9716,77.5946,22.6,57.9,11.3,0.3
2025-01-19,Bengaluru,Karnataka,South,12.9716,77.5946,25.3,63.3,14.4,1.2
2025-01-20,Bengaluru,Karnataka,South,12.9716,77.5946,25.0,62.8,1.0,2.4
2025-01-21,Bengaluru,Karnataka,South,12.9716,77.5946,26.6,60.6,11.8,1.4
2025-01-22,Bengaluru,Karnataka,South,12.9716,77.5946,24.2,53.4,14.9,1.1
2025-01-23,Bengaluru,Karnataka,South,12.9716,77.5946,28.7,61.3,15.0,0.8
2025-01-24,Bengaluru,Karnataka,South,12.9716,77.5946,26.8,57.4,9.5,0.8
2025-01-25,Bengaluru,Karnataka,South,12.9716,77.5946,27.4,61.0,14.1,0.6
2025-01-26,Bengaluru,Karnataka,South,12.9716,77.5946,26.2,52.3,14.7,0.2
2025-01-27,Bengaluru,Karnataka,South,12.9716,77.5946,24.1,64.2,16.7,3.3
2025-01-28,Bengaluru,Karnataka,South,12.9716,77.5946,28.1,63.6,10.2,14.5
2025-01-29,Bengaluru,Karnataka,South,12.9716,77.5946,26.6,65.0,8.5,2.6
2025-01-30,Bengaluru,Karnataka,South,12.9716,77.5946,29.2,66.0,17.6,3.2
2025-01-31,Bengaluru,Karnataka,South,12.9716,77.5946,24.2,60.1,5.4,1.0
2025-02-01,Bengaluru,Karnataka,South,12.9716,77.5946,26.9,60.5,11.4,3.3
2025-02-02,Bengaluru,Karnataka,South,12.9716,77.5946,25.8,60.7,4.6,1.3
2025-02-03,Bengaluru,Karnataka,South,12.9716,77.5946,25.9,64.5,11.4,0.1
2025-02-04,Bengaluru,Karnataka,South,12.9716,77.5946,28.1,62.9,9.6,1.4
2025-02-05,Bengaluru,Karnataka,South,12.9716,77.5946,26.7,60.2,7.9,1.5
2025-02-06,Bengaluru,Karnataka,South,12.9716,77.5946,26.9,60.8,8.1,0.3
2025-02-07,Bengaluru,Karnataka,South,12.9716,77.5946,25.5,64.4,16.3,1.9
2025-02-08,Bengaluru,Karnataka,South,12.9716,77.5946,27.6,60.0,5.3,1.0
2025-02-09,Bengaluru,Karnataka,South,12.9716,77.5946,28.5,62.6,8.8,2.5
2025-02-10,Bengaluru,Karnataka,South,12.9716,77.5946,26.5,56.6,9.2,0.7
2025-02-11,Bengaluru,Karnataka,South,12.9716,77.5946,25.3,68.6,9.4,4.1
2025-02-12,Bengaluru,Karnataka,South,12.9716,77.5946,28.6,52.9,7.2,0.1
2025-02-13,Bengaluru,Karnataka,South,12.9716,77.5946,27.8,64.9,15.6,1.2
2025-02-14,Bengaluru,Karnataka,South,12.9716,77.5946,28.6,70.1,17.1,2.2
2025-02-15,Bengaluru,Karnataka,South,12.9716,77.5946,31.0,54.2,8.7,1.2
2025-02-16,Bengaluru,Karnataka,South,12.9716,77.5946,30.8,56.1,7.8,0.6
2025-02-17,Bengaluru,Karnataka,South,12.9716,77.5946,27.5,61.9,8.6,1.3
2025-02-18,Bengaluru,Karnataka,South,12.9716,77.5946,27.2,67.4,15.4,1.4
2025-02-19,Bengaluru,Karnataka,South,12.9716,77.5946,29.2,58.6,18.0,0.6
2025-02-20,Bengaluru,Karnataka,South,12.9716,77.5946,30.0,55.3,12.5,0.9
2025-02-21,Bengaluru,Karnataka,South,12.9716,77.5946,27.7,62.3,10.9,3.8
2025-02-22,Bengaluru,Karnataka,South,12.9716,77.5946,26.1,60.7,2.0,0.9
2025-02-23,Bengaluru,Karnataka,South,12.9716,77.5946,27.8,57.1,8.2,0.7
2025-02-24,Bengaluru,Karnataka,South,12.9716,77.5946,26.9,63.0,9.5,9.8
2025-02-25,Bengaluru,Karnataka,South,12.9716,77.5946,29.1,53.4,12.0,1.6
2025-02-26,Bengaluru,Karnataka,South,12.9716,77.5946,30.1,58.6,8.9,2.1
2025-02-27,Bengaluru,Karnataka,South,12.9716,77.5946,30.4,58.0,18.0,4.5
2025-02-28,Bengaluru,Karnataka,South,12.9716,77.5946,28.0,50.6,13.3,0.0
2025-03-01,Bengaluru,Karnataka,South,12.9716,77.5946,31.6,60.8,10.5,0.1
2025-03-02,Bengaluru,Karnataka,South,12.9716,77.5946,35.0,60.9,7.3,3.4
2025-03-03,Bengaluru,Karnataka,South,12.9716,77.5946,28.8,54.6,8.1,1.9
2025-03-04,Bengaluru,Karnataka,South,12.9716,77.5946,30.4,48.8,18.3,0.3
2025-03-05,Bengaluru,Karnataka,South,12.9716,77.5946,31.3,57.9,5.1,7.8
2025-03-06,Bengaluru,Karnataka,South,12.9716,77.5946,32.0,57.5,10.9,0.0
2025-03-07,Bengaluru,Karnataka,South,12.9716,77.5946,29.7,54.7,11.9,0.0
2025-03-08,Bengaluru,Karnataka,South,12.9716,77.5946,30.6,53.9,8.4,0.0
2025-03-09,Bengaluru,Karnataka,South,12.9716,77.5946,32.1,60.5,9.2,0.0
2025-03-10,Bengaluru,Karnataka,South,12.9716,77.5946,31.2,55.9,15.6,0.0
2025-03-11,Bengaluru,Karnataka,South,12.9716,77.5946,33.6,47.1,13.0,0.0
2025-03-12,Bengaluru,Karnataka,South,12.9716,77.5946,34.4,64.9,14.6,0.0
2025-03-13,Bengaluru,Karnataka,South,12.9716,77.5946,33.1,52.2,5.3,0.0
2025-03-14,Bengaluru,Karnataka,South,12.9716,77.5946,30.1,54.2,11.8,0.3
2025-03-15,Bengaluru,Karnataka,South,12.9716,77.5946,35.3,54.4,14.2,0.0
2025-03-16,Bengaluru,Karnataka,South,12.9716,77.5946,31.9,54.1,12.2,0.0
2025-03-17,Bengaluru,Karnataka,South,12.9716,77.5946,31.3,69.5,12.7,0.0
2025-03-18,Bengaluru,Karnataka,South,12.9716,77.5946,35.0,53.8,9.1,0.0
2025-03-19,Bengaluru,Karnataka,South,12.9716,77.5946,29.7,54.9,15.2,1.8
2025-03-20,Bengaluru,Karnataka,South,12.9716,77.5946,33.3,51.5,13.5,0.0
2025-03-21,Bengaluru,Karnataka,South,12.9716,77.5946,32.4,50.6,4.3,0.0
2025-03-22,Bengaluru,Karnataka,South,12.9716,77.5946,35.4,55.3,12.9,0.0
2025-03-23,Bengaluru,Karnataka,South,12.9716,77.5946,31.5,49.2,15.6,0.0
2025-03-24,Bengaluru,Karnataka,South,12.9716,77.5946,31.6,45.5,6.1,0.0
2025-03-25,Bengaluru,Karnataka,South,12.9716,77.5946,31.4,51.0,23.5,0.0
2025-03-26,Bengaluru,Karnataka,South,12.9716,77.5946,30.2,53.7,12.1,0.0
2025-03-27,Bengaluru,Karnataka,South,12.9716,77.5946,37.1,53.3,15.1,0.0
2025-03-28,Bengaluru,Karnataka,South,12.9716,77.5946,30.8,51.0,11.5,0.0
2025-03-29,Bengaluru,Karnataka,South,12.9716,77.5946,33.0,50.9,14.6,2.5
2025-03-30,Bengaluru,Karnataka,South,12.9716,77.5946,34.5,50.0,9.4,0.0
2025-03-31,Bengaluru,Karnataka,South,12.9716,77.5946,33.8,44.7,7.2,0.0
2025-04-01,Bengaluru,Karnataka,South,12.9716,77.5946,34.0,54.6,10.0,0.0
2025-04-02,Bengaluru,Karnataka,South,12.9716,77.5946,34.4,54.5,12.8,0.0
2025-04-03,Bengaluru,Karnataka,South,12.9716,77.5946,34.5,50.1,9.2,0.0
2025-04-04,Bengaluru,Karnataka,South,12.9716,77.5946,37.8,40.0,3.5,0.5
2025-04-05,Bengaluru,Karnataka,South,12.9716,77.5946,33.9,45.1,19.5,0.0
2025-04-06,Bengaluru,Karnataka,South,12.9716,77.5946,35.2,39.5,13.2,0.0
2025-04-07,Bengaluru,Karnataka,South,12.9716,77.5946,36.2,51.0,12.4,0.0
2025-04-08,Bengaluru,Karnataka,South,12.9716,77.5946,35.6,37.8,7.9,0.0
2025-04-09,Bengaluru,Karnataka,South,12.9716,77.5946,39.1,53.0,4.9,1.2
2025-04-10,Bengaluru,Karnataka,South,12.9716,77.5946,34.6,48.3,4.1,0.0
2025-04-11,Bengaluru,Karnataka,South,12.9716,77.5946,34.9,42.9,8.5,0.0
2025-04-12,Bengaluru,Karnataka,South,12.9716,77.5946,36.8,42.7,6.0,0.0
2025-04-13,Bengaluru,Karnataka,South,12.9716,77.5946,35.4,54.0,9.2,0.9
2025-04-14,Bengaluru,Karnataka,South,12.9716,77.5946,34.3,50.3,9.8,0.0
2025-04-15,Bengaluru,Karnataka,South,12.9716,77.5946,37.8,38.4,16.0,0.0
2025-04-16,Bengaluru,Karnataka,South,12.9716,77.5946,37.1,50.1,13.6,0.0
2025-04-17,Bengaluru,Karnataka,South,12.9716,77.5946,37.0,59.9,15.8,0.0
2025-04-18,Bengaluru,Karnataka,South,12.9716,77.5946,36.1,45.0,6.3,0.0
2025-04-19,Bengaluru,Karnataka,South,12.9716,77.5946,37.6,46.2,16.1,0.0
2025-04-20,Bengaluru,Karnataka,South,12.9716,77.5946,36.6,47.3,15.4,0.0
2025-04-21,Bengaluru,Karnataka,South,12.9716,77.5946,36.9,46.7,12.6,0.0
2025-04-22,Bengaluru,Karnataka,South,12.9716,77.5946,34.8,33.0,10.6,0.0
2025-04-23,Bengaluru,Karnataka,South,12.9716,77.5946,32.0,46.1,15.6,0.0
2025-04-24,Bengaluru,Karnataka,South,12.9716,77.5946,35.4,45.9,16.3,0.0
2025-04-25,Bengaluru,Karnataka,South,12.9716,77.5946,36.1,49.9,9.9,0.0
2025-04-26,Bengaluru,Karnataka,South,12.9716,77.5946,36.0,45.8,14.6,0.0
2025-04-27,Bengaluru,Karnataka,South,12.9716,77.5946,37.7,44.8,15.5,0.0
2025-04-28,Bengaluru,Karnataka,South,12.9716,77.5946,36.1,53.5,18.6,0.0
2025-04-29,Bengaluru,Karnataka,South,12.9716,77.5946,40.3,59.3,15.1,0.0
2025-04-30,Bengaluru,Karnataka,South,12.9716,77.5946,36.9,46.4,11.4,0.0
2025-05-01,Bengaluru,Karnataka,South,12.9716,77.5946,40.0,39.7,8.3,0.0
2025-05-02,Bengaluru,Karnataka,South,12.9716,77.5946,36.5,47.9,15.1,0.0
2025-05-03,Bengaluru,Karnataka,South,12.9716,77.5946,34.8,39.5,11.5,0.0
2025-05-04,Bengaluru,Karnataka,South,12.9716,77.5946,36.1,43.6,17.5,0.0
2025-05-05,Bengaluru,Karnataka,South,12.9716,77.5946,36.9,51.6,11.6,0.0
2025-05-06,Bengaluru,Karnataka,South,12.9716,77.5946,39.9,56.3,13.2,0.0
2025-05-07,Bengaluru,Karnataka,South,12.9716,77.5946,39.0,32.6,9.3,0.0
2025-05-08,Bengaluru,Karnataka,South,12.9716,77.5946,36.3,41.9,11.7,0.0
2025-05-09,Bengaluru,Karnataka,South,12.9716,77.5946,38.4,47.4,1.0,0.0
2025-05-10,Bengaluru,Karnataka,South,12.9716,77.5946,36.3,44.7,6.0,0.0
2025-05-11,Bengaluru,Karnataka,South,12.9716,77.5946,33.7,41.9,16.5,0.0
2025-05-12,Bengaluru,Karnataka,South,12.9716,77.5946,40.1,39.9,12.8,0.0
2025-05-13,Bengaluru,Karnataka,South,12.9716,77.5946,39.8,48.0,11.5,0.0
2025-05-14,Bengaluru,Karnataka,South,12.9716,77.5946,34.0,42.8,13.3,0.0
2025-05-15,Bengaluru,Karnataka,South,12.9716,77.5946,38.3,43.9,18.2,0.0
2025-05-16,Bengaluru,Karnataka,South,12.9716,77.5946,37.5,52.2,11.9,0.0
2025-05-17,Bengaluru,Karnataka,South,12.9716,77.5946,37.4,37.4,12.0,0.0
2025-05-18,Bengaluru,Karnataka,South,12.9716,77.5946,39.0,37.6,13.3,0.0
2025-05-19,Bengaluru,Karnataka,South,12.9716,77.5946,37.2,36.2,11.1,0.0
2025-05-20,Bengaluru,Karnataka,South,12.9716,77.5946,37.2,34.0,12.9,0.0
2025-05-21,Bengaluru,Karnataka,South,12.9716,77.5946,40.0,36.5,12.9,0.0
2025-05-22,Bengaluru,Karnataka,South,12.9716,77.5946,37.6,47.3,21.7,0.0
2025-05-23,Bengaluru,Karnataka,South,12.9716,77.5946,38.9,33.7,7.1,0.0
2025-05-24,Bengaluru,Karnataka,South,12.9716,77.5946,38.4,34.2,15.9,0.0
2025-05-25,Bengaluru,Karnataka,South,12.9716,77.5946,40.4,35.3,14.2,0.0
2025-05-26,Bengaluru,Karnataka,South,12.9716,77.5946,37.9,37.8,15.5,0.0
2025-05-27,Bengaluru,Karnataka,South,12.9716,77.5946,34.5,46.6,4.9,0.0
2025-05-28,Bengaluru,Karnataka,South,12.9716,77.5946,37.6,47.2,8.1,0.0
2025-05-29,Bengaluru,Karnataka,South,12.9716,77.5946,36.8,33.5,14.0,0.0
2025-05-30,Bengaluru,Karnataka,South,12.9716,77.5946,40.4,47.5,9.7,0.0
2025-05-31,Bengaluru,Karnataka,South,12.9716,77.5946,40.2,35.6,6.0,0.0
2025-06-01,Bengaluru,Karnataka,South,12.9716,77.5946,42.2,47.3,8.7,0.0
2025-06-02,Bengaluru,Karnataka,South,12.9716,77.5946,39.7,44.8,19.0,0.0
2025-06-03,Bengaluru,Karnataka,South,12.9716,77.5946,37.4,45.5,9.1,0.0
2025-06-04,Bengaluru,Karnataka,South,12.9716,77.5946,35.7,44.9,10.5,0.0
2025-06-05,Bengaluru,Karnataka,South,12.9716,77.5946,36.9,38.4,12.1,0.0
2025-06-06,Bengaluru,Karnataka,South,12.9716,77.5946,35.9,27.3,19.0,0.0
2025-06-07,Bengaluru,Karnataka,South,12.9716,77.5946,39.0,39.8,11.6,0.0
2025-06-08,Bengaluru,Karnataka,South,12.9716,77.5946,32.8,38.7,14.9,0.0
2025-06-09,Bengaluru,Karnataka,South,12.9716,77.5946,39.6,42.4,14.8,0.0
2025-06-10,Bengaluru,Karnataka,South,12.9716,77.5946,39.9,40.8,8.5,0.0
2025-06-11,Bengaluru,Karnataka,South,12.9716,77.5946,36.1,39.2,9.2,0.0
2025-06-12,Bengaluru,Karnataka,South,12.9716,77.5946,39.1,45.2,15.9,0.0
2025-06-13,Bengaluru,Karnataka,South,12.9716,77.5946,38.8,31.7,14.4,0.0
2025-06-14,Bengaluru,Karnataka,South,12.9716,77.5946,41.5,40.8,16.9,0.0
2025-06-15,Bengaluru,Karnataka,South,12.9716,77.5946,36.9,49.1,6.6,0.0
2025-06-16,Bengaluru,Karnataka,South,12.9716,77.5946,40.2,45.7,18.9,0.0
2025-06-17,Bengaluru,Karnataka,South,12.9716,77.5946,34.8,45.8,15.0,0.0
2025-06-18,Bengaluru,Karnataka,South,12.9716,77.5946,35.0,39.6,4.0,0.0
2025-06-19,Bengaluru,Karnataka,South,12.9716,77.5946,40.4,55.1,11.4,0.0
2025-06-20,Bengaluru,Karnataka,South,12.9716,77.5946,36.5,37.3,14.1,0.0
2025-06-21,Bengaluru,Karnataka,South,12.9716,77.5946,37.4,52.9,7.2,0.0
2025-06-22,Bengaluru,Karnataka,South,12.9716,77.5946,41.5,45.0,12.6,0.0
2025-06-23,Bengaluru,Karnataka,South,12.9716,77.5946,36.8,36.5,9.5,0.0
2025-06-24,Bengaluru,Karnataka,South,12.9716,77.5946,40.8,38.5,11.7,0.0
2025-06-25,Bengaluru,Karnataka,South,12.9716,77.5946,36.5,52.8,5.6,0.0
2025-06-26,Bengaluru,Karnataka,South,12.9716,77.5946,38.6,43.2,15.6,0.0
2025-06-27,Bengaluru,Karnataka,South,12.9716,77.5946,37.5,43.2,10.1,0.0
2025-06-28,Bengaluru,Karnataka,South,12.9716,77.5946,36.5,43.8,1.3,0.0
2025-06-29,Bengaluru,Karnataka,South,12.9716,77.5946,35.1,38.9,9.2,0.0
2025-06-30,Bengaluru,Karnataka,South,12.9716,77.5946,38.5,34.7,3.7,0.0
2025-07-01,Bengaluru,Karnataka,South,12.9716,77.5946,36.3,46.2,11.7,0.0
2025-07-02,Bengaluru,Karnataka,South,12.9716,77.5946,37.9,49.9,15.2,0.0
2025-07-03,Bengaluru,Karnataka,South,12.9716,77.5946,38.8,35.1,13.4,0.0
2025-07-04,Bengaluru,Karnataka,South,12.9716,77.5946,37.6,41.7,9.0,0.0
2025-07-05,Bengaluru,Karnataka,South,12.9716,77.5946,37.7,54.0,10.2,0.0
2025-07-06,Bengaluru,Karnataka,South,12.9716,77.5946,36.9,39.8,15.0,0.0
2025-07-07,Bengaluru,Karnataka,South,12.9716,77.5946,37.8,52.1,12.3,0.0
2025-07-08,Bengaluru,Karnataka,South,12.9716,77.5946,38.8,43.4,11.0,0.0
2025-07-09,Bengaluru,Karnataka,South,12.9716,77.5946,36.1,39.4,14.7,0.0
2025-07-10,Bengaluru,Karnataka,South,12.9716,77.5946,31.1,52.7,19.2,0.0
2025-07-11,Bengaluru,Karnataka,South,12.9716,77.5946,35.1,41.2,11.5,0.0
2025-07-12,Bengaluru,Karnataka,South,12.9716,77.5946,33.7,51.0,14.4,0.0
2025-07-13,Bengaluru,Karnataka,South,12.9716,77.5946,37.9,49.0,11.7,0.0
2025-07-14,Bengaluru,Karnataka,South,12.9716,77.5946,32.8,50.4,4.4,0.0
2025-07-15,Bengaluru,Karnataka,South,12.9716,77.5946,34.4,40.6,14.6,0.0
2025-07-16,Bengaluru,Karnataka,South,12.9716,77.5946,35.9,49.5,17.0,0.0
2025-07-17,Bengaluru,Karnataka,South,12.9716,77.5946,34.8,42.1,9.4,0.0
2025-07-18,Bengaluru,Karnataka,South,12.9716,77.5946,36.1,45.4,13.2,0.0
2025-07-19,Bengaluru,Karnataka,South,12.9716,77.5946,33.8,37.3,17.8,0.0
2025-07-20,Bengaluru,Karnataka,South,12.9716,77.5946,38.5,51.7,16.3,0.0
2025-07-21,Bengaluru,Karnataka,South,12.9716,77.5946,37.8,60.7,13.3,0.0
2025-07-22,Bengaluru,Karnataka,South,12.9716,77.5946,36.9,57.9,10.3,0.0
2025-07-23,Bengaluru,Karnataka,South,12.9716,77.5946,34.1,48.2,12.8,0.0
2025-07-24,Bengaluru,Karnataka,South,12.9716,77.5946,34.1,45.8,12.7,0.0
2025-07-25,Bengaluru,Karnataka,South,12.9716,77.5946,34.4,54.8,8.6,0.0
2025-07-26,Bengaluru,Karnataka,South,12.9716,77.5946,32.6,41.0,12.1,0.0
2025-07-27,Bengaluru,Karnataka,South,12.9716,77.5946,30.9,35.8,8.5,0.0
2025-07-28,Bengaluru,Karnataka,South,12.9716,77.5946,37.5,55.0,9.4,0.0
2025-07-29,Bengaluru,Karnataka,South,12.9716,77.5946,32.4,46.6,9.9,0.0
2025-07-30,Bengaluru,Karnataka,South,12.9716,77.5946,34.9,44.0,15.0,0.0
2025-07-31,Bengaluru,Karnataka,South,12.9716,77.5946,34.6,45.2,10.9,0.0
2025-08-01,Bengaluru,Karnataka,South,12.9716,77.5946,34.1,49.5,13.0,0.3
2025-08-02,Bengaluru,Karnataka,South,12.9716,77.5946,37.1,42.2,11.3,0.0
2025-08-03,Bengaluru,Karnataka,South,12.9716,77.5946,33.6,49.0,13.1,0.0
2025-08-04,Bengaluru,Karnataka,South,12.9716,77.5946,31.9,54.8,8.3,0.0
2025-08-05,Bengaluru,Karnataka,South,12.9716,77.5946,33.8,54.3,14.9,0.0
2025-08-06,Bengaluru,Karnataka,South,12.9716,77.5946,34.8,48.6,4.2,0.0
2025-08-07,Bengaluru,Karnataka,South,12.9716,77.5946,32.8,38.8,18.9,0.3
2025-08-08,Bengaluru,Karnataka,South,12.9716,77.5946,32.7,41.7,22.5,0.0
2025-08-09,Bengaluru,Karnataka,South,12.9716,77.5946,32.3,48.4,11.3,0.1
2025-08-10,Bengaluru,Karnataka,South,12.9716,77.5946,35.5,45.1,14.5,0.0
2025-08-11,Bengaluru,Karnataka,South,12.9716,77.5946,29.0,41.7,13.4,0.6
2025-08-12,Bengaluru,Karnataka,South,12.9716,77.5946,32.7,48.6,5.4,0.0
2025-08-13,Bengaluru,Karnataka,South,12.9716,77.5946,34.2,51.3,11.8,0.0
2025-08-14,Bengaluru,Karnataka,South,12.9716,77.5946,34.5,50.6,12.4,1.9
2025-08-15,Bengaluru,Karnataka,South,12.9716,77.5946,33.7,53.8,12.0,0.0
2025-08-16,Bengaluru,Karnataka,South,12.9716,77.5946,32.5,48.9,8.2,0.0
2025-08-17,Bengaluru,Karnataka,South,12.9716,77.5946,30.9,57.4,11.6,0.0
2025-08-18,Bengaluru,Karnataka,South,12.9716,77.5946,29.5,71.2,9.3,0.0
2025-08-19,Bengaluru,Karnataka,South,12.9716,77.5946,31.5,64.3,14.3,0.0
2025-08-20,Bengaluru,Karnataka,South,12.9716,77.5946,32.5,53.1,11.3,6.0
2025-08-21,Bengaluru,Karnataka,South,12.9716,77.5946,28.5,50.7,10.1,0.0
2025-08-22,Bengaluru,Karnataka,South,12.9716,77.5946,29.9,64.1,8.4,0.0
2025-08-23,Bengaluru,Karnataka,South,12.9716,77.5946,30.9,50.2,12.0,5.5
2025-08-24,Bengaluru,Karnataka,South,12.9716,77.5946,33.1,42.7,12.1,0.0
2025-08-25,Bengaluru,Karnataka,South,12.9716,77.5946,31.5,65.0,17.7,1.7
2025-08-26,Bengaluru,Karnataka,South,12.9716,77.5946,31.8,39.9,14.8,0.8
2025-08-27,Bengaluru,Karnataka,South,12.9716,77.5946,28.7,56.1,4.9,0.2
2025-08-28,Bengaluru,Karnataka,South,12.9716,77.5946,28.9,51.9,7.7,4.0
2025-08-29,Bengaluru,Karnataka,South,12.9716,77.5946,29.7,46.4,16.1,0.0
2025-08-30,Bengaluru,Karnataka,South,12.9716,77.5946,29.0,51.2,9.6,9.7
2025-08-31,Bengaluru,Karnataka,South,12.9716,77.5946,28.1,56.2,8.9,0.2
2025-09-01,Bengaluru,Karnataka,South,12.9716,77.5946,29.0,55.0,17.8,2.0
2025-09-02,Bengaluru,Karnataka,South,12.9716,77.5946,30.9,43.7,8.6,2.1
2025-09-03,Bengaluru,Karnataka,South,12.9716,77.5946,27.7,57.6,7.8,3.8
2025-09-04,Bengaluru,Karnataka,South,12.9716,77.5946,29.1,51.9,16.5,0.2
2025-09-05,Bengaluru,Karnataka,South,12.9716,77.5946,33.1,60.2,12.4,0.4
2025-09-06,Bengaluru,Karnataka,South,12.9716,77.5946,29.9,60.7,7.3,3.4
2025-09-07,Bengaluru,Karnataka,South,12.9716,77.5946,28.2,46.4,16.9,1.2
2025-09-08,Bengaluru,Karnataka,South,12.9716,77.5946,28.1,62.6,5.7,0.5
2025-09-09,Bengaluru,Karnataka,South,12.9716,77.5946,26.7,55.6,13.0,2.0
2025-09-10,Bengaluru,Karnataka,South,12.9716,77.5946,28.1,64.1,7.2,2.4
2025-09-11,Bengaluru,Karnataka,South,12.9716,77.5946,31.2,54.8,13.5,1.0
2025-09-12,Bengaluru,Karnataka,South,12.9716,77.5946,27.5,60.6,12.0,0.9
2025-09-13,Bengaluru,Karnataka,South,12.9716,77.5946,30.3,50.1,17.1,0.9
2025-09-14,Bengaluru,Karnataka,South,12.9716,77.5946,26.5,64.4,14.2,3.3
2025-09-15,Bengaluru,Karnataka,South,12.9716,77.5946,27.0,78.4,10.8,2.4
2025-09-16,Bengaluru,Karnataka,South,12.9716,77.5946,23.1,59.9,15.7,2.3
2025-09-17,Bengaluru,Karnataka,South,12.9716,77.5946,28.2,56.3,15.2,0.6
2025-09-18,Bengaluru,Karnataka,South,12.9716,77.5946,27.0,65.0,8.9,2.8
2025-09-19,Bengaluru,Karnataka,South,12.9716,77.5946,28.3,48.6,13.4,1.4
2025-09-20,Bengaluru,Karnataka,South,12.9716,77.5946,28.5,71.8,14.8,0.7
2025-09-21,Bengaluru,Karnataka,South,12.9716,77.5946,25.8,57.8,4.9,2.3
2025-09-22,Bengaluru,Karnataka,South,12.9716,77.5946,25.9,58.4,10.7,2.5
2025-09-23,Bengaluru,Karnataka,South,12.9716,77.5946,29.8,64.9,10.1,1.5
2025-09-24,Bengaluru,Karnataka,South,12.9716,77.5946,29.7,60.2,10.7,7.2
2025-09-25,Bengaluru,Karnataka,South,12.9716,77.5946,26.8,53.7,8.7,1.3
2025-09-26,Bengaluru,Karnataka,South,12.9716,77.5946,29.4,61.6,7.3,1.5
2025-09-27,Bengaluru,Karnataka,South,12.9716,77.5946,22.8,64.9,11.2,3.8
2025-09-28,Bengaluru,Karnataka,South,12.9716,77.5946,25.2,57.7,14.0,1.7
2025-09-29,Bengaluru,Karnataka,South,12.9716,77.5946,25.3,63.2,11.9,3.5
2025-09-30,Bengaluru,Karnataka,South,12.9716,77.5946,24.6,64.5,9.3,1.5
2025-10-01,Bengaluru,Karnataka,South,12.9716,77.5946,28.2,70.2,18.1,2.6
2025-10-02,Bengaluru,Karnataka,South,12.9716,77.5946,24.9,62.4,20.1,0.7
2025-10-03,Bengaluru,Karnataka,South,12.9716,77.5946,24.8,56.9,10.5,1.1
2025-10-04,Bengaluru,Karnataka,South,12.9716,77.5946,28.7,62.8,15.9,0.1
2025-10-05,Bengaluru,Karnataka,South,12.9716,77.5946,25.0,59.1,8.6,0.8
2025-10-06,Bengaluru,Karnataka,South,12.9716,77.5946,23.8,64.0,14.1,1.4
2025-10-07,Bengaluru,Karnataka,South,12.9716,77.5946,26.4,65.5,7.1,0.3
2025-10-08,Bengaluru,Karnataka,South,12.9716,77.5946,26.0,55.2,15.9,12.9
2025-10-09,Bengaluru,Karnataka,South,12.9716,77.5946,29.3,49.0,17.3,4.8
2025-10-10,Bengaluru,Karnataka,South,12.9716,77.5946,24.4,61.3,9.0,0.9
2025-10-11,Bengaluru,Karnataka,South,12.9716,77.5946,25.3,71.0,3.1,9.6
2025-10-12,Bengaluru,Karnataka,South,12.9716,77.5946,23.7,55.2,13.2,2.6
2025-10-13,Bengaluru,Karnataka,South,12.9716,77.5946,22.9,53.2,11.5,1.9
2025-10-14,Bengaluru,Karnataka,South,12.9716,77.5946,22.3,64.1,6.5,8.1
2025-10-15,Bengaluru,Karnataka,South,12.9716,77.5946,20.9,66.1,14.8,4.4
2025-10-16,Bengaluru,Karnataka,South,12.9716,77.5946,25.2,65.0,11.7,2.7
2025-10-17,Bengaluru,Karnataka,South,12.9716,77.5946,23.1,56.3,13.3,0.8
2025-10-18,Bengaluru,Karnataka,South,12.9716,77.5946,22.1,58.6,12.8,3.9
2025-10-19,Bengaluru,Karnataka,South,12.9716,77.5946,20.2,68.1,14.0,4.3
2025-10-20,Bengaluru,Karnataka,South,12.9716,77.5946,20.7,58.2,12.3,0.9
2025-10-21,Bengaluru,Karnataka,South,12.9716,77.5946,23.6,63.5,14.4,3.4
2025-10-22,Bengaluru,Karnataka,South,12.9716,77.5946,22.0,57.9,14.9,3.1
2025-10-23,Bengaluru,Karnataka,South,12.9716,77.5946,23.8,62.6,17.5,1.0
2025-10-24,Bengaluru,Karnataka,South,12.9716,77.5946,21.8,59.7,10.3,1.1
2025-10-25,Bengaluru,Karnataka,South,12.9716,77.5946,25.3,67.3,11.4,2.4
2025-10-26,Bengaluru,Karnataka,South,12.9716,77.5946,24.9,69.6,2.8,1.1
2025-10-27,Bengaluru,Karnataka,South,12.9716,77.5946,23.1,64.1,9.4,3.7
2025-10-28,Bengaluru,Karnataka,South,12.9716,77.5946,23.6,58.2,7.6,1.4
2025-10-29,Bengaluru,Karnataka,South,12.9716,77.5946,24.5,65.3,15.5,0.3
2025-10-30,Bengaluru,Karnataka,South,12.9716,77.5946,25.4,75.7,10.7,0.9
2025-10-31,Bengaluru,Karnataka,South,12.9716,77.5946,20.1,66.9,15.5,4.2
2025-11-01,Bengaluru,Karnataka,South,12.9716,77.5946,21.4,65.8,17.2,0.4
2025-11-02,Bengaluru,Karnataka,South,12.9716,77.5946,22.7,64.0,9.4,1.0
2025-11-03,Bengaluru,Karnataka,South,12.9716,77.5946,21.5,63.2,15.3,1.0
2025-11-04,Bengaluru,Karnataka,South,12.9716,77.5946,20.8,69.4,20.8,1.6
2025-11-05,Bengaluru,Karnataka,South,12.9716,77.5946,23.0,56.0,11.8,1.7
2025-11-06,Bengaluru,Karnataka,South,12.9716,77.5946,22.0,62.5,9.0,0.5
2025-11-07,Bengaluru,Karnataka,South,12.9716,77.5946,22.3,62.6,20.3,2.1
2025-11-08,Bengaluru,Karnataka,South,12.9716,77.5946,21.6,69.6,6.6,4.4
2025-11-09,Bengaluru,Karnataka,South,12.9716,77.5946,23.0,66.5,11.4,7.6
2025-11-10,Bengaluru,Karnataka,South,12.9716,77.5946,20.9,74.7,9.2,0.1
2025-11-11,Bengaluru,Karnataka,South,12.9716,77.5946,23.2,67.4,11.1,0.1
2025-11-12,Bengaluru,Karnataka,South,12.9716,77.5946,22.3,68.3,14.2,0.2
2025-11-13,Bengaluru,Karnataka,South,12.9716,77.5946,22.0,67.5,16.0,1.5
2025-11-14,Bengaluru,Karnataka,South,12.9716,77.5946,21.1,66.4,14.4,2.3
2025-11-15,Bengaluru,Karnataka,South,12.9716,77.5946,23.5,66.7,6.4,0.8
2025-11-16,Bengaluru,Karnataka,South,12.9716,77.5946,21.3,66.6,16.7,0.9
2025-11-17,Bengaluru,Karnataka,South,12.9716,77.5946,20.3,67.5,18.2,3.5
2025-11-18,Bengaluru,Karnataka,South,12.9716,77.5946,23.6,65.8,14.9,2.7
2025-11-19,Bengaluru,Karnataka,South,12.9716,77.5946,21.9,60.5,9.3,2.1
2025-11-20,Bengaluru,Karnataka,South,12.9716,77.5946,20.5,71.7,3.9,1.1
2025-11-21,Bengaluru,Karnataka,South,12.9716,77.5946,24.4,69.8,7.5,3.4
2025-11-22,Bengaluru,Karnataka,South,12.9716,77.5946,19.2,64.5,10.9,1.4
2025-11-23,Bengaluru,Karnataka,South,12.9716,77.5946,24.1,77.0,11.1,1.1
2025-11-24,Bengaluru,Karnataka,South,12.9716,77.5946,22.3,71.6,8.9,4.1
2025-11-25,Bengaluru,Karnataka,South,12.9716,77.5946,21.1,65.3,10.2,0.8
2025-11-26,Bengaluru,Karnataka,South,12.9716,77.5946,21.5,69.7,12.1,1.0
2025-11-27,Bengaluru,Karnataka,South,12.9716,77.5946,21.0,64.1,10.2,2.9
2025-11-28,Bengaluru,Karnataka,South,12.9716,77.5946,21.1,83.2,17.5,0.9
2025-11-29,Bengaluru,Karnataka,South,12.9716,77.5946,21.5,78.6,7.2,5.2
2025-11-30,Bengaluru,Karnataka,South,12.9716,77.5946,20.4,63.8,5.0,0.9
2025-12-01,Bengaluru,Karnataka,South,12.9716,77.5946,23.1,61.3,17.5,2.5
2025-12-02,Bengaluru,Karnataka,South,12.9716,77.5946,21.2,68.6,6.7,2.7
2025-12-03,Bengaluru,Karnataka,South,12.9716,77.5946,24.3,77.1,8.3,1.7
2025-12-04,Bengaluru,Karnataka,South,12.9716,77.5946,23.7,70.8,10.1,1.3
2025-12-05,Bengaluru,Karnataka,South,12.9716,77.5946,24.1,70.4,13.2,0.3
2025-12-06,Bengaluru,Karnataka,South,12.9716,77.5946,22.9,69.0,16.1,1.9
2025-12-07,Bengaluru,Karnataka,South,12.9716,77.5946,21.8,68.4,12.3,2.8
2025-12-08,Bengaluru,Karnataka,South,12.9716,77.5946,19.2,79.4,8.7,1.2
2025-12-09,Bengaluru,Karnataka,South,12.9716,77.5946,24.2,69.3,14.2,3.1
2025-12-10,Bengaluru,Karnataka,South,12.9716,77.5946,20.5,55.4,9.7,0.0
2025-12-11,Bengaluru,Karnataka,South,12.9716,77.5946,21.0,73.2,6.5,1.4
2025-12-12,Bengaluru,Karnataka,South,12.9716,77.5946,20.0,72.8,15.0,1.0
2025-12-13,Bengaluru,Karnataka,South,12.9716,77.5946,24.4,72.3,9.7,4.5
2025-12-14,Bengaluru,Karnataka,South,12.9716,77.5946,21.7,73.5,17.4,0.1
2025-12-15,Bengaluru,Karnataka,South,12.9716,77.5946,22.7,74.4,15.0,0.1
2025-12-16,Bengaluru,Karnataka,South,12.9716,77.5946,19.6,64.3,13.1,1.1
2025-12-17,Bengaluru,Karnataka,South,12.9716,77.5946,23.3,72.1,12.4,6.9
2025-12-18,Bengaluru,Karnataka,South,12.9716,77.5946,21.9,59.4,14.7,0.9
2025-12-19,Bengaluru,Karnataka,South,12.9716,77.5946,18.7,74.0,14.0,0.8
2025-12-20,Bengaluru,Karnataka,South,12.9716,77.5946,23.1,70.0,20.0,0.7
2025-12-21,Bengaluru,Karnataka,South,12.9716,77.5946,23.0,55.9,13.4,0.1
2025-12-22,Bengaluru,Karnataka,South,12.9716,77.5946,21.8,64.6,9.2,0.3
2025-12-23,Bengaluru,Karnataka,South,12.9716,77.5946,18.2,62.6,9.2,5.5
2025-12-24,Bengaluru,Karnataka,South,12.9716,77.5946,23.6,62.6,2.5,1.1
2025-12-25,Bengaluru,Karnataka,South,12.9716,77.5946,23.7,64.1,15.4,0.5
2025-12-26,Bengaluru,Karnataka,South,12.9716,77.5946,19.5,69.6,14.7,0.7
2025-12-27,Bengaluru,Karnataka,South,12.9716,77.5946,24.9,72.0,20.2,1.7
2025-12-28,Bengaluru,Karnataka,South,12.9716,77.5946,25.1,67.1,9.6,1.3
2025-12-29,Bengaluru,Karnataka,South,12.9716,77.5946,24.9,64.5,15.5,0.3
2025-12-30,Bengaluru,Karnataka,South,12.9716,77.5946,20.8,66.7,12.2,0.7
2025-12-31,Bengaluru,Karnataka,South,12.9716,77.5946,20.0,70.1,15.6,0.4
2025-01-01,Hyderabad,Telangana,South,17.385,78.4867,24.0,53.8,10.0,0.7
2025-01-02,Hyderabad,Telangana,South,17.385,78.4867,22.8,71.7,16.2,0.5
2025-01-03,Hyderabad,Telangana,South,17.385,78.4867,20.3,65.8,5.8,1.1
2025-01-04,Hyderabad,Telangana,South,17.385,78.4867,22.9,64.3,17.4,3.8
2025-01-05,Hyderabad,Telangana,South,17.385,78.4867,23.6,68.1,6.3,3.9
2025-01-06,Hyderabad,Telangana,South,17.385,78.4867,24.7,63.9,11.7,0.6
2025-01-07,Hyderabad,Telangana,South,17.385,78.4867,23.8,61.7,9.9,4.8
2025-01-08,Hyderabad,Telangana,South,17.385,78.4867,26.2,76.5,18.4,5.9
2025-01-09,Hyderabad,Telangana,South,17.385,78.4867,21.4,63.8,10.7,0.8
2025-01-10,Hyderabad,Telangana,South,17.385,78.4867,24.1,47.4,9.6,0.8
2025-01-11,Hyderabad,Telangana,South,17.385,78.4867,26.5,65.9,13.1,0.5
2025-01-12,Hyderabad,Telangana,South,17.385,78.4867,25.7,60.8,11.1,1.2
2025-01-13,Hyderabad,Telangana,South,17.385,78.4867,23.1,61.0,10.1,1.1
2025-01-14,Hyderabad,Telangana,South,17.385,78.4867,25.4,66.6,14.8,1.6
2025-01-15,Hyderabad,Telangana,South,17.385,78.4867,22.9,57.1,9.5,0.7
2025-01-16,Hyderabad,Telangana,South,17.385,78.4867,22.1,61.7,18.3,2.2
2025-01-17,Hyderabad,Telangana,South,17.385,78.4867,23.6,59.4,7.5,1.4
2025-01-18,Hyderabad,Telangana,South,17.385,78.4867,25.8,75.9,1.6,1.4
2025-01-19,Hyderabad,Telangana,South,17.385,78.4867,22.5,71.7,2.8,4.4
2025-01-20,Hyderabad,Telangana,South,17.385,78.4867,27.3,67.8,18.8,1.7
2025-01-21,Hyderabad,Telangana,South,17.385,78.4867,27.0,62.1,10.3,0.2
2025-01-22,Hyderabad,Telangana,South,17.385,78.4867,25.1,62.0,17.4,0.6
2025-01-23,Hyderabad,Telangana,South,17.385,78.4867,24.5,57.1,8.6,1.9
2025-01-24,Hyderabad,Telangana,South,17.385,78.4867,24.9,70.1,13.2,0.2
2025-01-25,Hyderabad,Telangana,South,17.385,78.4867,25.2,46.5,10.5,0.2
2025-01-26,Hyderabad,Telangana,South,17.385,78.4867,26.0,67.5,12.4,1.8
2025-01-27,Hyderabad,Telangana,South,17.385,78.4867,28.0,64.9,13.1,0.2
2025-01-28,Hyderabad,Telangana,South,17.385,78.4867,27.9,55.5,7.4,0.3
2025-01-29,Hyderabad,Telangana,South,17.385,78.4867,26.7,60.7,14.5,0.4
2025-01-30,Hyderabad,Telangana,South,17.385,78.4867,27.3,69.6,11.0,0.3
2025-01-31,Hyderabad,Telangana,South,17.385,78.4867,24.9,57.7,21.7,0.0
2025-02-01,Hyderabad,Telangana,South,17.385,78.4867,26.1,61.3,8.7,0.3
2025-02-02,Hyderabad,Telangana,South,17.385,78.4867,25.0,66.6,11.0,2.1
2025-02-03,Hyderabad,Telangana,South,17.385,78.4867,27.8,58.8,8.8,2.1
2025-02-04,Hyderabad,Telangana,South,17.385,78.4867,27.9,60.2,15.3,2.6
2025-02-05,Hyderabad,Telangana,South,17.385,78.4867,26.2,57.6,5.8,6.3
2025-02-06,Hyderabad,Telangana,South,17.385,78.4867,28.0,53.6,2.9,2.4
2025-02-07,Hyderabad,Telangana,South,17.385,78.4867,22.7,62.5,12.7,4.0
2025-02-08,Hyderabad,Telangana,South,17.385,78.4867,25.7,53.6,18.1,0.3
2025-02-09,Hyderabad,Telangana,South,17.385,78.4867,29.8,54.9,12.3,3.6
2025-02-10,Hyderabad,Telangana,South,17.385,78.4867,22.6,59.4,8.6,0.5
2025-02-11,Hyderabad,Telangana,South,17.385,78.4867,29.6,50.7,12.3,0.7
2025-02-12,Hyderabad,Telangana,South,17.385,78.4867,26.9,53.4,13.6,2.7
2025-02-13,Hyderabad,Telangana,South,17.385,78.4867,28.1,58.9,11.0,0.1
2025-02-14,Hyderabad,Telangana,South,17.385,78.4867,28.7,64.8,18.6,0.1
2025-02-15,Hyderabad,Telangana,South,17.385,78.4867,28.4,52.1,10.6,0.1
2025-02-16,Hyderabad,Telangana,South,17.385,78.4867,26.2,67.6,11.2,3.1
2025-02-17,Hyderabad,Telangana,South,17.385,78.4867,26.6,57.6,14.6,0.5
2025-02-18,Hyderabad,Telangana,South,17.385,78.4867,28.0,64.3,8.7,2.6
2025-02-19,Hyderabad,Telangana,South,17.385,78.4867,28.1,61.9,1.0,5.3
2025-02-20,Hyderabad,Telangana,South,17.385,78.4867,31.0,60.8,14.0,0.3
2025-02-21,Hyderabad,Telangana,South,17.385,78.4867,28.2,65.2,7.8,4.1
2025-02-22,Hyderabad,Telangana,South,17.385,78.4867,31.6,50.8,14.4,1.1
2025-02-23,Hyderabad,Telangana,South,17.385,78.4867,30.7,58.3,17.4,3.1
2025-02-24,Hyderabad,Telangana,South,17.385,78.4867,28.8,56.4,1.4,2.4
2025-02-25,Hyderabad,Telangana,South,17.385,78.4867,28.0,60.9,11.0,2.9
2025-02-26,Hyderabad,Telangana,South,17.385,78.4867,30.5,65.9,10.8,0.3
2025-02-27,Hyderabad,Telangana,South,17.385,78.4867,28.7,53.9,10.4,2.4
2025-02-28,Hyderabad,Telangana,South,17.385,78.4867,31.1,59.2,8.8,2.6
2025-03-01,Hyderabad,Telangana,South,17.385,78.4867,25.0,53.6,11.1,5.5
2025-03-02,Hyderabad,Telangana,South,17.385,78.4867,31.2,58.2,11.8,2.7
2025-03-03,Hyderabad,Telangana,South,17.385,78.4867,28.2,56.4,15.6,2.5
2025-03-04,Hyderabad,Telangana,South,17.385,78.4867,27.6,54.8,9.8,1.4
2025-03-05,Hyderabad,Telangana,South,17.385,78.4867,30.4,49.4,11.3,2.4
2025-03-06,Hyderabad,Telangana,South,17.385,78.4867,30.7,61.4,13.1,0.0
2025-03-07,Hyderabad,Telangana,South,17.385,78.4867,28.4,51.5,13.5,0.0
2025-03-08,Hyderabad,Telangana,South,17.385,78.4867,32.1,55.9,8.1,1.4
2025-03-09,Hyderabad,Telangana,South,17.385,78.4867,31.3,40.1,22.0,5.5
2025-03-10,Hyderabad,Telangana,South,17.385,78.4867,31.1,57.8,9.9,2.4
2025-03-11,Hyderabad,Telangana,South,17.385,78.4867,32.9,47.6,10.8,0.0
2025-03-12,Hyderabad,Telangana,South,17.385,78.4867,35.0,54.9,14.9,0.0
2025-03-13,Hyderabad,Telangana,South,17.385,78.4867,33.4,58.0,11.0,7.5
2025-03-14,Hyderabad,Telangana,South,17.385,78.4867,32.3,54.4,7.6,0.5
2025-03-15,Hyderabad,Telangana,South,17.385,78.4867,30.4,37.1,13.2,0.0
2025-03-16,Hyderabad,Telangana,South,17.385,78.4867,33.3,52.4,11.5,0.0
2025-03-17,Hyderabad,Telangana,South,17.385,78.4867,31.1,59.7,12.6,0.0
2025-03-18,Hyderabad,Telangana,South,17.385,78.4867,30.6,59.3,17.1,0.3
2025-03-19,Hyderabad,Telangana,South,17.385,78.4867,34.8,50.6,10.0,1.4
2025-03-20,Hyderabad,Telangana,South,17.385,78.4867,32.6,41.7,10.5,0.0
2025-03-21,Hyderabad,Telangana,South,17.385,78.4867,30.5,55.2,11.8,0.0
2025-03-22,Hyderabad,Telangana,South,17.385,78.4867,32.1,47.5,4.5,0.0
2025-03-23,Hyderabad,Telangana,South,17.385,78.4867,33.9,51.7,1.0,0.0
2025-03-24,Hyderabad,Telangana,South,17.385,78.4867,36.2,47.1,13.6,0.0
2025-03-25,Hyderabad,Telangana,South,17.385,78.4867,36.4,44.9,9.9,0.3
2025-03-26,Hyderabad,Telangana,South,17.385,78.4867,31.9,33.2,16.4,0.0
2025-03-27,Hyderabad,Telangana,South,17.385,78.4867,34.0,50.5,8.1,0.0
2025-03-28,Hyderabad,Telangana,South,17.385,78.4867,37.8,52.5,16.9,0.0
2025-03-29,Hyderabad,Telangana,South,17.385,78.4867,33.7,51.6,18.0,0.0
2025-03-30,Hyderabad,Telangana,South,17.385,78.4867,32.0,49.3,10.7,0.0
2025-03-31,Hyderabad,Telangana,South,17.385,78.4867,36.6,49.2,13.4,0.0
2025-04-01,Hyderabad,Telangana,South,17.385,78.4867,33.9,48.2,8.6,0.0
2025-04-02,Hyderabad,Telangana,South,17.385,78.4867,31.8,44.5,7.7,0.0
2025-04-03,Hyderabad,Telangana,South,17.385,78.4867,36.9,53.0,15.0,0.0
2025-04-04,Hyderabad,Telangana,South,17.385,78.4867,31.4,61.4,9.3,0.0
2025-04-05,Hyderabad,Telangana,South,17.385,78.4867,33.9,54.1,4.0,0.0
2025-04-06,Hyderabad,Telangana,South,17.385,78.4867,36.7,40.9,12.7,0.0
2025-04-07,Hyderabad,Telangana,South,17.385,78.4867,35.6,55.3,21.3,0.0
2025-04-08,Hyderabad,Telangana,South,17.385,78.4867,33.0,36.7,14.4,0.0
2025-04-09,Hyderabad,Telangana,South,17.385,78.4867,39.3,48.1,9.8,0.0
2025-04-10,Hyderabad,Telangana,South,17.385,78.4867,37.0,39.9,10.1,0.0
2025-04-11,Hyderabad,Telangana,South,17.385,78.4867,33.5,43.2,13.0,0.0
2025-04-12,Hyderabad,Telangana,South,17.385,78.4867,34.4,43.4,8.1,4.9
2025-04-13,Hyderabad,Telangana,South,17.385,78.4867,35.1,49.9,9.8,0.0
2025-04-14,Hyderabad,Telangana,South,17.385,78.4867,35.4,47.2,11.7,0.0
2025-04-15,Hyderabad,Telangana,South,17.385,78.4867,33.2,54.2,19.4,0.0
2025-04-16,Hyderabad,Telangana,South,17.385,78.4867,34.5,48.0,15.4,0.0
2025-04-17,Hyderabad,Telangana,South,17.385,78.4867,34.0,51.6,12.1,0.0
2025-04-18,Hyderabad,Telangana,South,17.385,78.4867,38.5,38.2,9.9,0.0
2025-04-19,Hyderabad,Telangana,South,17.385,78.4867,38.3,55.1,10.6,0.0
2025-04-20,Hyderabad,Telangana,South,17.385,78.4867,34.8,42.9,10.3,0.0
2025-04-21,Hyderabad,Telangana,South,17.385,78.4867,35.7,41.7,5.3,0.0
2025-04-22,Hyderabad,Telangana,South,17.385,78.4867,35.1,38.7,14.4,0.0
2025-04-23,Hyderabad,Telangana,South,17.385,78.4867,38.4,52.6,14.9,0.0
2025-04-24,Hyderabad,Telangana,South,17.385,78.4867,37.2,48.4,10.1,0.0
2025-04-25,Hyderabad,Telangana,South,17.385,78.4867,36.8,43.0,16.7,0.0
2025-04-26,Hyderabad,Telangana,South,17.385,78.4867,38.7,47.2,12.5,0.0
2025-04-27,Hyderabad,Telangana,South,17.385,78.4867,35.6,55.1,16.5,0.0
2025-04-28,Hyderabad,Telangana,South,17.385,78.4867,36.0,42.0,11.4,0.0
2025-04-29,Hyderabad,Telangana,South,17.385,78.4867,36.8,37.9,15.0,0.0
2025-04-30,Hyderabad,Telangana,South,17.385,78.4867,33.8,46.2,15.5,0.0
2025-05-01,Hyderabad,Telangana,South,17.385,78.4867,36.7,42.5,12.4,0.0
2025-05-02,Hyderabad,Telangana,South,17.385,78.4867,34.8,40.6,9.2,0.0
2025-05-03,Hyderabad,Telangana,South,17.385,78.4867,38.0,33.3,9.0,0.0
2025-05-04,Hyderabad,Telangana,South,17.385,78.4867,35.1,34.7,12.8,0.0
2025-05-05,Hyderabad,Telangana,South,17.385,78.4867,37.5,49.0,20.0,0.0
2025-05-06,Hyderabad,Telangana,South,17.385,78.4867,35.4,45.0,14.4,0.0
2025-05-07,Hyderabad,Telangana,South,17.385,78.4867,38.5,40.5,8.7,0.0
2025-05-08,Hyderabad,Telangana,South,17.385,78.4867,35.3,44.2,7.3,0.0
2025-05-09,Hyderabad,Telangana,South,17.385,78.4867,36.6,48.6,13.8,0.0
2025-05-10,Hyderabad,Telangana,South,17.385,78.4867,36.5,44.3,13.0,0.0
2025-05-11,Hyderabad,Telangana,South,17.385,78.4867,36.6,43.1,17.4,0.0
2025-05-12,Hyderabad,Telangana,South,17.385,78.4867,36.6,39.6,13.2,0.0
2025-05-13,Hyderabad,Telangana,South,17.385,78.4867,36.9,45.9,7.8,0.0
2025-05-14,Hyderabad,Telangana,South,17.385,78.4867,35.1,45.4,14.7,0.0
2025-05-15,Hyderabad,Telangana,South,17.385,78.4867,36.6,40.9,19.4,0.0
2025-05-16,Hyderabad,Telangana,South,17.385,78.4867,37.8,46.2,11.0,0.0
2025-05-17,Hyderabad,Telangana,South,17.385,78.4867,35.9,42.1,13.1,0.0
2025-05-18,Hyderabad,Telangana,South,17.385,78.4867,36.4,47.3,18.6,0.0
2025-05-19,Hyderabad,Telangana,South,17.385,78.4867,39.2,49.5,16.1,0.0
2025-05-20,Hyderabad,Telangana,South,17.385,78.4867,39.3,41.2,12.6,0.0
2025-05-21,Hyderabad,Telangana,South,17.385,78.4867,37.1,45.7,15.9,0.0
2025-05-22,Hyderabad,Telangana,South,17.385,78.4867,39.2,45.7,11.4,0.0
2025-05-23,Hyderabad,Telangana,South,17.385,78.4867,38.0,38.7,17.7,0.0
2025-05-24,Hyderabad,Telangana,South,17.385,78.4867,39.9,42.8,10.3,0.0
2025-05-25,Hyderabad,Telangana,South,17.385,78.4867,37.5,43.6,4.2,0.0
2025-05-26,Hyderabad,Telangana,South,17.385,78.4867,38.4,45.4,12.9,0.0
2025-05-27,Hyderabad,Telangana,South,17.385,78.4867,38.9,42.2,4.2,0.0
2025-05-28,Hyderabad,Telangana,South,17.385,78.4867,37.6,47.1,18.4,0.0
2025-05-29,Hyderabad,Telangana,South,17.385,78.4867,37.0,49.4,13.3,0.0
2025-05-30,Hyderabad,Telangana,South,17.385,78.4867,40.9,36.8,11.9,0.0
2025-05-31,Hyderabad,Telangana,South,17.385,78.4867,36.2,38.8,8.0,0.0
2025-06-01,Hyderabad,Telangana,South,17.385,78.4867,36.3,38.9,20.0,0.0
2025-06-02,Hyderabad,Telangana,South,17.385,78.4867,38.8,51.2,9.9,0.0
2025-06-03,Hyderabad,Telangana,South,17.385,78.4867,37.0,43.8,9.2,0.0
2025-06-04,Hyderabad,Telangana,South,17.385,78.4867,37.7,36.6,2.5,0.0
2025-06-05,Hyderabad,Telangana,South,17.385,78.4867,41.2,41.2,15.1,0.0
2025-06-06,Hyderabad,Telangana,South,17.385,78.4867,34.1,50.4,5.7,0.0
2025-06-07,Hyderabad,Telangana,South,17.385,78.4867,38.8,53.2,11.0,0.0
2025-06-08,Hyderabad,Telangana,South,17.385,78.4867,40.4,36.4,14.7,0.0
2025-06-09,Hyderabad,Telangana,South,17.385,78.4867,37.4,43.6,20.1,0.0
2025-06-10,Hyderabad,Telangana,South,17.385,78.4867,35.6,40.9,14.6,0.0
2025-06-11,Hyderabad,Telangana,South,17.385,78.4867,37.1,45.0,14.1,0.0
2025-06-12,Hyderabad,Telangana,South,17.385,78.4867,38.9,40.1,13.4,0.0
2025-06-13,Hyderabad,Telangana,South,17.385,78.4867,34.5,40.0,11.5,0.0
2025-06-14,Hyderabad,Telangana,South,17.385,78.4867,40.1,37.8,9.0,0.0
2025-06-15,Hyderabad,Telangana,South,17.385,78.4867,39.2,55.2,20.8,0.0
2025-06-16,Hyderabad,Telangana,South,17.385,78.4867,37.9,47.6,12.3,0.0
2025-06-17,Hyderabad,Telangana,South,17.385,78.4867,37.4,47.5,7.5,0.0
2025-06-18,Hyderabad,Telangana,South,17.385,78.4867,37.1,39.0,15.0,0.0
2025-06-19,Hyderabad,Telangana,South,17.385,78.4867,41.2,51.1,12.8,0.0
2025-06-20,Hyderabad,Telangana,South,17.385,78.4867,38.5,50.8,13.2,0.0
2025-06-21,Hyderabad,Telangana,South,17.385,78.4867,39.5,51.0,3.0,0.0
2025-06-22,Hyderabad,Telangana,South,17.385,78.4867,36.4,43.0,7.9,0.0
2025-06-23,Hyderabad,Telangana,South,17.385,78.4867,41.4,47.5,12.5,0.0
2025-06-24,Hyderabad,Telangana,South,17.385,78.4867,38.0,56.3,15.7,0.0
2025-06-25,Hyderabad,Telangana,South,17.385,78.4867,37.8,37.7,17.1,0.0
2025-06-26,Hyderabad,Telangana,South,17.385,78.4867,36.5,42.2,7.8,0.0
2025-06-27,Hyderabad,Telangana,South,17.385,78.4867,35.3,38.7,12.5,0.0
2025-06-28,Hyderabad,Telangana,South,17.385,78.4867,39.9,32.0,20.7,0.0
2025-06-29,Hyderabad,Telangana,South,17.385,78.4867,38.5,51.1,11.8,0.0
2025-06-30,Hyderabad,Telangana,South,17.385,78.4867,37.2,40.5,12.5,0.0
2025-07-01,Hyderabad,Telangana,South,17.385,78.4867,37.1,39.8,13.7,0.0
2025-07-02,Hyderabad,Telangana,South,17.385,78.4867,36.5,42.8,14.4,0.0
2025-07-03,Hyderabad,Telangana,South,17.385,78.4867,33.5,52.6,10.2,0.0
2025-07-04,Hyderabad,Telangana,South,17.385,78.4867,37.4,40.2,18.6,0.0
2025-07-05,Hyderabad,Telangana,South,17.385,78.4867,36.7,56.3,18.3,0.0
2025-07-06,Hyderabad,Telangana,South,17.385,78.4867,37.7,44.9,10.3,0.0
2025-07-07,Hyderabad,Telangana,South,17.385,78.4867,37.1,43.4,6.8,0.0
2025-07-08,Hyderabad,Telangana,South,17.385,78.4867,38.6,59.5,12.0,0.0
2025-07-09,Hyderabad,Telangana,South,17.385,78.4867,35.4,44.1,11.6,0.0
2025-07-10,Hyderabad,Telangana,South,17.385,78.4867,35.1,43.2,8.7,0.0
2025-07-11,Hyderabad,Telangana,South,17.385,78.4867,35.9,49.4,5.4,0.0
2025-07-12,Hyderabad,Telangana,South,17.385,78.4867,36.1,44.5,7.7,0.0
2025-07-13,Hyderabad,Telangana,South,17.385,78.4867,35.8,45.0,4.9,0.0
2025-07-14,Hyderabad,Telangana,South,17.385,78.4867,37.7,48.1,9.9,0.0
2025-07-15,Hyderabad,Telangana,South,17.385,78.4867,33.9,43.6,17.5,0.0
2025-07-16,Hyderabad,Telangana,South,17.385,78.4867,36.6,45.3,10.3,0.0
2025-07-17,Hyderabad,Telangana,South,17.385,78.4867,34.7,54.7,12.2,0.0
2025-07-18,Hyderabad,Telangana,South,17.385,78.4867,38.0,52.5,13.0,0.0
2025-07-19,Hyderabad,Telangana,South,17.385,78.4867,37.7,48.1,15.8,0.0
2025-07-20,Hyderabad,Telangana,South,17.385,78.4867,33.4,51.7,13.8,0.0
2025-07-21,Hyderabad,Telangana,South,17.385,78.4867,35.8,42.3,11.8,1.2
2025-07-22,Hyderabad,Telangana,South,17.385,78.4867,36.2,50.7,15.7,0.0
2025-07-23,Hyderabad,Telangana,South,17.385,78.4867,35.5,51.1,16.0,0.0
2025-07-24,Hyderabad,Telangana,South,17.385,78.4867,33.8,55.2,7.9,0.0
2025-07-25,Hyderabad,Telangana,South,17.385,78.4867,37.2,47.8,12.2,0.1
2025-07-26,Hyderabad,Telangana,South,17.385,78.4867,33.3,50.6,9.2,0.0
2025-07-27,Hyderabad,Telangana,South,17.385,78.4867,37.2,47.7,6.7,0.0
2025-07-28,Hyderabad,Telangana,South,17.385,78.4867,34.9,49.5,14.8,0.0
2025-07-29,Hyderabad,Telangana,South,17.385,78.4867,32.5,45.1,12.9,0.0
2025-07-30,Hyderabad,Telangana,South,17.385,78.4867,31.2,59.5,13.5,0.0
2025-07-31,Hyderabad,Telangana,South,17.385,78.4867,35.0,44.8,12.7,0.0
2025-08-01,Hyderabad,Telangana,South,17.385,78.4867,33.1,50.3,19.0,1.7
2025-08-02,Hyderabad,Telangana,South,17.385,78.4867,36.5,53.8,14.6,0.0
2025-08-03,Hyderabad,Telangana,South,17.385,78.4867,30.9,46.8,11.6,0.0
2025-08-04,Hyderabad,Telangana,South,17.385,78.4867,33.3,45.4,10.5,0.0
2025-08-05,Hyderabad,Telangana,South,17.385,78.4867,35.4,50.5,20.6,0.0
2025-08-06,Hyderabad,Telangana,South,17.385,78.4867,35.1,58.9,5.8,0.0
2025-08-07,Hyderabad,Telangana,South,17.385,78.4867,32.6,49.2,13.4,0.0
2025-08-08,Hyderabad,Telangana,South,17.385,78.4867,31.4,40.1,12.2,0.0
2025-08-09,Hyderabad,Telangana,South,17.385,78.4867,34.6,50.4,6.7,2.0
2025-08-10,Hyderabad,Telangana,South,17.385,78.4867,30.0,53.0,11.8,0.0
2025-08-11,Hyderabad,Telangana,South,17.385,78.4867,32.5,51.5,10.1,0.0
2025-08-12,Hyderabad,Telangana,South,17.385,78.4867,32.8,60.1,13.4,0.0
2025-08-13,Hyderabad,Telangana,South,17.385,78.4867,32.3,39.5,13.8,0.0
2025-08-14,Hyderabad,Telangana,South,17.385,78.4867,30.8,52.1,16.8,0.6
2025-08-15,Hyderabad,Telangana,South,17.385,78.4867,34.8,50.0,9.8,0.0
2025-08-16,Hyderabad,Telangana,South,17.385,78.4867,32.8,46.9,11.3,1.6
2025-08-17,Hyderabad,Telangana,South,17.385,78.4867,31.1,55.9,16.9,2.1
2025-08-18,Hyderabad,Telangana,South,17.385,78.4867,32.2,63.4,5.9,2.8
2025-08-19,Hyderabad,Telangana,South,17.385,78.4867,34.8,51.4,11.5,0.0
2025-08-20,Hyderabad,Telangana,South,17.385,78.4867,32.4,58.9,13.9,0.0
2025-08-21,Hyderabad,Telangana,South,17.385,78.4867,30.5,39.3,12.8,2.6
2025-08-22,Hyderabad,Telangana,South,17.385,78.4867,30.2,51.4,16.3,0.8
2025-08-23,Hyderabad,Telangana,South,17.385,78.4867,29.4,52.7,11.7,1.0
2025-08-24,Hyderabad,Telangana,South,17.385,78.4867,29.1,62.1,13.4,0.0
2025-08-25,Hyderabad,Telangana,South,17.385,78.4867,28.4,49.7,18.5,0.0
2025-08-26,Hyderabad,Telangana,South,17.385,78.4867,32.1,57.4,16.5,2.4
2025-08-27,Hyderabad,Telangana,South,17.385,78.4867,27.9,67.6,17.1,2.6
2025-08-28,Hyderabad,Telangana,South,17.385,78.4867,34.7,57.9,16.2,0.1
2025-08-29,Hyderabad,Telangana,South,17.385,78.4867,30.4,50.9,10.5,3.1
2025-08-30,Hyderabad,Telangana,South,17.385,78.4867,27.0,48.5,10.7,0.0
2025-08-31,Hyderabad,Telangana,South,17.385,78.4867,31.4,56.1,2.2,0.2
2025-09-01,Hyderabad,Telangana,South,17.385,78.4867,32.3,56.0,6.0,0.8
2025-09-02,Hyderabad,Telangana,South,17.385,78.4867,27.5,45.3,10.5,4.5
2025-09-03,Hyderabad,Telangana,South,17.385,78.4867,29.3,50.4,15.7,0.5
2025-09-04,Hyderabad,Telangana,South,17.385,78.4867,29.1,50.3,13.4,6.2
2025-09-05,Hyderabad,Telangana,South,17.385,78.4867,32.5,63.6,4.4,0.5
2025-09-06,Hyderabad,Telangana,South,17.385,78.4867,27.8,59.2,12.5,0.9
2025-09-07,Hyderabad,Telangana,South,17.385,78.4867,28.8,59.6,9.2,2.5
2025-09-08,Hyderabad,Telangana,South,17.385,78.4867,24.9,55.5,19.2,1.5
2025-09-09,Hyderabad,Telangana,South,17.385,78.4867,30.2,44.9,19.0,2.5
2025-09-10,Hyderabad,Telangana,South,17.385,78.4867,29.6,61.5,9.0,0.0
2025-09-11,Hyderabad,Telangana,South,17.385,78.4867,27.6,59.0,12.8,1.1
2025-09-12,Hyderabad,Telangana,South,17.385,78.4867,31.6,60.7,6.7,3.8
2025-09-13,Hyderabad,Telangana,South,17.385,78.4867,25.7,53.4,21.3,1.1
2025-09-14,Hyderabad,Telangana,South,17.385,78.4867,28.8,58.2,16.2,0.1
2025-09-15,Hyderabad,Telangana,South,17.385,78.4867,27.5,49.0,8.0,7.5
2025-09-16,Hyderabad,Telangana,South,17.385,78.4867,29.2,60.3,4.1,0.0
2025-09-17,Hyderabad,Telangana,South,17.385,78.4867,28.2,60.2,16.6,3.4
2025-09-18,Hyderabad,Telangana,South,17.385,78.4867,25.6,60.5,12.8,4.0
2025-09-19,Hyderabad,Telangana,South,17.385,78.4867,29.3,50.3,13.0,0.2
2025-09-20,Hyderabad,Telangana,South,17.385,78.4867,30.5,50.6,10.1,0.0
2025-09-21,Hyderabad,Telangana,South,17.385,78.4867,28.6,53.0,19.3,0.6
2025-09-22,Hyderabad,Telangana,South,17.385,78.4867,28.0,69.5,14.2,3.6
2025-09-23,Hyderabad,Telangana,South,17.385,78.4867,29.9,57.7,8.0,0.4
2025-09-24,Hyderabad,Telangana,South,17.385,78.4867,25.6,57.7,11.6,0.7
2025-09-25,Hyderabad,Telangana,South,17.385,78.4867,29.0,67.9,11.2,1.7
2025-09-26,Hyderabad,Telangana,South,17.385,78.4867,25.9,55.4,5.0,2.5
2025-09-27,Hyderabad,Telangana,South,17.385,78.4867,26.3,62.9,18.9,0.1
2025-09-28,Hyderabad,Telangana,South,17.385,78.4867,26.7,64.4,10.0,4.0
2025-09-29,Hyderabad,Telangana,South,17.385,78.4867,23.7,52.0,8.8,0.2
2025-09-30,Hyderabad,Telangana,South,17.385,78.4867,27.9,56.8,6.3,0.1
2025-10-01,Hyderabad,Telangana,South,17.385,78.4867,29.1,60.1,8.9,1.2
2025-10-02,Hyderabad,Telangana,South,17.385,78.4867,25.9,59.6,12.5,0.1
2025-10-03,Hyderabad,Telangana,South,17.385,78.4867,23.6,58.4,12.5,0.7
2025-10-04,Hyderabad,Telangana,South,17.385,78.4867,26.9,56.2,17.8,0.3
2025-10-05,Hyderabad,Telangana,South,17.385,78.4867,26.8,54.2,9.6,2.3
2025-10-06,Hyderabad,Telangana,South,17.385,78.4867,24.3,65.2,15.3,2.1
2025-10-07,Hyderabad,Telangana,South,17.385,78.4867,24.7,54.9,7.3,0.5
2025-10-08,Hyderabad,Telangana,South,17.385,78.4867,21.9,62.4,7.2,5.3
2025-10-09,Hyderabad,Telangana,South,17.385,78.4867,24.2,61.7,7.8,0.6
2025-10-10,Hyderabad,Telangana,South,17.385,78.4867,26.8,69.6,8.3,3.4
2025-10-11,Hyderabad,Telangana,South,17.385,78.4867,21.8,67.8,9.0,5.4
2025-10-12,Hyderabad,Telangana,South,17.385,78.4867,24.1,61.5,12.3,2.2
2025-10-13,Hyderabad,Telangana,South,17.385,78.4867,25.5,62.7,10.3,2.5
2025-10-14,Hyderabad,Telangana,South,17.385,78.4867,25.3,55.0,11.7,2.4
2025-10-15,Hyderabad,Telangana,South,17.385,78.4867,23.6,63.6,17.2,0.3
2025-10-16,Hyderabad,Telangana,South,17.385,78.4867,26.9,69.6,4.9,0.3
2025-10-17,Hyderabad,Telangana,South,17.385,78.4867,28.4,66.8,5.6,3.3
2025-10-18,Hyderabad,Telangana,South,17.385,78.4867,22.9,62.8,10.7,0.1
2025-10-19,Hyderabad,Telangana,South,17.385,78.4867,22.9,59.0,10.4,3.0
2025-10-20,Hyderabad,Telangana,South,17.385,78.4867,24.6,56.9,16.8,1.6
2025-10-21,Hyderabad,Telangana,South,17.385,78.4867,22.0,63.2,12.6,4.2
2025-10-22,Hyderabad,Telangana,South,17.385,78.4867,25.4,61.6,10.5,3.6
2025-10-23,Hyderabad,Telangana,South,17.385,78.4867,23.9,71.2,11.7,3.5
2025-10-24,Hyderabad,Telangana,South,17.385,78.4867,23.6,78.0,11.5,1.1
2025-10-25,Hyderabad,Telangana,South,17.385,78.4867,21.4,60.8,15.0,0.9
2025-10-26,Hyderabad,Telangana,South,17.385,78.4867,25.3,65.8,9.6,1.4
2025-10-27,Hyderabad,Telangana,South,17.385,78.4867,25.6,63.4,2.3,0.4
2025-10-28,Hyderabad,Telangana,South,17.385,78.4867,23.5,66.8,17.0,0.2
2025-10-29,Hyderabad,Telangana,South,17.385,78.4867,21.5,76.4,18.1,0.1
2025-10-30,Hyderabad,Telangana,South,17.385,78.4867,24.3,74.6,13.5,1.4
2025-10-31,Hyderabad,Telangana,South,17.385,78.4867,24.7,66.6,15.7,3.8
2025-11-01,Hyderabad,Telangana,South,17.385,78.4867,24.0,71.7,13.8,2.4
2025-11-02,Hyderabad,Telangana,South,17.385,78.4867,23.3,64.0,9.8,1.0
2025-11-03,Hyderabad,Telangana,South,17.385,78.4867,21.7,58.9,7.3,0.4
2025-11-04,Hyderabad,Telangana,South,17.385,78.4867,25.6,64.8,13.0,1.1
2025-11-05,Hyderabad,Telangana,South,17.385,78.4867,23.3,60.3,16.0,0.1
2025-11-06,Hyderabad,Telangana,South,17.385,78.4867,24.8,74.0,13.9,0.3
2025-11-07,Hyderabad,Telangana,South,17.385,78.4867,24.9,68.2,16.0,3.3
2025-11-08,Hyderabad,Telangana,South,17.385,78.4867,21.3,72.1,11.2,1.2
2025-11-09,Hyderabad,Telangana,South,17.385,78.4867,22.0,73.9,7.5,0.3
2025-11-10,Hyderabad,Telangana,South,17.385,78.4867,24.9,60.5,13.8,0.0
2025-11-11,Hyderabad,Telangana,South,17.385,78.4867,21.0,69.1,8.9,2.5
2025-11-12,Hyderabad,Telangana,South,17.385,78.4867,21.8,79.6,16.4,6.8
2025-11-13,Hyderabad,Telangana,South,17.385,78.4867,23.6,67.6,13.0,2.4
2025-11-14,Hyderabad,Telangana,South,17.385,78.4867,20.5,67.7,13.5,3.3
2025-11-15,Hyderabad,Telangana,South,17.385,78.4867,21.6,60.0,20.2,0.1
2025-11-16,Hyderabad,Telangana,South,17.385,78.4867,20.8,55.9,15.1,0.2
2025-11-17,Hyderabad,Telangana,South,17.385,78.4867,22.2,53.0,13.3,9.2
2025-11-18,Hyderabad,Telangana,South,17.385,78.4867,21.9,73.3,12.0,0.4
2025-11-19,Hyderabad,Telangana,South,17.385,78.4867,22.2,57.8,13.2,2.0
2025-11-20,Hyderabad,Telangana,South,17.385,78.4867,20.4,60.5,11.3,0.2
2025-11-21,Hyderabad,Telangana,South,17.385,78.4867,21.5,78.1,12.0,2.8
2025-11-22,Hyderabad,Telangana,South,17.385,78.4867,21.8,64.0,9.7,0.9
2025-11-23,Hyderabad,Telangana,South,17.385,78.4867,21.5,72.6,6.3,4.3
2025-11-24,Hyderabad,Telangana,South,17.385,78.4867,25.0,65.1,10.6,0.2
2025-11-25,Hyderabad,Telangana,South,17.385,78.4867,21.3,70.0,4.6,8.8
2025-11-26,Hyderabad,Telangana,South,17.385,78.4867,21.1,74.5,19.6,3.5
2025-11-27,Hyderabad,Telangana,South,17.385,78.4867,24.1,69.8,18.5,2.2
2025-11-28,Hyderabad,Telangana,South,17.385,78.4867,21.0,69.3,14.5,3.8
2025-11-29,Hyderabad,Telangana,South,17.385,78.4867,20.2,68.8,11.8,0.5
2025-11-30,Hyderabad,Telangana,South,17.385,78.4867,18.7,59.5,11.3,1.3
2025-12-01,Hyderabad,Telangana,South,17.385,78.4867,22.6,67.6,6.5,3.9
2025-12-02,Hyderabad,Telangana,South,17.385,78.4867,23.7,63.4,8.8,0.4
2025-12-03,Hyderabad,Telangana,South,17.385,78.4867,23.5,76.5,15.1,1.0
2025-12-04,Hyderabad,Telangana,South,17.385,78.4867,20.3,72.6,10.1,0.8
2025-12-05,Hyderabad,Telangana,South,17.385,78.4867,22.0,79.3,22.8,0.5
2025-12-06,Hyderabad,Telangana,South,17.385,78.4867,20.7,72.9,5.6,1.1
2025-12-07,Hyderabad,Telangana,South,17.385,78.4867,23.1,70.2,7.2,1.1
2025-12-08,Hyderabad,Telangana,South,17.385,78.4867,19.7,66.2,5.1,2.1
2025-12-09,Hyderabad,Telangana,South,17.385,78.4867,25.0,67.1,14.5,3.1
2025-12-10,Hyderabad,Telangana,South,17.385,78.4867,22.5,67.6,14.3,4.7
2025-12-11,Hyderabad,Telangana,South,17.385,78.4867,21.2,57.3,8.3,6.1
2025-12-12,Hyderabad,Telangana,South,17.385,78.4867,19.6,75.8,9.4,0.4
2025-12-13,Hyderabad,Telangana,South,17.385,78.4867,24.0,80.3,18.0,3.5
2025-12-14,Hyderabad,Telangana,South,17.385,78.4867,24.6,65.6,14.8,0.5
2025-12-15,Hyderabad,Telangana,South,17.385,78.4867,19.1,72.8,10.7,0.5
2025-12-16,Hyderabad,Telangana,South,17.385,78.4867,21.2,71.8,8.6,2.1
2025-12-17,Hyderabad,Telangana,South,17.385,78.4867,23.9,60.4,17.2,1.3
2025-12-18,Hyderabad,Telangana,South,17.385,78.4867,23.4,65.7,8.1,0.9
2025-12-19,Hyderabad,Telangana,South,17.385,78.4867,21.4,73.8,16.2,5.2
2025-12-20,Hyderabad,Telangana,South,17.385,78.4867,21.8,70.2,18.5,5.0
2025-12-21,Hyderabad,Telangana,South,17.385,78.4867,21.9,62.3,4.2,4.6
2025-12-22,Hyderabad,Telangana,South,17.385,78.4867,22.0,52.9,8.9,0.9
2025-12-23,Hyderabad,Telangana,South,17.385,78.4867,20.5,65.6,18.2,0.0
2025-12-24,Hyderabad,Telangana,South,17.385,78.4867,21.1,75.4,17.2,1.3
2025-12-25,Hyderabad,Telangana,South,17.385,78.4867,25.6,61.8,18.5,2.5
2025-12-26,Hyderabad,Telangana,South,17.385,78.4867,21.2,62.3,14.1,0.5
2025-12-27,Hyderabad,Telangana,South,17.385,78.4867,21.4,56.0,11.3,1.7
2025-12-28,Hyderabad,Telangana,South,17.385,78.4867,21.2,73.0,16.7,0.2
2025-12-29,Hyderabad,Telangana,South,17.385,78.4867,23.6,59.6,16.7,0.3
2025-12-30,Hyderabad,Telangana,South,17.385,78.4867,20.3,67.0,12.2,1.8
2025-12-31,Hyderabad,Telangana,South,17.385,78.4867,21.4,59.9,15.5,3.7
2025-01-01,Vijayawada,Andhra Pradesh,South,16.5062,80.648,23.1,69.1,12.6,0.1
2025-01-02,Vijayawada,Andhra Pradesh,South,16.5062,80.648,26.1,61.5,11.0,9.0
2025-01-03,Vijayawada,Andhra Pradesh,South,16.5062,80.648,24.4,57.5,15.7,0.5
2025-01-04,Vijayawada,Andhra Pradesh,South,16.5062,80.648,21.0,63.1,12.9,4.5
2025-01-05,Vijayawada,Andhra Pradesh,South,16.5062,80.648,24.3,70.3,12.6,0.6
2025-01-06,Vijayawada,Andhra Pradesh,South,16.5062,80.648,21.3,67.1,6.3,0.9
2025-01-07,Vijayawada,Andhra Pradesh,South,16.5062,80.648,23.8,57.8,17.8,0.2
2025-01-08,Vijayawada,Andhra Pradesh,South,16.5062,80.648,22.4,58.1,20.1,1.0
2025-01-09,Vijayawada,Andhra Pradesh,South,16.5062,80.648,23.0,69.8,13.4,1.7
2025-01-10,Vijayawada,Andhra Pradesh,South,16.5062,80.648,24.1,55.2,9.3,5.4
2025-01-11,Vijayawada,Andhra Pradesh,South,16.5062,80.648,26.0,71.6,16.6,2.5
2025-01-12,Vijayawada,Andhra Pradesh,South,16.5062,80.648,23.6,68.3,5.7,1.1
2025-01-13,Vijayawada,Andhra Pradesh,South,16.5062,80.648,24.2,57.5,7.1,1.3
2025-01-14,Vijayawada,Andhra Pradesh,South,16.5062,80.648,21.9,66.2,7.3,0.5
2025-01-15,Vijayawada,Andhra Pradesh,South,16.5062,80.648,24.2,61.3,6.8,3.1
2025-01-16,Vijayawada,Andhra Pradesh,South,16.5062,80.648,23.9,61.0,12.3,6.6
2025-01-17,Vijayawada,Andhra Pradesh,South,16.5062,80.648,23.6,52.1,16.0,1.3
2025-01-18,Vijayawada,Andhra Pradesh,South,16.5062,80.648,22.9,57.6,15.2,0.3
2025-01-19,Vijayawada,Andhra Pradesh,South,16.5062,80.648,27.3,62.9,8.1,3.6
2025-01-20,Vijayawada,Andhra Pradesh,South,16.5062,80.648,23.1,64.8,7.9,6.2
2025-01-21,Vijayawada,Andhra Pradesh,South,16.5062,80.648,23.4,60.1,14.9,3.7
2025-01-22,Vijayawada,Andhra Pradesh,South,16.5062,80.648,23.0,58.4,9.7,0.0
2025-01-23,Vijayawada,Andhra Pradesh,South,16.5062,80.648,26.7,61.1,10.4,3.0
2025-01-24,Vijayawada,Andhra Pradesh,South,16.5062,80.648,22.9,63.9,21.7,1.8
2025-01-25,Vijayawada,Andhra Pradesh,South,16.5062,80.648,25.3,56.5,4.5,1.6
2025-01-26,Vijayawada,Andhra Pradesh,South,16.5062,80.648,25.8,72.6,18.9,3.8
2025-01-27,Vijayawada,Andhra Pradesh,South,16.5062,80.648,26.2,47.1,15.1,0.6
2025-01-28,Vijayawada,Andhra Pradesh,South,16.5062,80.648,24.7,61.2,11.9,1.4
2025-01-29,Vijayawada,Andhra Pradesh,South,16.5062,80.648,26.0,52.4,11.1,1.8
2025-01-30,Vijayawada,Andhra Pradesh,South,16.5062,80.648,24.0,60.2,9.5,0.7
2025-01-31,Vijayawada,Andhra Pradesh,South,16.5062,80.648,27.1,52.4,19.1,0.3
2025-02-01,Vijayawada,Andhra Pradesh,South,16.5062,80.648,28.3,55.2,9.3,1.6
2025-02-02,Vijayawada,Andhra Pradesh,South,16.5062,80.648,22.7,57.8,11.5,7.4
2025-02-03,Vijayawada,Andhra Pradesh,South,16.5062,80.648,26.6,62.1,10.4,0.9
2025-02-04,Vijayawada,Andhra Pradesh,South,16.5062,80.648,23.8,53.4,13.9,1.5
2025-02-05,Vijayawada,Andhra Pradesh,South,16.5062,80.648,24.6,58.3,10.8,9.1
2025-02-06,Vijayawada,Andhra Pradesh,South,16.5062,80.648,24.9,59.0,9.2,1.4
2025-02-07,Vijayawada,Andhra Pradesh,South,16.5062,80.648,25.4,56.3,4.0,0.4
2025-02-08,Vijayawada,Andhra Pradesh,South,16.5062,80.648,26.1,58.2,11.4,2.8
2025-02-09,Vijayawada,Andhra Pradesh,South,16.5062,80.648,27.5,57.1,3.4,0.7
2025-02-10,Vijayawada,Andhra Pradesh,South,16.5062,80.648,28.8,61.9,8.1,2.3
2025-02-11,Vijayawada,Andhra Pradesh,South,16.5062,80.648,26.0,62.0,7.4,0.2
2025-02-12,Vijayawada,Andhra Pradesh,South,16.5062,80.648,28.0,72.9,13.3,1.2
2025-02-13,Vijayawada,Andhra Pradesh,South,16.5062,80.648,26.2,54.8,7.2,1.4
2025-02-14,Vijayawada,Andhra Pradesh,South,16.5062,80.648,26.5,60.0,9.9,1.8
2025-02-15,Vijayawada,Andhra Pradesh,South,16.5062,80.648,29.7,63.8,8.3,2.6
2025-02-16,Vijayawada,Andhra Pradesh,South,16.5062,80.648,25.3,59.8,9.3,0.3
2025-02-17,Vijayawada,Andhra Pradesh,South,16.5062,80.648,25.7,65.3,7.5,3.6
2025-02-18,Vijayawada,Andhra Pradesh,South,16.5062,80.648,26.3,53.1,10.5,2.4
2025-02-19,Vijayawada,Andhra Pradesh,South,16.5062,80.648,28.4,66.7,18.8,1.0
2025-02-20,Vijayawada,Andhra Pradesh,South,16.5062,80.648,27.8,66.4,12.8,0.6
2025-02-21,Vijayawada,Andhra Pradesh,South,16.5062,80.648,32.4,65.7,14.7,7.3
2025-02-22,Vijayawada,Andhra Pradesh,South,16.5062,80.648,27.8,55.6,8.5,3.6
2025-02-23,Vijayawada,Andhra Pradesh,South,16.5062,80.648,28.4,56.5,16.2,0.4
2025-02-24,Vijayawada,Andhra Pradesh,South,16.5062,80.648,29.6,50.2,19.8,0.7
2025-02-25,Vijayawada,Andhra Pradesh,South,16.5062,80.648,29.4,54.2,11.8,1.9
2025-02-26,Vijayawada,Andhra Pradesh,South,16.5062,80.648,30.9,55.0,7.2,0.6
2025-02-27,Vijayawada,Andhra Pradesh,South,16.5062,80.648,32.6,58.1,11.4,2.1
2025-02-28,Vijayawada,Andhra Pradesh,South,16.5062,80.648,27.2,56.4,10.2,0.6
2025-03-01,Vijayawada,Andhra Pradesh,South,16.5062,80.648,30.8,52.6,10.5,6.1
2025-03-02,Vijayawada,Andhra Pradesh,South,16.5062,80.648,33.0,62.4,1.0,0.1
2025-03-03,Vijayawada,Andhra Pradesh,South,16.5062,80.648,32.2,44.1,10.5,0.5
2025-03-04,Vijayawada,Andhra Pradesh,South,16.5062,80.648,29.1,47.8,6.6,7.4
2025-03-05,Vijayawada,Andhra Pradesh,South,16.5062,80.648,28.5,55.1,14.8,7.5
2025-03-06,Vijayawada,Andhra Pradesh,South,16.5062,80.648,31.6,53.8,6.8,1.8
2025-03-07,Vijayawada,Andhra Pradesh,South,16.5062,80.648,31.6,50.3,7.6,0.0
2025-03-08,Vijayawada,Andhra Pradesh,South,16.5062,80.648,30.2,57.8,12.7,0.0
2025-03-09,Vijayawada,Andhra Pradesh,South,16.5062,80.648,31.0,52.7,8.4,0.7
2025-03-10,Vijayawada,Andhra Pradesh,South,16.5062,80.648,29.2,46.9,4.9,3.8
2025-03-11,Vijayawada,Andhra Pradesh,South,16.5062,80.648,29.9,55.9,13.7,0.0
2025-03-12,Vijayawada,Andhra Pradesh,South,16.5062,80.648,30.8,42.6,8.8,0.0
2025-03-13,Vijayawada,Andhra Pradesh,South,16.5062,80.648,30.7,60.1,13.2,0.0
2025-03-14,Vijayawada,Andhra Pradesh,South,16.5062,80.648,30.8,39.8,17.1,0.0
2025-03-15,Vijayawada,Andhra Pradesh,South,16.5062,80.648,33.1,41.7,17.5,0.7
2025-03-16,Vijayawada,Andhra Pradesh,South,16.5062,80.648,31.0,47.9,15.8,0.0
2025-03-17,Vijayawada,Andhra Pradesh,South,16.5062,80.648,31.7,37.8,7.4,0.0
2025-03-18,Vijayawada,Andhra Pradesh,South,16.5062,80.648,32.9,54.0,16.6,3.8
2025-03-19,Vijayawada,Andhra Pradesh,South,16.5062,80.648,34.8,58.2,10.4,2.8
2025-03-20,Vijayawada,Andhra Pradesh,South,16.5062,80.648,35.6,50.9,7.7,0.0
2025-03-21,Vijayawada,Andhra Pradesh,South,16.5062,80.648,31.9,50.0,6.5,1.6
2025-03-22,Vijayawada,Andhra Pradesh,South,16.5062,80.648,29.8,57.1,4.9,0.0
2025-03-23,Vijayawada,Andhra Pradesh,South,16.5062,80.648,30.0,48.5,6.3,4.3
2025-03-24,Vijayawada,Andhra Pradesh,South,16.5062,80.648,36.1,51.0,16.1,0.0
2025-03-25,Vijayawada,Andhra Pradesh,South,16.5062,80.648,34.5,49.5,6.8,0.0
2025-03-26,Vijayawada,Andhra Pradesh,South,16.5062,80.648,32.0,51.2,10.1,0.0
2025-03-27,Vijayawada,Andhra Pradesh,South,16.5062,80.648,31.9,42.6,10.6,0.0
2025-03-28,Vijayawada,Andhra Pradesh,South,16.5062,80.648,30.7,63.0,11.1,0.0
2025-03-29,Vijayawada,Andhra Pradesh,South,16.5062,80.648,34.4,48.1,8.4,0.0
2025-03-30,Vijayawada,Andhra Pradesh,South,16.5062,80.648,34.5,41.0,20.1,0.0
2025-03-31,Vijayawada,Andhra Pradesh,South,16.5062,80.648,34.3,49.1,12.2,0.0
2025-04-01,Vijayawada,Andhra Pradesh,South,16.5062,80.648,33.0,46.3,2.2,2.1
2025-04-02,Vijayawada,Andhra Pradesh,South,16.5062,80.648,33.9,42.4,10.3,0.0
2025-04-03,Vijayawada,Andhra Pradesh,South,16.5062,80.648,34.2,39.0,12.6,0.0
2025-04-04,Vijayawada,Andhra Pradesh,South,16.5062,80.648,31.0,52.9,15.8,0.0
2025-04-05,Vijayawada,Andhra Pradesh,South,16.5062,80.648,34.6,42.3,3.9,0.0
2025-04-06,Vijayawada,Andhra Pradesh,South,16.5062,80.648,35.1,65.3,13.6,0.0
2025-04-07,Vijayawada,Andhra Pradesh,South,16.5062,80.648,28.1,45.1,6.5,1.2
2025-04-08,Vijayawada,Andhra Pradesh,South,16.5062,80.648,33.3,45.3,11.3,0.0
2025-04-09,Vijayawada,Andhra Pradesh,South,16.5062,80.648,35.3,54.2,14.5,0.0
2025-04-10,Vijayawada,Andhra Pradesh,South,16.5062,80.648,36.0,39.8,12.8,0.0
2025-04-11,Vijayawada,Andhra Pradesh,South,16.5062,80.648,31.7,53.7,11.7,0.0
2025-04-12,Vijayawada,Andhra Pradesh,South,16.5062,80.648,40.5,42.1,14.5,0.0
2025-04-13,Vijayawada,Andhra Pradesh,South,16.5062,80.648,35.9,47.3,10.8,0.0
2025-04-14,Vijayawada,Andhra Pradesh,South,16.5062,80.648,37.5,45.3,8.4,0.0
2025-04-15,Vijayawada,Andhra Pradesh,South,16.5062,80.648,35.0,60.8,13.9,0.0
2025-04-16,Vijayawada,Andhra Pradesh,South,16.5062,80.648,34.7,49.1,16.7,0.0
2025-04-17,Vijayawada,Andhra Pradesh,South,16.5062,80.648,33.7,61.2,10.0,0.0
2025-04-18,Vijayawada,Andhra Pradesh,South,16.5062,80.648,39.6,51.5,10.0,0.0
2025-04-19,Vijayawada,Andhra Pradesh,South,16.5062,80.648,37.6,43.2,6.8,0.0
2025-04-20,Vijayawada,Andhra Pradesh,South,16.5062,80.648,35.9,50.5,13.6,0.0
2025-04-21,Vijayawada,Andhra Pradesh,South,16.5062,80.648,34.4,48.3,10.9,0.0
2025-04-22,Vijayawada,Andhra Pradesh,South,16.5062,80.648,34.9,48.3,18.0,0.0
2025-04-23,Vijayawada,Andhra Pradesh,South,16.5062,80.648,38.7,46.8,14.1,0.0
2025-04-24,Vijayawada,Andhra Pradesh,South,16.5062,80.648,35.8,43.8,16.7,0.0
2025-04-25,Vijayawada,Andhra Pradesh,South,16.5062,80.648,33.3,61.8,10.7,0.0
2025-04-26,Vijayawada,Andhra Pradesh,South,16.5062,80.648,38.9,46.9,8.9,0.0
2025-04-27,Vijayawada,Andhra Pradesh,South,16.5062,80.648,36.2,46.9,6.9,0.0
2025-04-28,Vijayawada,Andhra Pradesh,South,16.5062,80.648,40.2,48.0,14.7,0.0
2025-04-29,Vijayawada,Andhra Pradesh,South,16.5062,80.648,38.4,46.8,10.4,0.0
2025-04-30,Vijayawada,Andhra Pradesh,South,16.5062,80.648,38.7,51.9,11.0,0.0
2025-05-01,Vijayawada,Andhra Pradesh,South,16.5062,80.648,36.7,45.1,16.9,0.0
2025-05-02,Vijayawada,Andhra Pradesh,South,16.5062,80.648,40.9,47.7,13.0,0.0
2025-05-03,Vijayawada,Andhra Pradesh,South,16.5062,80.648,38.1,41.4,13.2,0.0
2025-05-04,Vijayawada,Andhra Pradesh,South,16.5062,80.648,35.4,44.5,17.7,0.0
2025-05-05,Vijayawada,Andhra Pradesh,South,16.5062,80.648,37.9,43.8,13.4,0.0
2025-05-06,Vijayawada,Andhra Pradesh,South,16.5062,80.648,34.8,48.4,9.0,0.0
2025-05-07,Vijayawada,Andhra Pradesh,South,16.5062,80.648,37.3,46.2,9.8,0.0
2025-05-08,Vijayawada,Andhra Pradesh,South,16.5062,80.648,37.3,44.9,6.8,0.0
2025-05-09,Vijayawada,Andhra Pradesh,South,16.5062,80.648,40.6,37.6,8.2,0.0
2025-05-10,Vijayawada,Andhra Pradesh,South,16.5062,80.648,38.2,42.2,17.7,0.0
2025-05-11,Vijayawada,Andhra Pradesh,South,16.5062,80.648,35.6,39.8,10.8,0.0
2025-05-12,Vijayawada,Andhra Pradesh,South,16.5062,80.648,35.8,44.7,9.2,2.4
2025-05-13,Vijayawada,Andhra Pradesh,South,16.5062,80.648,38.0,35.1,13.6,0.0
2025-05-14,Vijayawada,Andhra Pradesh,South,16.5062,80.648,36.9,47.8,14.3,0.0
2025-05-15,Vijayawada,Andhra Pradesh,South,16.5062,80.648,36.1,51.5,8.8,0.0
2025-05-16,Vijayawada,Andhra Pradesh,South,16.5062,80.648,38.3,33.2,9.7,0.0
2025-05-17,Vijayawada,Andhra Pradesh,South,16.5062,80.648,34.7,26.1,8.5,0.0
2025-05-18,Vijayawada,Andhra Pradesh,South,16.5062,80.648,40.2,48.0,14.8,0.0
2025-05-19,Vijayawada,Andhra Pradesh,South,16.5062,80.648,37.1,40.5,6.7,0.0
2025-05-20,Vijayawada,Andhra Pradesh,South,16.5062,80.648,36.1,40.6,13.9,0.0
2025-05-21,Vijayawada,Andhra Pradesh,South,16.5062,80.648,38.0,29.4,15.4,0.0
2025-05-22,Vijayawada,Andhra Pradesh,South,16.5062,80.648,38.3,44.5,9.1,0.0
2025-05-23,Vijayawada,Andhra Pradesh,South,16.5062,80.648,34.7,46.3,14.2,0.0
2025-05-24,Vijayawada,Andhra Pradesh,South,16.5062,80.648,35.7,22.5,7.3,0.0
2025-05-25,Vijayawada,Andhra Pradesh,South,16.5062,80.648,36.8,47.0,12.3,0.0
2025-05-26,Vijayawada,Andhra Pradesh,South,16.5062,80.648,38.1,39.6,8.7,0.0
2025-05-27,Vijayawada,Andhra Pradesh,South,16.5062,80.648,36.9,43.5,9.7,0.0
2025-05-28,Vijayawada,Andhra Pradesh,South,16.5062,80.648,37.4,45.3,16.4,0.0
2025-05-29,Vijayawada,Andhra Pradesh,South,16.5062,80.648,38.5,45.0,14.5,0.0
2025-05-30,Vijayawada,Andhra Pradesh,South,16.5062,80.648,38.8,28.9,12.1,0.0
2025-05-31,Vijayawada,Andhra Pradesh,South,16.5062,80.648,39.7,43.9,15.0,0.0
2025-06-01,Vijayawada,Andhra Pradesh,South,16.5062,80.648,38.3,49.1,17.4,0.0
2025-06-02,Vijayawada,Andhra Pradesh,South,16.5062,80.648,35.8,46.8,11.8,0.0
2025-06-03,Vijayawada,Andhra Pradesh,South,16.5062,80.648,36.9,50.3,9.6,0.0
2025-06-04,Vijayawada,Andhra Pradesh,South,16.5062,80.648,37.6,47.9,15.8,2.2
2025-06-05,Vijayawada,Andhra Pradesh,South,16.5062,80.648,38.3,45.1,13.3,0.0
2025-06-06,Vijayawada,Andhra Pradesh,South,16.5062,80.648,39.5,34.9,10.0,0.0
2025-06-07,Vijayawada,Andhra Pradesh,South,16.5062,80.648,34.5,42.2,12.9,0.0
2025-06-08,Vijayawada,Andhra Pradesh,South,16.5062,80.648,40.5,35.9,15.1,0.0
2025-06-09,Vijayawada,Andhra Pradesh,South,16.5062,80.648,38.1,47.3,9.1,0.0
2025-06-10,Vijayawada,Andhra Pradesh,South,16.5062,80.648,37.9,35.5,10.5,0.0
2025-06-11,Vijayawada,Andhra Pradesh,South,16.5062,80.648,38.1,43.7,17.5,0.0
2025-06-12,Vijayawada,Andhra Pradesh,South,16.5062,80.648,39.4,35.0,14.0,0.0
2025-06-13,Vijayawada,Andhra Pradesh,South,16.5062,80.648,37.0,48.4,11.8,0.0
2025-06-14,Vijayawada,Andhra Pradesh,South,16.5062,80.648,39.1,36.2,4.6,0.0
2025-06-15,Vijayawada,Andhra Pradesh,South,16.5062,80.648,39.3,33.9,8.9,0.0
2025-06-16,Vijayawada,Andhra Pradesh,South,16.5062,80.648,36.4,55.2,5.4,0.0
2025-06-17,Vijayawada,Andhra Pradesh,South,16.5062,80.648,35.4,42.1,10.4,0.0
2025-06-18,Vijayawada,Andhra Pradesh,South,16.5062,80.648,40.4,45.1,14.3,0.0
2025-06-19,Vijayawada,Andhra Pradesh,South,16.5062,80.648,37.4,52.0,18.7,0.0
2025-06-20,Vijayawada,Andhra Pradesh,South,16.5062,80.648,38.8,52.9,19.8,0.0
2025-06-21,Vijayawada,Andhra Pradesh,South,16.5062,80.648,37.7,29.1,14.3,0.0
2025-06-22,Vijayawada,Andhra Pradesh,South,16.5062,80.648,37.1,46.4,11.4,0.0
2025-06-23,Vijayawada,Andhra Pradesh,South,16.5062,80.648,37.8,48.2,17.2,0.0
2025-06-24,Vijayawada,Andhra Pradesh,South,16.5062,80.648,38.3,55.4,15.5,0.0
2025-06-25,Vijayawada,Andhra Pradesh,South,16.5062,80.648,35.0,30.8,16.3,0.0
2025-06-26,Vijayawada,Andhra Pradesh,South,16.5062,80.648,41.3,45.5,11.3,0.0
2025-06-27,Vijayawada,Andhra Pradesh,South,16.5062,80.648,40.5,43.6,10.8,0.0
2025-06-28,Vijayawada,Andhra Pradesh,South,16.5062,80.648,35.8,30.7,8.3,0.0
2025-06-29,Vijayawada,Andhra Pradesh,South,16.5062,80.648,35.4,38.5,20.6,0.0
2025-06-30,Vijayawada,Andhra Pradesh,South,16.5062,80.648,39.6,45.8,15.2,0.0
2025-07-01,Vijayawada,Andhra Pradesh,South,16.5062,80.648,38.3,47.9,11.2,0.0
2025-07-02,Vijayawada,Andhra Pradesh,South,16.5062,80.648,36.4,37.8,13.8,0.0
2025-07-03,Vijayawada,Andhra Pradesh,South,16.5062,80.648,39.9,48.8,1.5,0.0
2025-07-04,Vijayawada,Andhra Pradesh,South,16.5062,80.648,36.2,41.2,14.8,0.0
2025-07-05,Vijayawada,Andhra Pradesh,South,16.5062,80.648,39.6,54.9,20.0,0.0
2025-07-06,Vijayawada,Andhra Pradesh,South,16.5062,80.648,39.5,50.0,18.4,0.0
2025-07-07,Vijayawada,Andhra Pradesh,South,16.5062,80.648,36.1,40.5,10.3,0.0
2025-07-08,Vijayawada,Andhra Pradesh,South,16.5062,80.648,38.2,51.6,14.0,0.0
2025-07-09,Vijayawada,Andhra Pradesh,South,16.5062,80.648,36.8,57.7,16.2,1.4
2025-07-10,Vijayawada,Andhra Pradesh,South,16.5062,80.648,36.7,45.0,13.7,0.0
2025-07-11,Vijayawada,Andhra Pradesh,South,16.5062,80.648,35.2,55.8,18.1,0.0
2025-07-12,Vijayawada,Andhra Pradesh,South,16.5062,80.648,34.8,45.5,14.5,6.3
2025-07-13,Vijayawada,Andhra Pradesh,South,16.5062,80.648,37.0,44.2,11.8,0.0
2025-07-14,Vijayawada,Andhra Pradesh,South,16.5062,80.648,36.8,46.7,16.1,0.0
2025-07-15,Vijayawada,Andhra Pradesh,South,16.5062,80.648,38.1,44.7,12.9,0.0
2025-07-16,Vijayawada,Andhra Pradesh,South,16.5062,80.648,33.8,43.1,19.8,0.0
2025-07-17,Vijayawada,Andhra Pradesh,South,16.5062,80.648,36.2,39.3,17.7,0.0
2025-07-18,Vijayawada,Andhra Pradesh,South,16.5062,80.648,35.4,42.0,7.4,0.0
2025-07-19,Vijayawada,Andhra Pradesh,South,16.5062,80.648,36.3,38.1,12.7,0.0
2025-07-20,Vijayawada,Andhra Pradesh,South,16.5062,80.648,34.0,53.7,15.3,0.0
2025-07-21,Vijayawada,Andhra Pradesh,South,16.5062,80.648,33.7,51.0,10.5,0.0
2025-07-22,Vijayawada,Andhra Pradesh,South,16.5062,80.648,33.5,36.0,8.5,0.0
2025-07-23,Vijayawada,Andhra Pradesh,South,16.5062,80.648,36.3,50.7,20.3,0.0
2025-07-24,Vijayawada,Andhra Pradesh,South,16.5062,80.648,32.4,48.9,15.5,0.0
2025-07-25,Vijayawada,Andhra Pradesh,South,16.5062,80.648,30.4,42.4,19.5,2.5
2025-07-26,Vijayawada,Andhra Pradesh,South,16.5062,80.648,34.4,46.6,7.3,0.0
2025-07-27,Vijayawada,Andhra Pradesh,South,16.5062,80.648,33.4,54.2,7.4,0.0
2025-07-28,Vijayawada,Andhra Pradesh,South,16.5062,80.648,33.5,51.3,10.2,0.0
2025-07-29,Vijayawada,Andhra Pradesh,South,16.5062,80.648,34.5,47.3,17.5,0.0
2025-07-30,Vijayawada,Andhra Pradesh,South,16.5062,80.648,31.8,47.0,10.9,0.0
2025-07-31,Vijayawada,Andhra Pradesh,South,16.5062,80.648,29.7,49.4,14.8,0.0
2025-08-01,Vijayawada,Andhra Pradesh,South,16.5062,80.648,35.3,56.1,11.5,0.0
2025-08-02,Vijayawada,Andhra Pradesh,South,16.5062,80.648,33.9,44.1,10.7,0.0
2025-08-03,Vijayawada,Andhra Pradesh,South,16.5062,80.648,35.1,36.3,10.3,0.0
2025-08-04,Vijayawada,Andhra Pradesh,South,16.5062,80.648,35.3,52.8,10.8,0.0
2025-08-05,Vijayawada,Andhra Pradesh,South,16.5062,80.648,32.8,37.7,14.9,0.0
2025-08-06,Vijayawada,Andhra Pradesh,South,16.5062,80.648,33.2,41.7,12.2,0.0
2025-08-07,Vijayawada,Andhra Pradesh,South,16.5062,80.648,34.3,53.1,12.8,0.8
2025-08-08,Vijayawada,Andhra Pradesh,South,16.5062,80.648,35.1,65.1,12.9,0.0
2025-08-09,Vijayawada,Andhra Pradesh,South,16.5062,80.648,31.7,49.7,17.0,0.0
2025-08-10,Vijayawada,Andhra Pradesh,South,16.5062,80.648,30.2,47.9,8.9,0.0
2025-08-11,Vijayawada,Andhra Pradesh,South,16.5062,80.648,31.2,56.1,13.5,0.9
2025-08-12,Vijayawada,Andhra Pradesh,South,16.5062,80.648,31.4,50.2,14.2,2.9
2025-08-13,Vijayawada,Andhra Pradesh,South,16.5062,80.648,30.9,47.0,13.7,1.0
2025-08-14,Vijayawada,Andhra Pradesh,South,16.5062,80.648,34.1,48.5,6.9,0.0
2025-08-15,Vijayawada,Andhra Pradesh,South,16.5062,80.648,32.9,56.6,11.6,0.3
2025-08-16,Vijayawada,Andhra Pradesh,South,16.5062,80.648,34.3,52.1,15.2,0.0
2025-08-17,Vijayawada,Andhra Pradesh,South,16.5062,80.648,31.6,57.9,15.4,0.0
2025-08-18,Vijayawada,Andhra Pradesh,South,16.5062,80.648,27.3,41.0,11.9,3.4
2025-08-19,Vijayawada,Andhra Pradesh,South,16.5062,80.648,31.6,47.3,14.9,0.0
2025-08-20,Vijayawada,Andhra Pradesh,South,16.5062,80.648,34.6,48.2,11.0,1.5
2025-08-21,Vijayawada,Andhra Pradesh,South,16.5062,80.648,33.5,45.5,9.8,0.2
2025-08-22,Vijayawada,Andhra Pradesh,South,16.5062,80.648,27.4,49.5,14.4,0.0
2025-08-23,Vijayawada,Andhra Pradesh,South,16.5062,80.648,29.0,55.7,7.6,0.0
2025-08-24,Vijayawada,Andhra Pradesh,South,16.5062,80.648,31.2,53.0,7.8,1.2
2025-08-25,Vijayawada,Andhra Pradesh,South,16.5062,80.648,29.2,56.0,7.1,0.4
2025-08-26,Vijayawada,Andhra Pradesh,South,16.5062,80.648,33.9,50.3,16.3,0.0
2025-08-27,Vijayawada,Andhra Pradesh,South,16.5062,80.648,30.1,56.4,16.2,1.7
2025-08-28,Vijayawada,Andhra Pradesh,South,16.5062,80.648,28.6,51.1,14.0,0.4
2025-08-29,Vijayawada,Andhra Pradesh,South,16.5062,80.648,30.6,48.1,16.1,0.0
2025-08-30,Vijayawada,Andhra Pradesh,South,16.5062,80.648,28.2,54.1,9.3,6.1
2025-08-31,Vijayawada,Andhra Pradesh,South,16.5062,80.648,29.1,54.3,16.3,0.2
2025-09-01,Vijayawada,Andhra Pradesh,South,16.5062,80.648,27.8,53.3,11.5,1.3
2025-09-02,Vijayawada,Andhra Pradesh,South,16.5062,80.648,26.6,49.0,18.6,0.2
2025-09-03,Vijayawada,Andhra Pradesh,South,16.5062,80.648,30.1,68.1,6.5,6.3
2025-09-04,Vijayawada,Andhra Pradesh,South,16.5062,80.648,27.4,57.2,2.2,1.3
2025-09-05,Vijayawada,Andhra Pradesh,South,16.5062,80.648,30.1,56.0,6.3,0.3
2025-09-06,Vijayawada,Andhra Pradesh,South,16.5062,80.648,30.3,65.2,5.8,0.1
2025-09-07,Vijayawada,Andhra Pradesh,South,16.5062,80.648,30.9,48.0,17.8,4.8
2025-09-08,Vijayawada,Andhra Pradesh,South,16.5062,80.648,30.3,50.6,9.5,1.4
2025-09-09,Vijayawada,Andhra Pradesh,South,16.5062,80.648,30.5,56.6,17.9,1.1
2025-09-10,Vijayawada,Andhra Pradesh,South,16.5062,80.648,28.8,55.6,13.3,0.6
2025-09-11,Vijayawada,Andhra Pradesh,South,16.5062,80.648,27.7,64.0,17.4,1.9
2025-09-12,Vijayawada,Andhra Pradesh,South,16.5062,80.648,26.8,51.9,13.6,3.4
2025-09-13,Vijayawada,Andhra Pradesh,South,16.5062,80.648,26.2,65.8,6.9,1.6
2025-09-14,Vijayawada,Andhra Pradesh,South,16.5062,80.648,28.5,54.1,12.2,1.1
2025-09-15,Vijayawada,Andhra Pradesh,South,16.5062,80.648,27.8,56.2,8.3,0.6
2025-09-16,Vijayawada,Andhra Pradesh,South,16.5062,80.648,27.7,44.6,15.1,0.5
2025-09-17,Vijayawada,Andhra Pradesh,South,16.5062,80.648,24.1,64.3,13.5,0.5
2025-09-18,Vijayawada,Andhra Pradesh,South,16.5062,80.648,31.6,59.3,4.1,2.1
2025-09-19,Vijayawada,Andhra Pradesh,South,16.5062,80.648,29.2,58.3,10.9,1.5
2025-09-20,Vijayawada,Andhra Pradesh,South,16.5062,80.648,27.4,56.5,16.9,0.2
2025-09-21,Vijayawada,Andhra Pradesh,South,16.5062,80.648,28.5,51.3,9.1,1.7
2025-09-22,Vijayawada,Andhra Pradesh,South,16.5062,80.648,27.2,65.5,7.1,1.0
2025-09-23,Vijayawada,Andhra Pradesh,South,16.5062,80.648,29.5,65.5,7.8,0.9
2025-09-24,Vijayawada,Andhra Pradesh,South,16.5062,80.648,26.0,52.7,13.8,0.8
2025-09-25,Vijayawada,Andhra Pradesh,South,16.5062,80.648,27.9,66.2,18.7,2.1
2025-09-26,Vijayawada,Andhra Pradesh,South,16.5062,80.648,28.5,64.9,14.1,1.7
2025-09-27,Vijayawada,Andhra Pradesh,South,16.5062,80.648,24.2,61.3,10.0,2.7
2025-09-28,Vijayawada,Andhra Pradesh,South,16.5062,80.648,27.3,50.4,11.6,0.2
2025-09-29,Vijayawada,Andhra Pradesh,South,16.5062,80.648,25.2,63.3,13.1,0.6
2025-09-30,Vijayawada,Andhra Pradesh,South,16.5062,80.648,25.3,61.6,5.9,0.5
2025-10-01,Vijayawada,Andhra Pradesh,South,16.5062,80.648,24.5,55.7,13.4,3.9
2025-10-02,Vijayawada,Andhra Pradesh,South,16.5062,80.648,28.1,67.0,10.9,0.8
2025-10-03,Vijayawada,Andhra Pradesh,South,16.5062,80.648,31.2,63.3,19.2,5.4
2025-10-04,Vijayawada,Andhra Pradesh,South,16.5062,80.648,24.2,55.1,16.0,0.2
2025-10-05,Vijayawada,Andhra Pradesh,South,16.5062,80.648,24.4,48.1,6.4,0.2
2025-10-06,Vijayawada,Andhra Pradesh,South,16.5062,80.648,26.1,46.4,12.1,6.4
2025-10-07,Vijayawada,Andhra Pradesh,South,16.5062,80.648,24.0,62.2,13.6,1.4
2025-10-08,Vijayawada,Andhra Pradesh,South,16.5062,80.648,24.5,51.9,12.5,1.6
2025-10-09,Vijayawada,Andhra Pradesh,South,16.5062,80.648,24.7,52.2,14.3,3.4
2025-10-10,Vijayawada,Andhra Pradesh,South,16.5062,80.648,26.2,64.1,13.0,1.5
2025-10-11,Vijayawada,Andhra Pradesh,South,16.5062,80.648,22.1,55.1,10.8,0.0
2025-10-12,Vijayawada,Andhra Pradesh,South,16.5062,80.648,23.3,64.8,5.0,1.0
2025-10-13,Vijayawada,Andhra Pradesh,South,16.5062,80.648,26.1,50.9,5.7,2.2
2025-10-14,Vijayawada,Andhra Pradesh,South,16.5062,80.648,23.3,70.0,19.4,0.7
2025-10-15,Vijayawada,Andhra Pradesh,South,16.5062,80.648,21.7,68.4,7.4,1.8
2025-10-16,Vijayawada,Andhra Pradesh,South,16.5062,80.648,22.4,72.0,9.2,1.3
2025-10-17,Vijayawada,Andhra Pradesh,South,16.5062,80.648,24.9,58.0,10.3,2.0
2025-10-18,Vijayawada,Andhra Pradesh,South,16.5062,80.648,22.6,66.4,17.4,3.6
2025-10-19,Vijayawada,Andhra Pradesh,South,16.5062,80.648,24.0,58.3,15.3,2.5
2025-10-20,Vijayawada,Andhra Pradesh,South,16.5062,80.648,22.6,59.9,19.7,0.1
2025-10-21,Vijayawada,Andhra Pradesh,South,16.5062,80.648,24.8,66.0,16.1,1.1
2025-10-22,Vijayawada,Andhra Pradesh,South,16.5062,80.648,24.7,68.6,4.9,0.4
2025-10-23,Vijayawada,Andhra Pradesh,South,16.5062,80.648,25.1,54.5,9.5,0.8
2025-10-24,Vijayawada,Andhra Pradesh,South,16.5062,80.648,21.3,64.9,10.5,1.3
2025-10-25,Vijayawada,Andhra Pradesh,South,16.5062,80.648,24.1,64.1,18.7,0.9
2025-10-26,Vijayawada,Andhra Pradesh,South,16.5062,80.648,25.6,64.3,18.1,1.4
2025-10-27,Vijayawada,Andhra Pradesh,South,16.5062,80.648,24.2,69.4,10.2,1.8
2025-10-28,Vijayawada,Andhra Pradesh,South,16.5062,80.648,26.6,70.5,13.8,0.5
2025-10-29,Vijayawada,Andhra Pradesh,South,16.5062,80.648,24.5,67.5,11.9,1.6
2025-10-30,Vijayawada,Andhra Pradesh,South,16.5062,80.648,21.0,73.2,16.0,1.1
2025-10-31,Vijayawada,Andhra Pradesh,South,16.5062,80.648,20.6,69.2,14.9,0.7
2025-11-01,Vijayawada,Andhra Pradesh,South,16.5062,80.648,22.9,76.9,8.6,4.5
2025-11-02,Vijayawada,Andhra Pradesh,South,16.5062,80.648,19.8,57.3,8.4,0.9
2025-11-03,Vijayawada,Andhra Pradesh,South,16.5062,80.648,23.3,56.9,13.2,0.5
2025-11-04,Vijayawada,Andhra Pradesh,South,16.5062,80.648,22.2,59.9,13.0,7.7
2025-11-05,Vijayawada,Andhra Pradesh,South,16.5062,80.648,25.1,64.7,15.1,3.5
2025-11-06,Vijayawada,Andhra Pradesh,South,16.5062,80.648,24.4,67.7,9.3,0.6
2025-11-07,Vijayawada,Andhra Pradesh,South,16.5062,80.648,20.1,57.8,19.9,1.3
2025-11-08,Vijayawada,Andhra Pradesh,South,16.5062,80.648,24.6,68.1,12.5,1.8
2025-11-09,Vijayawada,Andhra Pradesh,South,16.5062,80.648,22.5,61.7,8.4,0.3
2025-11-10,Vijayawada,Andhra Pradesh,South,16.5062,80.648,22.9,64.0,14.9,0.7
2025-11-11,Vijayawada,Andhra Pradesh,South,16.5062,80.648,23.2,65.7,15.7,9.6
2025-11-12,Vijayawada,Andhra Pradesh,South,16.5062,80.648,21.6,61.1,10.6,0.3
2025-11-13,Vijayawada,Andhra Pradesh,South,16.5062,80.648,21.3,69.0,8.8,0.9
2025-11-14,Vijayawada,Andhra Pradesh,South,16.5062,80.648,21.1,65.0,16.3,1.9
2025-11-15,Vijayawada,Andhra Pradesh,South,16.5062,80.648,24.6,71.0,18.3,2.0
2025-11-16,Vijayawada,Andhra Pradesh,South,16.5062,80.648,27.9,60.7,17.2,0.8
2025-11-17,Vijayawada,Andhra Pradesh,South,16.5062,80.648,22.9,56.5,14.5,1.0
2025-11-18,Vijayawada,Andhra Pradesh,South,16.5062,80.648,18.3,77.6,18.9,1.0
2025-11-19,Vijayawada,Andhra Pradesh,South,16.5062,80.648,24.6,64.6,14.6,4.5
2025-11-20,Vijayawada,Andhra Pradesh,South,16.5062,80.648,21.4,74.0,14.7,1.9
2025-11-21,Vijayawada,Andhra Pradesh,South,16.5062,80.648,23.0,67.0,9.0,0.7
2025-11-22,Vijayawada,Andhra Pradesh,South,16.5062,80.648,21.2,59.7,13.7,4.8
2025-11-23,Vijayawada,Andhra Pradesh,South,16.5062,80.648,24.1,65.2,8.7,0.1
2025-11-24,Vijayawada,Andhra Pradesh,South,16.5062,80.648,20.1,66.5,5.2,5.8
2025-11-25,Vijayawada,Andhra Pradesh,South,16.5062,80.648,24.9,59.4,9.7,1.4
2025-11-26,Vijayawada,Andhra Pradesh,South,16.5062,80.648,21.9,63.0,17.5,2.0
2025-11-27,Vijayawada,Andhra Pradesh,South,16.5062,80.648,22.6,63.1,13.7,0.7
2025-11-28,Vijayawada,Andhra Pradesh,South,16.5062,80.648,22.8,67.9,5.1,6.9
2025-11-29,Vijayawada,Andhra Pradesh,South,16.5062,80.648,21.6,70.9,14.9,0.6
2025-11-30,Vijayawada,Andhra Pradesh,South,16.5062,80.648,21.0,60.4,9.7,1.4
2025-12-01,Vijayawada,Andhra Pradesh,South,16.5062,80.648,22.2,74.3,10.6,1.7
2025-12-02,Vijayawada,Andhra Pradesh,South,16.5062,80.648,21.0,76.9,19.2,0.2
2025-12-03,Vijayawada,Andhra Pradesh,South,16.5062,80.648,22.6,68.2,19.3,4.9
2025-12-04,Vijayawada,Andhra Pradesh,South,16.5062,80.648,22.2,75.3,16.5,2.6
2025-12-05,Vijayawada,Andhra Pradesh,South,16.5062,80.648,23.0,57.6,10.0,4.5
2025-12-06,Vijayawada,Andhra Pradesh,South,16.5062,80.648,23.5,59.7,19.5,2.0
2025-12-07,Vijayawada,Andhra Pradesh,South,16.5062,80.648,24.1,64.9,15.7,1.4
2025-12-08,Vijayawada,Andhra Pradesh,South,16.5062,80.648,22.0,69.6,9.3,0.3
2025-12-09,Vijayawada,Andhra Pradesh,South,16.5062,80.648,22.7,73.7,13.8,0.4
2025-12-10,Vijayawada,Andhra Pradesh,South,16.5062,80.648,26.6,67.9,7.8,0.1
2025-12-11,Vijayawada,Andhra Pradesh,South,16.5062,80.648,22.5,68.5,12.3,10.4
2025-12-12,Vijayawada,Andhra Pradesh,South,16.5062,80.648,21.1,59.2,6.9,0.3
2025-12-13,Vijayawada,Andhra Pradesh,South,16.5062,80.648,24.2,74.9,11.7,2.2
2025-12-14,Vijayawada,Andhra Pradesh,South,16.5062,80.648,20.5,79.0,11.7,3.4
2025-12-15,Vijayawada,Andhra Pradesh,South,16.5062,80.648,24.0,75.9,7.4,3.4
2025-12-16,Vijayawada,Andhra Pradesh,South,16.5062,80.648,21.6,75.0,13.8,1.0
2025-12-17,Vijayawada,Andhra Pradesh,South,16.5062,80.648,22.2,70.7,16.8,4.2
2025-12-18,Vijayawada,Andhra Pradesh,South,16.5062,80.648,24.4,70.8,19.6,2.5
2025-12-19,Vijayawada,Andhra Pradesh,South,16.5062,80.648,21.1,69.9,11.9,1.9
2025-12-20,Vijayawada,Andhra Pradesh,South,16.5062,80.648,18.2,65.7,13.2,2.9
2025-12-21,Vijayawada,Andhra Pradesh,South,16.5062,80.648,19.8,67.3,13.5,0.3
2025-12-22,Vijayawada,Andhra Pradesh,South,16.5062,80.648,22.7,62.2,12.0,0.8
2025-12-23,Vijayawada,Andhra Pradesh,South,16.5062,80.648,24.5,68.4,10.9,4.8
2025-12-24,Vijayawada,Andhra Pradesh,South,16.5062,80.648,25.7,72.3,8.7,1.3
2025-12-25,Vijayawada,Andhra Pradesh,South,16.5062,80.648,22.8,66.7,11.4,2.2
2025-12-26,Vijayawada,Andhra Pradesh,South,16.5062,80.648,23.1,71.2,15.5,1.4
2025-12-27,Vijayawada,Andhra Pradesh,South,16.5062,80.648,24.4,63.2,6.5,3.9
2025-12-28,Vijayawada,Andhra Pradesh,South,16.5062,80.648,22.1,61.2,17.1,2.3
2025-12-29,Vijayawada,Andhra Pradesh,South,16.5062,80.648,22.1,58.5,6.6,4.2
2025-12-30,Vijayawada,Andhra Pradesh,South,16.5062,80.648,21.9,58.5,15.8,0.6
2025-12-31,Vijayawada,Andhra Pradesh,South,16.5062,80.648,19.9,66.7,9.1,0.8
2025-01-01,Bhopal,Madhya Pradesh,Central,23.2599,77.4126,30.1,65.1,12.3,1.0
2025-01-02,Bhopal,Madhya Pradesh,Central,23.2599,77.4126,24.7,61.5,9.2,4.0
2025-01-03,Bhopal,Madhya Pradesh,Central,23.2599,77.4126,25.5,69.5,16.4,1.2
2025-01-04,Bhopal,Madhya Pradesh,Central,23.2599,77.4126,24.2,65.3,11.1,1.4
2025-01-05,Bhopal,Madhya Pradesh,Central,23.2599,77.4126,26.4,60.3,6.6,1.0
2025-01-06,Bhopal,Madhya Pradesh,Central,23.2599,77.4126,27.0,62.3,11.2,0.8
2025-01-07,Bhopal,Madhya Pradesh,Central,23.2599,77.4126,27.4,65.8,10.3,1.0
2025-01-08,Bhopal,Madhya Pradesh,Central,23.2599,77.4126,26.2,62.3,9.1,8.4
2025-01-09,Bhopal,Madhya Pradesh,Central,23.2599,77.4126,26.4,55.9,14.7,0.2
2025-01-10,Bhopal,Madhya Pradesh,Central,23.2599,77.4126,26.5,66.6,20.2,1.6
2025-01-11,Bhopal,Madhya Pradesh,Central,23.2599,77.4126,26.4,60.2,16.9,0.0
2025-01-12,Bhopal,Madhya Pradesh,Central,23.2599,77.4126,28.4,63.7,10.3,0.4
2025-01-13,Bhopal,Madhya Pradesh,Central,23.2599,77.4126,26.7,72.4,11.5,0.8
2025-01-14,Bhopal,Madhya Pradesh,Central,23.2599,77.4126,28.4,69.0,17.9,0.2
2025-01-15,Bhopal,Madhya Pradesh,Central,23.2599,77.4126,28.0,59.1,15.1,0.7
2025-01-16,Bhopal,Madhya Pradesh,Central,23.2599,77.4126,29.9,64.6,19.4,3.0
2025-01-17,Bhopal,Madhya Pradesh,Central,23.2599,77.4126,30.3,67.7,9.8,1.1
2025-01-18,Bhopal,Madhya Pradesh,Central,23.2599,77.4126,27.7,56.8,8.8,0.7
2025-01-19,Bhopal,Madhya Pradesh,Central,23.2599,77.4126,27.4,66.1,7.9,1.7
2025-01-20,Bhopal,Madhya Pradesh,Central,23.2599,77.4126,26.4,70.4,10.1,1.7
2025-01-21,Bhopal,Madhya Pradesh,Central,23.2599,77.4126,29.5,63.9,4.9,0.8
2025-01-22,Bhopal,Madhya Pradesh,Central,23.2599,77.4126,29.5,63.6,9.1,0.6
2025-01-23,Bhopal,Madhya Pradesh,Central,23.2599,77.4126,30.1,61.6,15.2,5.7
2025-01-24,Bhopal,Madhya Pradesh,Central,23.2599,77.4126,30.2,61.4,12.9,0.0
2025-01-25,Bhopal,Madhya Pradesh,Central,23.2599,77.4126,30.4,66.7,11.2,4.3
2025-01-26,Bhopal,Madhya Pradesh,Central,23.2599,77.4126,28.8,54.4,13.1,3.8
2025-01-27,Bhopal,Madhya Pradesh,Central,23.2599,77.4126,31.7,57.2,11.8,0.8
2025-01-28,Bhopal,Madhya Pradesh,Central,23.2599,77.4126,31.7,58.3,15.6,0.0
2025-01-29,Bhopal,Madhya Pradesh,Central,23.2599,77.4126,31.8,61.1,12.2,2.0
2025-01-30,Bhopal,Madhya Pradesh,Central,23.2599,77.4126,30.0,59.9,10.0,0.7
2025-01-31,Bhopal,Madhya Pradesh,Central,23.2599,77.4126,30.3,58.7,6.4,3.7
2025-02-01,Bhopal,Madhya Pradesh,Central,23.2599,77.4126,27.9,51.3,13.5,0.6
2025-02-02,Bhopal,Madhya Pradesh,Central,23.2599,77.4126,28.9,52.9,14.4,1.0
2025-02-03,Bhopal,Madhya Pradesh,Central,23.2599,77.4126,31.2,64.3,13.4,2.0
2025-02-04,Bhopal,Madhya Pradesh,Central,23.2599,77.4126,28.6,59.8,8.5,0.6
2025-02-05,Bhopal,Madhya Pradesh,Central,23.2599,77.4126,33.4,58.9,6.0,2.0
2025-02-06,Bhopal,Madhya Pradesh,Central,23.2599,77.4126,29.7,63.0,11.8,0.5
2025-02-07,Bhopal,Madhya Pradesh,Central,23.2599,77.4126,33.9,64.0,10.6,2.3
2025-02-08,Bhopal,Madhya Pradesh,Central,23.2599,77.4126,33.2,55.9,4.9,4.5
2025-02-09,Bhopal,Madhya Pradesh,Central,23.2599,77.4126,33.2,56.6,6.9,6.0
2025-02-10,Bhopal,Madhya Pradesh,Central,23.2599,77.4126,33.1,47.6,5.1,2.3
2025-02-11,Bhopal,Madhya Pradesh,Central,23.2599,77.4126,31.2,68.3,14.7,0.8
2025-02-12,Bhopal,Madhya Pradesh,Central,23.2599,77.4126,30.3,61.3,7.6,0.2
2025-02-13,Bhopal,Madhya Pradesh,Central,23.2599,77.4126,31.8,60.1,8.6,1.4
2025-02-14,Bhopal,Madhya Pradesh,Central,23.2599,77.4126,31.7,51.1,7.0,2.0
2025-02-15,Bhopal,Madhya Pradesh,Central,23.2599,77.4126,32.8,54.4,15.2,0.9
2025-02-16,Bhopal,Madhya Pradesh,Central,23.2599,77.4126,32.4,58.1,13.2,7.3
2025-02-17,Bhopal,Madhya Pradesh,Central,23.2599,77.4126,34.6,59.7,9.2,2.4
2025-02-18,Bhopal,Madhya Pradesh,Central,23.2599,77.4126,32.5,62.4,6.5,7.5
2025-02-19,Bhopal,Madhya Pradesh,Central,23.2599,77.4126,34.4,54.8,4.1,1.6
2025-02-20,Bhopal,Madhya Pradesh,Central,23.2599,77.4126,32.0,53.3,6.0,0.8
2025-02-21,Bhopal,Madhya Pradesh,Central,23.2599,77.4126,32.1,66.1,7.7,2.7
2025-02-22,Bhopal,Madhya Pradesh,Central,23.2599,77.4126,32.9,61.7,12.8,0.4
2025-02-23,Bhopal,Madhya Pradesh,Central,23.2599,77.4126,34.4,63.0,15.5,5.2
2025-02-24,Bhopal,Madhya Pradesh,Central,23.2599,77.4126,31.0,57.6,13.7,0.1
2025-02-25,Bhopal,Madhya Pradesh,Central,23.2599,77.4126,34.0,61.1,8.2,0.2
2025-02-26,Bhopal,Madhya Pradesh,Central,23.2599,77.4126,32.4,53.3,2.1,0.4
2025-02-27,Bhopal,Madhya Pradesh,Central,23.2599,77.4126,32.6,57.1,7.4,0.4
2025-02-28,Bhopal,Madhya Pradesh,Central,23.2599,77.4126,34.0,50.4,11.1,0.4
2025-03-01,Bhopal,Madhya Pradesh,Central,23.2599,77.4126,31.5,48.1,11.2,3.9
2025-03-02,Bhopal,Madhya Pradesh,Central,23.2599,77.4126,34.2,58.4,14.7,0.7
2025-03-03,Bhopal,Madhya Pradesh,Central,23.2599,77.4126,33.3,57.5,11.3,4.9
2025-03-04,Bhopal,Madhya Pradesh,Central,23.2599,77.4126,35.0,57.3,11.0,4.4
2025-03-05,Bhopal,Madhya Pradesh,Central,23.2599,77.4126,34.4,59.3,8.7,2.1
2025-03-06,Bhopal,Madhya Pradesh,Central,23.2599,77.4126,31.4,60.4,8.7,0.0
2025-03-07,Bhopal,Madhya Pradesh,Central,23.2599,77.4126,32.8,54.4,7.9,3.0
2025-03-08,Bhopal,Madhya Pradesh,Central,23.2599,77.4126,33.2,56.9,9.9,2.3
2025-03-09,Bhopal,Madhya Pradesh,Central,23.2599,77.4126,32.1,53.5,11.2,0.0
2025-03-10,Bhopal,Madhya Pradesh,Central,23.2599,77.4126,32.3,57.1,12.2,0.0
2025-03-11,Bhopal,Madhya Pradesh,Central,23.2599,77.4126,36.2,53.6,9.8,3.2
2025-03-12,Bhopal,Madhya Pradesh,Central,23.2599,77.4126,37.0,52.9,14.8,0.0
2025-03-13,Bhopal,Madhya Pradesh,Central,23.2599,77.4126,32.3,47.3,14.1,0.1
2025-03-14,Bhopal,Madhya Pradesh,Central,23.2599,77.4126,33.3,47.1,11.7,1.5
2025-03-15,Bhopal,Madhya Pradesh,Central,23.2599,77.4126,33.3,62.2,11.3,1.2
2025-03-16,Bhopal,Madhya Pradesh,Central,23.2599,77.4126,35.0,42.8,17.2,0.0
2025-03-17,Bhopal,Madhya Pradesh,Central,23.2599,77.4126,37.6,53.7,16.4,0.0
2025-03-18,Bhopal,Madhya Pradesh,Central,23.2599,77.4126,37.1,55.1,13.2,0.8
2025-03-19,Bhopal,Madhya Pradesh,Central,23.2599,77.4126,36.1,56.6,12.9,1.8
2025-03-20,Bhopal,Madhya Pradesh,Central,23.2599,77.4126,37.9,52.0,10.8,1.3
2025-03-21,Bhopal,Madhya Pradesh,Central,23.2599,77.4126,37.5,45.1,9.8,0.0
2025-03-22,Bhopal,Madhya Pradesh,Central,23.2599,77.4126,38.2,55.4,22.7,0.0
2025-03-23,Bhopal,Madhya Pradesh,Central,23.2599,77.4126,35.2,45.8,13.9,0.1
2025-03-24,Bhopal,Madhya Pradesh,Central,23.2599,77.4126,39.8,50.4,8.9,0.0
2025-03-25,Bhopal,Madhya Pradesh,Central,23.2599,77.4126,37.9,55.1,13.3,0.4
2025-03-26,Bhopal,Madhya Pradesh,Central,23.2599,77.4126,40.4,68.9,14.2,0.0
2025-03-27,Bhopal,Madhya Pradesh,Central,23.2599,77.4126,35.2,55.4,11.5,0.7
2025-03-28,Bhopal,Madhya Pradesh,Central,23.2599,77.4126,38.1,45.2,10.1,0.0
2025-03-29,Bhopal,Madhya Pradesh,Central,23.2599,77.4126,35.9,49.5,14.6,0.4
2025-03-30,Bhopal,Madhya Pradesh,Central,23.2599,77.4126,41.1,57.2,19.6,0.0
2025-03-31,Bhopal,Madhya Pradesh,Central,23.2599,77.4126,38.9,49.0,11.3,0.0
2025-04-01,Bhopal,Madhya Pradesh,Central,23.2599,77.4126,36.0,38.9,9.9,0.0
2025-04-02,Bhopal,Madhya Pradesh,Central,23.2599,77.4126,36.8,41.7,12.1,0.0
2025-04-03,Bhopal,Madhya Pradesh,Central,23.2599,77.4126,40.1,43.6,11.0,0.5
2025-04-04,Bhopal,Madhya Pradesh,Central,23.2599,77.4126,38.8,48.2,16.0,0.0
2025-04-05,Bhopal,Madhya Pradesh,Central,23.2599,77.4126,37.6,38.8,15.6,0.0
2025-04-06,Bhopal,Madhya Pradesh,Central,23.2599,77.4126,37.5,52.5,15.4,0.0
2025-04-07,Bhopal,Madhya Pradesh,Central,23.2599,77.4126,37.8,45.5,16.4,0.0
2025-04-08,Bhopal,Madhya Pradesh,Central,23.2599,77.4126,41.0,45.6,7.1,0.0
2025-04-09,Bhopal,Madhya Pradesh,Central,23.2599,77.4126,34.8,44.6,9.6,0.0
2025-04-10,Bhopal,Madhya Pradesh,Central,23.2599,77.4126,38.0,55.0,6.4,0.0
2025-04-11,Bhopal,Madhya Pradesh,Central,23.2599,77.4126,37.9,45.0,12.4,0.0
2025-04-12,Bhopal,Madhya Pradesh,Central,23.2599,77.4126,37.6,40.7,15.1,0.0
2025-04-13,Bhopal,Madhya Pradesh,Central,23.2599,77.4126,39.2,48.2,14.0,0.0
2025-04-14,Bhopal,Madhya Pradesh,Central,23.2599,77.4126,40.2,45.4,10.1,0.0
2025-04-15,Bhopal,Madhya Pradesh,Central,23.2599,77.4126,38.0,39.8,8.8,0.0
2025-04-16,Bhopal,Madhya Pradesh,Central,23.2599,77.4126,37.1,52.9,12.9,0.0
2025-04-17,Bhopal,Madhya Pradesh,Central,23.2599,77.4126,38.9,36.1,20.7,0.0
2025-04-18,Bhopal,Madhya Pradesh,Central,23.2599,77.4126,41.2,47.0,4.5,0.0
2025-04-19,Bhopal,Madhya Pradesh,Central,23.2599,77.4126,40.1,61.7,19.7,0.0
2025-04-20,Bhopal,Madhya Pradesh,Central,23.2599,77.4126,41.2,39.0,14.8,0.0
2025-04-21,Bhopal,Madhya Pradesh,Central,23.2599,77.4126,42.0,50.0,8.3,0.0
2025-04-22,Bhopal,Madhya Pradesh,Central,23.2599,77.4126,38.6,44.2,14.5,0.0
2025-04-23,Bhopal,Madhya Pradesh,Central,23.2599,77.4126,39.0,48.0,13.4,0.0
2025-04-24,Bhopal,Madhya Pradesh,Central,23.2599,77.4126,40.5,52.1,19.2,0.0
2025-04-25,Bhopal,Madhya Pradesh,Central,23.2599,77.4126,40.0,43.3,17.6,0.0
2025-04-26,Bhopal,Madhya Pradesh,Central,23.2599,77.4126,38.0,39.6,14.4,0.0
2025-04-27,Bhopal,Madhya Pradesh,Central,23.2599,77.4126,39.6,46.5,14.3,0.0
2025-04-28,Bhopal,Madhya Pradesh,Central,23.2599,77.4126,44.0,48.2,16.5,0.0
2025-04-29,Bhopal,Madhya Pradesh,Central,23.2599,77.4126,41.4,55.5,16.8,0.0
2025-04-30,Bhopal,Madhya Pradesh,Central,23.2599,77.4126,41.2,48.0,9.3,0.0
2025-05-01,Bhopal,Madhya Pradesh,Central,23.2599,77.4126,39.6,34.6,14.5,0.0
2025-05-02,Bhopal,Madhya Pradesh,Central,23.2599,77.4126,43.0,47.8,14.7,0.0
2025-05-03,Bhopal,Madhya Pradesh,Central,23.2599,77.4126,42.6,42.7,11.2,0.0
2025-05-04,Bhopal,Madhya Pradesh,Central,23.2599,77.4126,41.6,51.8,10.7,0.0
2025-05-05,Bhopal,Madhya Pradesh,Central,23.2599,77.4126,41.4,40.5,14.4,0.0
2025-05-06,Bhopal,Madhya Pradesh,Central,23.2599,77.4126,42.4,40.1,17.3,0.0
2025-05-07,Bhopal,Madhya Pradesh,Central,23.2599,77.4126,42.4,37.6,9.4,6.2
2025-05-08,Bhopal,Madhya Pradesh,Central,23.2599,77.4126,39.6,54.2,12.7,0.0
2025-05-09,Bhopal,Madhya Pradesh,Central,23.2599,77.4126,40.1,40.5,15.5,0.6
2025-05-10,Bhopal,Madhya Pradesh,Central,23.2599,77.4126,38.2,40.7,13.1,0.0
2025-05-11,Bhopal,Madhya Pradesh,Central,23.2599,77.4126,37.6,46.9,18.4,0.0
2025-05-12,Bhopal,Madhya Pradesh,Central,23.2599,77.4126,41.5,36.6,15.7,0.0
2025-05-13,Bhopal,Madhya Pradesh,Central,23.2599,77.4126,43.1,42.2,8.7,0.0
2025-05-14,Bhopal,Madhya Pradesh,Central,23.2599,77.4126,38.1,46.5,8.7,0.0
2025-05-15,Bhopal,Madhya Pradesh,Central,23.2599,77.4126,40.9,35.9,12.0,0.0
2025-05-16,Bhopal,Madhya Pradesh,Central,23.2599,77.4126,41.6,43.7,13.1,0.0
2025-05-17,Bhopal,Madhya Pradesh,Central,23.2599,77.4126,42.2,53.8,14.0,0.0
2025-05-18,Bhopal,Madhya Pradesh,Central,23.2599,77.4126,42.6,39.5,18.7,0.0
2025-05-19,Bhopal,Madhya Pradesh,Central,23.2599,77.4126,37.8,50.6,8.9,0.0
2025-05-20,Bhopal,Madhya Pradesh,Central,23.2599,77.4126,39.1,36.6,9.9,0.0
2025-05-21,Bhopal,Madhya Pradesh,Central,23.2599,77.4126,42.6,49.0,6.1,0.0
2025-05-22,Bhopal,Madhya Pradesh,Central,23.2599,77.4126,41.1,32.9,3.4,0.0
2025-05-23,Bhopal,Madhya Pradesh,Central,23.2599,77.4126,42.3,54.1,10.7,0.0
2025-05-24,Bhopal,Madhya Pradesh,Central,23.2599,77.4126,37.9,42.7,8.1,0.0
2025-05-25,Bhopal,Madhya Pradesh,Central,23.2599,77.4126,39.3,46.1,9.6,0.0
2025-05-26,Bhopal,Madhya Pradesh,Central,23.2599,77.4126,42.0,32.5,11.0,0.0
2025-05-27,Bhopal,Madhya Pradesh,Central,23.2599,77.4126,39.5,48.2,13.3,0.0
2025-05-28,Bhopal,Madhya Pradesh,Central,23.2599,77.4126,41.2,49.7,13.4,0.0
2025-05-29,Bhopal,Madhya Pradesh,Central,23.2599,77.4126,41.6,42.6,14.7,1.8
2025-05-30,Bhopal,Madhya Pradesh,Central,23.2599,77.4126,44.9,44.5,12.0,0.0
2025-05-31,Bhopal,Madhya Pradesh,Central,23.2599,77.4126,41.6,39.8,13.8,0.0
2025-06-01,Bhopal,Madhya Pradesh,Central,23.2599,77.4126,40.4,41.9,17.4,0.0
2025-06-02,Bhopal,Madhya Pradesh,Central,23.2599,77.4126,41.5,46.2,11.7,0.0
2025-06-03,Bhopal,Madhya Pradesh,Central,23.2599,77.4126,44.7,46.4,15.2,0.0
2025-06-04,Bhopal,Madhya Pradesh,Central,23.2599,77.4126,43.7,43.3,9.2,0.0
2025-06-05,Bhopal,Madhya Pradesh,Central,23.2599,77.4126,43.0,48.2,14.6,0.0
2025-06-06,Bhopal,Madhya Pradesh,Central,23.2599,77.4126,41.7,52.8,11.5,0.0
2025-06-07,Bhopal,Madhya Pradesh,Central,23.2599,77.4126,43.0,46.6,10.2,0.0
2025-06-08,Bhopal,Madhya Pradesh,Central,23.2599,77.4126,40.9,45.9,14.0,0.0
2025-06-09,Bhopal,Madhya Pradesh,Central,23.2599,77.4126,44.1,44.9,10.8,0.0
2025-06-10,Bhopal,Madhya Pradesh,Central,23.2599,77.4126,41.7,39.6,11.3,0.0
2025-06-11,Bhopal,Madhya Pradesh,Central,23.2599,77.4126,42.7,49.0,8.0,0.0
2025-06-12,Bhopal,Madhya Pradesh,Central,23.2599,77.4126,41.5,37.8,9.1,0.0
2025-06-13,Bhopal,Madhya Pradesh,Central,23.2599,77.4126,39.1,49.4,7.5,0.0
2025-06-14,Bhopal,Madhya Pradesh,Central,23.2599,77.4126,42.3,43.9,6.5,0.0
2025-06-15,Bhopal,Madhya Pradesh,Central,23.2599,77.4126,38.8,49.2,11.4,0.0
2025-06-16,Bhopal,Madhya Pradesh,Central,23.2599,77.4126,43.6,38.2,13.2,0.0
2025-06-17,Bhopal,Madhya Pradesh,Central,23.2599,77.4126,43.4,44.1,11.1,0.9
2025-06-18,Bhopal,Madhya Pradesh,Central,23.2599,77.4126,40.8,53.2,16.8,0.0
2025-06-19,Bhopal,Madhya Pradesh,Central,23.2599,77.4126,41.0,34.8,12.6,0.0
2025-06-20,Bhopal,Madhya Pradesh,Central,23.2599,77.4126,40.1,37.5,7.4,0.0
2025-06-21,Bhopal,Madhya Pradesh,Central,23.2599,77.4126,39.2,41.3,9.1,0.0
2025-06-22,Bhopal,Madhya Pradesh,Central,23.2599,77.4126,42.2,46.8,15.7,0.0
2025-06-23,Bhopal,Madhya Pradesh,Central,23.2599,77.4126,41.0,42.3,8.7,0.0
2025-06-24,Bhopal,Madhya Pradesh,Central,23.2599,77.4126,39.9,41.4,12.3,0.0
2025-06-25,Bhopal,Madhya Pradesh,Central,23.2599,77.4126,42.4,35.4,12.0,0.0
2025-06-26,Bhopal,Madhya Pradesh,Central,23.2599,77.4126,41.9,51.5,9.7,0.0
2025-06-27,Bhopal,Madhya Pradesh,Central,23.2599,77.4126,41.1,47.2,12.7,0.0
2025-06-28,Bhopal,Madhya Pradesh,Central,23.2599,77.4126,42.2,39.5,16.8,0.0
2025-06-29,Bhopal,Madhya Pradesh,Central,23.2599,77.4126,41.3,37.0,8.5,0.0
2025-06-30,Bhopal,Madhya Pradesh,Central,23.2599,77.4126,42.7,50.3,13.6,0.0
2025-07-01,Bhopal,Madhya Pradesh,Central,23.2599,77.4126,39.7,48.3,12.8,0.0
2025-07-02,Bhopal,Madhya Pradesh,Central,23.2599,77.4126,38.7,46.5,11.9,0.0
2025-07-03,Bhopal,Madhya Pradesh,Central,23.2599,77.4126,38.6,47.9,18.0,0.0
2025-07-04,Bhopal,Madhya Pradesh,Central,23.2599,77.4126,41.0,48.1,11.5,0.0
2025-07-05,Bhopal,Madhya Pradesh,Central,23.2599,77.4126,38.1,47.2,17.8,0.0
2025-07-06,Bhopal,Madhya Pradesh,Central,23.2599,77.4126,39.9,49.6,7.2,0.0
2025-07-07,Bhopal,Madhya Pradesh,Central,23.2599,77.4126,40.6,42.7,11.9,0.0
2025-07-08,Bhopal,Madhya Pradesh,Central,23.2599,77.4126,43.6,52.7,15.5,0.0
2025-07-09,Bhopal,Madhya Pradesh,Central,23.2599,77.4126,41.5,36.4,14.2,0.0
2025-07-10,Bhopal,Madhya Pradesh,Central,23.2599,77.4126,39.4,49.1,6.8,0.0
2025-07-11,Bhopal,Madhya Pradesh,Central,23.2599,77.4126,40.0,43.7,21.9,0.0
2025-07-12,Bhopal,Madhya Pradesh,Central,23.2599,77.4126,38.0,46.6,12.8,2.1
2025-07-13,Bhopal,Madhya Pradesh,Central,23.2599,77.4126,38.5,45.7,6.4,0.0
2025-07-14,Bhopal,Madhya Pradesh,Central,23.2599,77.4126,38.9,38.4,11.9,0.0
2025-07-15,Bhopal,Madhya Pradesh,Central,23.2599,77.4126,37.2,39.8,20.7,0.0
2025-07-16,Bhopal,Madhya Pradesh,Central,23.2599,77.4126,36.2,50.3,13.4,0.0
2025-07-17,Bhopal,Madhya Pradesh,Central,23.2599,77.4126,40.6,42.4,6.6,0.0
2025-07-18,Bhopal,Madhya Pradesh,Central,23.2599,77.4126,40.7,46.7,17.4,0.0
2025-07-19,Bhopal,Madhya Pradesh,Central,23.2599,77.4126,40.4,48.7,14.0,0.0
2025-07-20,Bhopal,Madhya Pradesh,Central,23.2599,77.4126,38.0,51.9,15.9,0.0
2025-07-21,Bhopal,Madhya Pradesh,Central,23.2599,77.4126,39.0,39.2,11.2,0.0
2025-07-22,Bhopal,Madhya Pradesh,Central,23.2599,77.4126,40.1,56.6,15.0,0.0
2025-07-23,Bhopal,Madhya Pradesh,Central,23.2599,77.4126,38.2,43.5,15.9,0.0
2025-07-24,Bhopal,Madhya Pradesh,Central,23.2599,77.4126,40.6,43.4,9.3,0.0
2025-07-25,Bhopal,Madhya Pradesh,Central,23.2599,77.4126,39.8,41.5,2.3,0.0
2025-07-26,Bhopal,Madhya Pradesh,Central,23.2599,77.4126,38.4,48.0,14.7,0.0
2025-07-27,Bhopal,Madhya Pradesh,Central,23.2599,77.4126,38.9,50.7,10.2,0.0
2025-07-28,Bhopal,Madhya Pradesh,Central,23.2599,77.4126,40.1,45.6,14.8,0.0
2025-07-29,Bhopal,Madhya Pradesh,Central,23.2599,77.4126,37.5,50.2,10.2,0.6
2025-07-30,Bhopal,Madhya Pradesh,Central,23.2599,77.4126,38.8,52.0,5.4,0.0
2025-07-31,Bhopal,Madhya Pradesh,Central,23.2599,77.4126,37.0,39.6,11.3,0.0
2025-08-01,Bhopal,Madhya Pradesh,Central,23.2599,77.4126,40.8,51.8,6.8,0.0
2025-08-02,Bhopal,Madhya Pradesh,Central,23.2599,77.4126,37.0,45.4,7.3,0.0
2025-08-03,Bhopal,Madhya Pradesh,Central,23.2599,77.4126,39.8,50.6,7.8,0.0
2025-08-04,Bhopal,Madhya Pradesh,Central,23.2599,77.4126,39.7,54.6,5.6,0.0
2025-08-05,Bhopal,Madhya Pradesh,Central,23.2599,77.4126,38.6,52.1,11.0,0.0
2025-08-06,Bhopal,Madhya Pradesh,Central,23.2599,77.4126,38.4,49.9,4.2,0.0
2025-08-07,Bhopal,Madhya Pradesh,Central,23.2599,77.4126,38.2,56.8,12.5,0.8
2025-08-08,Bhopal,Madhya Pradesh,Central,23.2599,77.4126,34.3,59.5,16.9,0.0
2025-08-09,Bhopal,Madhya Pradesh,Central,23.2599,77.4126,38.3,62.4,11.0,1.2
2025-08-10,Bhopal,Madhya Pradesh,Central,23.2599,77.4126,36.2,57.4,15.4,2.0
2025-08-11,Bhopal,Madhya Pradesh,Central,23.2599,77.4126,37.1,46.9,14.6,0.0
2025-08-12,Bhopal,Madhya Pradesh,Central,23.2599,77.4126,37.4,45.5,17.3,0.0
2025-08-13,Bhopal,Madhya Pradesh,Central,23.2599,77.4126,37.5,52.1,10.8,0.0
2025-08-14,Bhopal,Madhya Pradesh,Central,23.2599,77.4126,39.3,55.6,18.2,0.4
2025-08-15,Bhopal,Madhya Pradesh,Central,23.2599,77.4126,36.5,62.6,10.6,1.0
2025-08-16,Bhopal,Madhya Pradesh,Central,23.2599,77.4126,34.7,38.7,11.3,0.0
2025-08-17,Bhopal,Madhya Pradesh,Central,23.2599,77.4126,32.2,50.3,14.2,0.0
2025-08-18,Bhopal,Madhya Pradesh,Central,23.2599,77.4126,34.8,57.2,16.2,1.3
2025-08-19,Bhopal,Madhya Pradesh,Central,23.2599,77.4126,36.6,51.9,12.2,0.0
2025-08-20,Bhopal,Madhya Pradesh,Central,23.2599,77.4126,31.1,52.7,4.8,0.0
2025-08-21,Bhopal,Madhya Pradesh,Central,23.2599,77.4126,36.4,46.5,9.7,0.7
2025-08-22,Bhopal,Madhya Pradesh,Central,23.2599,77.4126,37.0,56.1,13.5,1.0
2025-08-23,Bhopal,Madhya Pradesh,Central,23.2599,77.4126,36.4,49.8,14.7,0.0
2025-08-24,Bhopal,Madhya Pradesh,Central,23.2599,77.4126,34.4,51.1,9.1,0.2
2025-08-25,Bhopal,Madhya Pradesh,Central,23.2599,77.4126,36.4,56.4,8.5,1.7
2025-08-26,Bhopal,Madhya Pradesh,Central,23.2599,77.4126,36.9,50.3,15.1,1.9
2025-08-27,Bhopal,Madhya Pradesh,Central,23.2599,77.4126,32.7,52.6,10.3,0.0
2025-08-28,Bhopal,Madhya Pradesh,Central,23.2599,77.4126,33.6,48.4,15.4,0.0
2025-08-29,Bhopal,Madhya Pradesh,Central,23.2599,77.4126,34.0,59.1,14.7,0.8
2025-08-30,Bhopal,Madhya Pradesh,Central,23.2599,77.4126,35.6,54.8,10.2,2.7
2025-08-31,Bhopal,Madhya Pradesh,Central,23.2599,77.4126,33.9,62.6,13.2,0.1
2025-09-01,Bhopal,Madhya Pradesh,Central,23.2599,77.4126,31.5,59.1,16.5,0.3
2025-09-02,Bhopal,Madhya Pradesh,Central,23.2599,77.4126,31.1,47.0,10.8,3.9
2025-09-03,Bhopal,Madhya Pradesh,Central,23.2599,77.4126,33.4,53.0,14.9,4.0
2025-09-04,Bhopal,Madhya Pradesh,Central,23.2599,77.4126,33.9,58.4,14.2,4.7
2025-09-05,Bhopal,Madhya Pradesh,Central,23.2599,77.4126,34.4,54.4,18.8,1.1
2025-09-06,Bhopal,Madhya Pradesh,Central,23.2599,77.4126,31.0,64.8,3.1,0.9
2025-09-07,Bhopal,Madhya Pradesh,Central,23.2599,77.4126,34.1,63.6,7.8,7.0
2025-09-08,Bhopal,Madhya Pradesh,Central,23.2599,77.4126,34.3,50.0,14.3,2.8
2025-09-09,Bhopal,Madhya Pradesh,Central,23.2599,77.4126,37.5,64.7,9.9,5.8
2025-09-10,Bhopal,Madhya Pradesh,Central,23.2599,77.4126,30.7,52.3,10.1,9.8
2025-09-11,Bhopal,Madhya Pradesh,Central,23.2599,77.4126,34.5,50.1,13.1,1.0
2025-09-12,Bhopal,Madhya Pradesh,Central,23.2599,77.4126,29.7,56.9,14.1,1.8
2025-09-13,Bhopal,Madhya Pradesh,Central,23.2599,77.4126,34.8,47.3,6.7,0.3
2025-09-14,Bhopal,Madhya Pradesh,Central,23.2599,77.4126,29.1,66.4,20.9,0.4
2025-09-15,Bhopal,Madhya Pradesh,Central,23.2599,77.4126,32.8,58.2,11.4,5.0
2025-09-16,Bhopal,Madhya Pradesh,Central,23.2599,77.4126,35.2,51.8,12.9,1.6
2025-09-17,Bhopal,Madhya Pradesh,Central,23.2599,77.4126,32.7,54.4,11.6,1.1
2025-09-18,Bhopal,Madhya Pradesh,Central,23.2599,77.4126,32.2,48.6,9.6,3.2
2025-09-19,Bhopal,Madhya Pradesh,Central,23.2599,77.4126,30.4,59.8,10.5,7.7
2025-09-20,Bhopal,Madhya Pradesh,Central,23.2599,77.4126,32.1,67.5,6.0,0.2
2025-09-21,Bhopal,Madhya Pradesh,Central,23.2599,77.4126,33.2,55.7,15.7,1.7
2025-09-22,Bhopal,Madhya Pradesh,Central,23.2599,77.4126,31.0,72.6,5.7,3.6
2025-09-23,Bhopal,Madhya Pradesh,Central,23.2599,77.4126,31.8,57.3,18.3,0.2
2025-09-24,Bhopal,Madhya Pradesh,Central,23.2599,77.4126,32.0,55.2,16.3,3.3
2025-09-25,Bhopal,Madhya Pradesh,Central,23.2599,77.4126,27.5,60.3,16.8,2.3
2025-09-26,Bhopal,Madhya Pradesh,Central,23.2599,77.4126,33.5,59.2,15.4,6.5
2025-09-27,Bhopal,Madhya Pradesh,Central,23.2599,77.4126,32.3,64.6,15.2,1.6
2025-09-28,Bhopal,Madhya Pradesh,Central,23.2599,77.4126,30.0,56.7,13.1,2.0
2025-09-29,Bhopal,Madhya Pradesh,Central,23.2599,77.4126,30.1,61.3,8.8,2.1
2025-09-30,Bhopal,Madhya Pradesh,Central,23.2599,77.4126,29.6,60.7,10.0,0.6
2025-10-01,Bhopal,Madhya Pradesh,Central,23.2599,77.4126,29.3,60.9,16.1,0.5
2025-10-02,Bhopal,Madhya Pradesh,Central,23.2599,77.4126,33.6,66.1,13.3,0.6
2025-10-03,Bhopal,Madhya Pradesh,Central,23.2599,77.4126,30.6,67.3,11.6,1.4
2025-10-04,Bhopal,Madhya Pradesh,Central,23.2599,77.4126,29.0,56.0,16.0,8.1
2025-10-05,Bhopal,Madhya Pradesh,Central,23.2599,77.4126,27.7,70.6,6.0,2.9
2025-10-06,Bhopal,Madhya Pradesh,Central,23.2599,77.4126,23.1,56.7,14.6,1.8
2025-10-07,Bhopal,Madhya Pradesh,Central,23.2599,77.4126,29.2,60.4,9.9,3.6
2025-10-08,Bhopal,Madhya Pradesh,Central,23.2599,77.4126,31.7,62.6,13.2,0.3
2025-10-09,Bhopal,Madhya Pradesh,Central,23.2599,77.4126,31.2,64.7,17.0,3.2
2025-10-10,Bhopal,Madhya Pradesh,Central,23.2599,77.4126,30.0,59.8,14.8,4.1
2025-10-11,Bhopal,Madhya Pradesh,Central,23.2599,77.4126,26.5,68.4,16.6,0.6
2025-10-12,Bhopal,Madhya Pradesh,Central,23.2599,77.4126,29.2,55.3,10.7,1.5
2025-10-13,Bhopal,Madhya Pradesh,Central,23.2599,77.4126,26.0,62.9,8.9,0.1
2025-10-14,Bhopal,Madhya Pradesh,Central,23.2599,77.4126,29.2,55.0,5.0,0.8
2025-10-15,Bhopal,Madhya Pradesh,Central,23.2599,77.4126,27.0,56.0,10.7,4.7
2025-10-16,Bhopal,Madhya Pradesh,Central,23.2599,77.4126,26.3,67.7,7.7,0.3
2025-10-17,Bhopal,Madhya Pradesh,Central,23.2599,77.4126,25.8,56.9,11.5,2.3
2025-10-18,Bhopal,Madhya Pradesh,Central,23.2599,77.4126,29.4,57.5,13.2,5.6
2025-10-19,Bhopal,Madhya Pradesh,Central,23.2599,77.4126,27.4,63.1,7.9,0.2
2025-10-20,Bhopal,Madhya Pradesh,Central,23.2599,77.4126,25.7,54.9,16.8,2.0
2025-10-21,Bhopal,Madhya Pradesh,Central,23.2599,77.4126,28.8,58.1,8.7,0.2
2025-10-22,Bhopal,Madhya Pradesh,Central,23.2599,77.4126,28.8,61.6,9.5,0.4
2025-10-23,Bhopal,Madhya Pradesh,Central,23.2599,77.4126,26.3,75.1,9.5,4.0
2025-10-24,Bhopal,Madhya Pradesh,Central,23.2599,77.4126,27.7,61.8,7.7,0.1
2025-10-25,Bhopal,Madhya Pradesh,Central,23.2599,77.4126,28.3,59.5,16.4,1.6
2025-10-26,Bhopal,Madhya Pradesh,Central,23.2599,77.4126,29.6,64.9,14.5,1.2
2025-10-27,Bhopal,Madhya Pradesh,Central,23.2599,77.4126,26.7,63.4,4.4,1.5
2025-10-28,Bhopal,Madhya Pradesh,Central,23.2599,77.4126,28.2,68.0,10.3,16.2
2025-10-29,Bhopal,Madhya Pradesh,Central,23.2599,77.4126,28.9,62.3,16.9,0.5
2025-10-30,Bhopal,Madhya Pradesh,Central,23.2599,77.4126,25.8,74.0,15.6,2.7
2025-10-31,Bhopal,Madhya Pradesh,Central,23.2599,77.4126,27.9,63.0,6.4,1.6
2025-11-01,Bhopal,Madhya Pradesh,Central,23.2599,77.4126,26.3,64.0,8.7,0.8
2025-11-02,Bhopal,Madhya Pradesh,Central,23.2599,77.4126,29.2,68.5,7.1,0.8
2025-11-03,Bhopal,Madhya Pradesh,Central,23.2599,77.4126,23.7,77.9,7.4,1.4
2025-11-04,Bhopal,Madhya Pradesh,Central,23.2599,77.4126,24.0,64.6,17.2,0.2
2025-11-05,Bhopal,Madhya Pradesh,Central,23.2599,77.4126,28.1,64.3,7.6,0.3
2025-11-06,Bhopal,Madhya Pradesh,Central,23.2599,77.4126,27.2,72.6,9.5,1.8
2025-11-07,Bhopal,Madhya Pradesh,Central,23.2599,77.4126,26.3,68.0,9.9,3.2
2025-11-08,Bhopal,Madhya Pradesh,Central,23.2599,77.4126,24.5,67.0,9.3,0.5
2025-11-09,Bhopal,Madhya Pradesh,Central,23.2599,77.4126,28.4,71.0,11.8,0.7
2025-11-10,Bhopal,Madhya Pradesh,Central,23.2599,77.4126,26.9,63.2,9.7,0.3
2025-11-11,Bhopal,Madhya Pradesh,Central,23.2599,77.4126,24.7,59.0,8.3,2.7
2025-11-12,Bhopal,Madhya Pradesh,Central,23.2599,77.4126,26.6,66.7,15.8,2.4
2025-11-13,Bhopal,Madhya Pradesh,Central,23.2599,77.4126,28.3,64.3,14.7,0.7
2025-11-14,Bhopal,Madhya Pradesh,Central,23.2599,77.4126,24.8,71.0,12.3,0.7
2025-11-15,Bhopal,Madhya Pradesh,Central,23.2599,77.4126,27.9,62.3,16.2,6.6
2025-11-16,Bhopal,Madhya Pradesh,Central,23.2599,77.4126,25.7,63.4,16.7,0.4
2025-11-17,Bhopal,Madhya Pradesh,Central,23.2599,77.4126,26.3,72.8,12.1,0.1
2025-11-18,Bhopal,Madhya Pradesh,Central,23.2599,77.4126,27.4,60.7,13.8,3.1
2025-11-19,Bhopal,Madhya Pradesh,Central,23.2599,77.4126,27.0,65.1,8.0,8.4
2025-11-20,Bhopal,Madhya Pradesh,Central,23.2599,77.4126,26.2,67.2,12.5,1.2
2025-11-21,Bhopal,Madhya Pradesh,Central,23.2599,77.4126,26.2,69.2,8.6,6.4
2025-11-22,Bhopal,Madhya Pradesh,Central,23.2599,77.4126,27.8,70.6,8.5,0.4
2025-11-23,Bhopal,Madhya Pradesh,Central,23.2599,77.4126,25.8,66.9,13.5,0.0
2025-11-24,Bhopal,Madhya Pradesh,Central,23.2599,77.4126,26.0,70.6,12.7,0.2
2025-11-25,Bhopal,Madhya Pradesh,Central,23.2599,77.4126,28.3,63.6,6.4,0.9
2025-11-26,Bhopal,Madhya Pradesh,Central,23.2599,77.4126,26.0,72.7,17.2,0.1
2025-11-27,Bhopal,Madhya Pradesh,Central,23.2599,77.4126,25.6,68.6,19.8,4.2
2025-11-28,Bhopal,Madhya Pradesh,Central,23.2599,77.4126,23.3,66.9,9.5,5.5
2025-11-29,Bhopal,Madhya Pradesh,Central,23.2599,77.4126,27.7,62.9,9.9,1.4
2025-11-30,Bhopal,Madhya Pradesh,Central,23.2599,77.4126,23.3,66.9,2.3,0.3
2025-12-01,Bhopal,Madhya Pradesh,Central,23.2599,77.4126,25.1,77.0,14.5,2.3
2025-12-02,Bhopal,Madhya Pradesh,Central,23.2599,77.4126,24.2,65.2,16.0,1.3
2025-12-03,Bhopal,Madhya Pradesh,Central,23.2599,77.4126,26.0,60.2,7.9,4.5
2025-12-04,Bhopal,Madhya Pradesh,Central,23.2599,77.4126,26.3,59.1,9.0,0.1
2025-12-05,Bhopal,Madhya Pradesh,Central,23.2599,77.4126,28.8,68.7,11.2,1.5
2025-12-06,Bhopal,Madhya Pradesh,Central,23.2599,77.4126,26.5,74.8,4.0,1.8
2025-12-07,Bhopal,Madhya Pradesh,Central,23.2599,77.4126,25.7,66.8,20.2,3.5
2025-12-08,Bhopal,Madhya Pradesh,Central,23.2599,77.4126,25.1,60.7,7.6,1.2
2025-12-09,Bhopal,Madhya Pradesh,Central,23.2599,77.4126,27.5,67.5,13.5,6.0
2025-12-10,Bhopal,Madhya Pradesh,Central,23.2599,77.4126,27.8,72.6,7.7,1.5
2025-12-11,Bhopal,Madhya Pradesh,Central,23.2599,77.4126,26.6,61.5,9.0,2.0
2025-12-12,Bhopal,Madhya Pradesh,Central,23.2599,77.4126,25.4,66.8,12.9,1.3
2025-12-13,Bhopal,Madhya Pradesh,Central,23.2599,77.4126,25.7,66.0,7.4,0.6
2025-12-14,Bhopal,Madhya Pradesh,Central,23.2599,77.4126,25.4,65.9,9.8,4.0
2025-12-15,Bhopal,Madhya Pradesh,Central,23.2599,77.4126,23.5,72.1,4.2,1.5
2025-12-16,Bhopal,Madhya Pradesh,Central,23.2599,77.4126,29.3,59.4,10.4,3.4
2025-12-17,Bhopal,Madhya Pradesh,Central,23.2599,77.4126,26.3,66.0,8.0,1.7
2025-12-18,Bhopal,Madhya Pradesh,Central,23.2599,77.4126,25.1,76.3,9.5,2.1
2025-12-19,Bhopal,Madhya Pradesh,Central,23.2599,77.4126,27.1,55.9,15.0,0.4
2025-12-20,Bhopal,Madhya Pradesh,Central,23.2599,77.4126,27.4,53.9,17.7,0.6
2025-12-21,Bhopal,Madhya Pradesh,Central,23.2599,77.4126,27.0,51.4,14.5,0.4
2025-12-22,Bhopal,Madhya Pradesh,Central,23.2599,77.4126,28.0,53.7,15.2,4.0
2025-12-23,Bhopal,Madhya Pradesh,Central,23.2599,77.4126,25.9,59.1,18.3,1.5
2025-12-24,Bhopal,Madhya Pradesh,Central,23.2599,77.4126,25.8,67.0,10.6,0.6
2025-12-25,Bhopal,Madhya Pradesh,Central,23.2599,77.4126,23.4,63.2,9.5,2.1
2025-12-26,Bhopal,Madhya Pradesh,Central,23.2599,77.4126,26.6,66.8,12.1,6.3
2025-12-27,Bhopal,Madhya Pradesh,Central,23.2599,77.4126,28.9,69.4,11.7,1.2
2025-12-28,Bhopal,Madhya Pradesh,Central,23.2599,77.4126,29.4,66.5,15.1,1.1
2025-12-29,Bhopal,Madhya Pradesh,Central,23.2599,77.4126,29.5,65.7,11.5,4.0
2025-12-30,Bhopal,Madhya Pradesh,Central,23.2599,77.4126,29.0,68.9,13.1,2.5
2025-12-31,Bhopal,Madhya Pradesh,Central,23.2599,77.4126,27.8,67.4,5.8,2.5
2025-01-01,Raipur,Chhattisgarh,Central,21.2514,81.6296,26.1,63.6,16.2,4.2
2025-01-02,Raipur,Chhattisgarh,Central,21.2514,81.6296,25.9,63.9,15.0,0.9
2025-01-03,Raipur,Chhattisgarh,Central,21.2514,81.6296,24.2,57.3,7.3,0.0
2025-01-04,Raipur,Chhattisgarh,Central,21.2514,81.6296,29.8,56.1,10.7,0.1
2025-01-05,Raipur,Chhattisgarh,Central,21.2514,81.6296,24.8,64.0,5.1,1.9
2025-01-06,Raipur,Chhattisgarh,Central,21.2514,81.6296,26.8,64.9,12.9,2.1
2025-01-07,Raipur,Chhattisgarh,Central,21.2514,81.6296,27.2,68.8,9.9,1.0
2025-01-08,Raipur,Chhattisgarh,Central,21.2514,81.6296,26.2,67.1,9.0,0.5
2025-01-09,Raipur,Chhattisgarh,Central,21.2514,81.6296,27.2,68.3,14.3,0.0
2025-01-10,Raipur,Chhattisgarh,Central,21.2514,81.6296,27.4,62.2,6.7,2.4
2025-01-11,Raipur,Chhattisgarh,Central,21.2514,81.6296,30.4,71.1,19.1,2.0
2025-01-12,Raipur,Chhattisgarh,Central,21.2514,81.6296,28.3,61.9,11.9,0.1
2025-01-13,Raipur,Chhattisgarh,Central,21.2514,81.6296,27.5,58.9,11.2,0.4
2025-01-14,Raipur,Chhattisgarh,Central,21.2514,81.6296,26.4,66.3,13.3,1.0
2025-01-15,Raipur,Chhattisgarh,Central,21.2514,81.6296,29.4,63.6,12.7,0.3
2025-01-16,Raipur,Chhattisgarh,Central,21.2514,81.6296,28.4,63.3,16.5,0.0
2025-01-17,Raipur,Chhattisgarh,Central,21.2514,81.6296,29.4,62.5,13.7,0.4
2025-01-18,Raipur,Chhattisgarh,Central,21.2514,81.6296,27.1,67.8,9.1,0.9
2025-01-19,Raipur,Chhattisgarh,Central,21.2514,81.6296,30.0,56.5,13.7,0.6
2025-01-20,Raipur,Chhattisgarh,Central,21.2514,81.6296,28.1,53.4,8.7,2.1
2025-01-21,Raipur,Chhattisgarh,Central,21.2514,81.6296,28.8,56.9,15.1,0.2
2025-01-22,Raipur,Chhattisgarh,Central,21.2514,81.6296,28.4,60.3,13.4,0.2
2025-01-23,Raipur,Chhattisgarh,Central,21.2514,81.6296,28.9,61.7,13.2,0.1
2025-01-24,Raipur,Chhattisgarh,Central,21.2514,81.6296,29.3,48.6,8.9,0.8
2025-01-25,Raipur,Chhattisgarh,Central,21.2514,81.6296,30.6,60.1,9.3,1.1
2025-01-26,Raipur,Chhattisgarh,Central,21.2514,81.6296,26.9,58.3,10.9,0.2
2025-01-27,Raipur,Chhattisgarh,Central,21.2514,81.6296,31.2,58.3,13.6,0.7
2025-01-28,Raipur,Chhattisgarh,Central,21.2514,81.6296,28.6,60.4,15.9,0.4
2025-01-29,Raipur,Chhattisgarh,Central,21.2514,81.6296,33.1,72.0,13.9,3.7
2025-01-30,Raipur,Chhattisgarh,Central,21.2514,81.6296,29.7,55.6,11.6,2.9
2025-01-31,Raipur,Chhattisgarh,Central,21.2514,81.6296,27.9,58.2,15.2,0.4
2025-02-01,Raipur,Chhattisgarh,Central,21.2514,81.6296,30.1,59.2,16.5,0.3
2025-02-02,Raipur,Chhattisgarh,Central,21.2514,81.6296,28.5,54.0,16.8,0.0
2025-02-03,Raipur,Chhattisgarh,Central,21.2514,81.6296,29.7,64.8,8.1,1.0
2025-02-04,Raipur,Chhattisgarh,Central,21.2514,81.6296,32.0,58.0,13.7,2.7
2025-02-05,Raipur,Chhattisgarh,Central,21.2514,81.6296,30.2,62.1,7.7,0.1
2025-02-06,Raipur,Chhattisgarh,Central,21.2514,81.6296,32.6,65.3,9.8,2.0
2025-02-07,Raipur,Chhattisgarh,Central,21.2514,81.6296,31.8,55.7,13.1,0.4
2025-02-08,Raipur,Chhattisgarh,Central,21.2514,81.6296,30.5,71.9,8.4,2.1
2025-02-09,Raipur,Chhattisgarh,Central,21.2514,81.6296,32.9,60.3,6.8,6.3
2025-02-10,Raipur,Chhattisgarh,Central,21.2514,81.6296,30.4,59.9,13.1,0.7
2025-02-11,Raipur,Chhattisgarh,Central,21.2514,81.6296,34.7,56.3,10.3,3.9
2025-02-12,Raipur,Chhattisgarh,Central,21.2514,81.6296,31.4,65.1,1.0,1.0
2025-02-13,Raipur,Chhattisgarh,Central,21.2514,81.6296,30.6,61.0,3.1,1.9
2025-02-14,Raipur,Chhattisgarh,Central,21.2514,81.6296,33.5,57.8,15.0,0.7
2025-02-15,Raipur,Chhattisgarh,Central,21.2514,81.6296,28.8,55.6,13.0,0.4
2025-02-16,Raipur,Chhattisgarh,Central,21.2514,81.6296,31.1,60.9,13.3,1.5
2025-02-17,Raipur,Chhattisgarh,Central,21.2514,81.6296,32.4,54.2,8.0,3.5
2025-02-18,Raipur,Chhattisgarh,Central,21.2514,81.6296,34.7,52.2,12.0,3.1
2025-02-19,Raipur,Chhattisgarh,Central,21.2514,81.6296,35.3,58.3,4.0,2.3
2025-02-20,Raipur,Chhattisgarh,Central,21.2514,81.6296,31.7,52.4,17.2,1.4
2025-02-21,Raipur,Chhattisgarh,Central,21.2514,81.6296,35.1,56.3,17.8,4.3
2025-02-22,Raipur,Chhattisgarh,Central,21.2514,81.6296,31.3,63.4,18.5,4.5
2025-02-23,Raipur,Chhattisgarh,Central,21.2514,81.6296,31.2,56.8,6.7,0.3
2025-02-24,Raipur,Chhattisgarh,Central,21.2514,81.6296,34.9,49.4,12.9,4.6
2025-02-25,Raipur,Chhattisgarh,Central,21.2514,81.6296,32.2,57.2,12.5,0.2
2025-02-26,Raipur,Chhattisgarh,Central,21.2514,81.6296,34.8,54.9,8.3,1.2
2025-02-27,Raipur,Chhattisgarh,Central,21.2514,81.6296,33.7,48.4,8.2,1.6
2025-02-28,Raipur,Chhattisgarh,Central,21.2514,81.6296,29.1,41.4,17.3,3.5
2025-03-01,Raipur,Chhattisgarh,Central,21.2514,81.6296,33.7,56.3,13.1,0.2
2025-03-02,Raipur,Chhattisgarh,Central,21.2514,81.6296,34.0,52.2,13.2,0.1
2025-03-03,Raipur,Chhattisgarh,Central,21.2514,81.6296,35.5,48.3,6.1,1.2
2025-03-04,Raipur,Chhattisgarh,Central,21.2514,81.6296,34.8,47.3,14.5,5.2
2025-03-05,Raipur,Chhattisgarh,Central,21.2514,81.6296,34.3,66.1,15.5,0.0
2025-03-06,Raipur,Chhattisgarh,Central,21.2514,81.6296,35.0,53.1,8.3,1.1
2025-03-07,Raipur,Chhattisgarh,Central,21.2514,81.6296,35.8,52.8,14.1,0.0
2025-03-08,Raipur,Chhattisgarh,Central,21.2514,81.6296,34.7,57.9,5.7,3.6
2025-03-09,Raipur,Chhattisgarh,Central,21.2514,81.6296,33.9,51.7,16.4,0.0
2025-03-10,Raipur,Chhattisgarh,Central,21.2514,81.6296,32.8,52.0,10.8,0.0
2025-03-11,Raipur,Chhattisgarh,Central,21.2514,81.6296,33.4,46.3,10.7,1.1
2025-03-12,Raipur,Chhattisgarh,Central,21.2514,81.6296,35.5,48.1,9.6,0.0
2025-03-13,Raipur,Chhattisgarh,Central,21.2514,81.6296,36.0,47.6,14.8,0.0
2025-03-14,Raipur,Chhattisgarh,Central,21.2514,81.6296,38.2,56.7,14.6,0.0
2025-03-15,Raipur,Chhattisgarh,Central,21.2514,81.6296,32.9,53.3,8.1,0.0
2025-03-16,Raipur,Chhattisgarh,Central,21.2514,81.6296,38.5,64.5,7.8,0.0
2025-03-17,Raipur,Chhattisgarh,Central,21.2514,81.6296,36.3,48.5,15.9,0.0
2025-03-18,Raipur,Chhattisgarh,Central,21.2514,81.6296,38.2,51.6,9.1,1.8
2025-03-19,Raipur,Chhattisgarh,Central,21.2514,81.6296,36.8,54.6,14.7,0.0
2025-03-20,Raipur,Chhattisgarh,Central,21.2514,81.6296,36.2,61.1,14.3,2.0
2025-03-21,Raipur,Chhattisgarh,Central,21.2514,81.6296,37.2,57.9,11.4,0.0
2025-03-22,Raipur,Chhattisgarh,Central,21.2514,81.6296,36.9,45.4,8.1,0.0
2025-03-23,Raipur,Chhattisgarh,Central,21.2514,81.6296,37.6,52.0,8.7,1.0
2025-03-24,Raipur,Chhattisgarh,Central,21.2514,81.6296,35.7,59.0,14.2,6.1
2025-03-25,Raipur,Chhattisgarh,Central,21.2514,81.6296,38.9,50.9,17.3,0.0
2025-03-26,Raipur,Chhattisgarh,Central,21.2514,81.6296,38.7,60.4,6.1,0.0
2025-03-27,Raipur,Chhattisgarh,Central,21.2514,81.6296,39.5,57.2,12.8,0.0
2025-03-28,Raipur,Chhattisgarh,Central,21.2514,81.6296,36.9,46.9,14.7,1.2
2025-03-29,Raipur,Chhattisgarh,Central,21.2514,81.6296,36.5,56.7,3.9,0.0
2025-03-30,Raipur,Chhattisgarh,Central,21.2514,81.6296,37.9,46.3,8.0,0.1
2025-03-31,Raipur,Chhattisgarh,Central,21.2514,81.6296,39.8,53.3,10.1,2.2
2025-04-01,Raipur,Chhattisgarh,Central,21.2514,81.6296,38.7,48.6,7.2,0.0
2025-04-02,Raipur,Chhattisgarh,Central,21.2514,81.6296,41.3,42.7,8.4,0.0
2025-04-03,Raipur,Chhattisgarh,Central,21.2514,81.6296,36.4,46.9,8.5,0.3
2025-04-04,Raipur,Chhattisgarh,Central,21.2514,81.6296,41.4,58.3,9.2,0.5
2025-04-05,Raipur,Chhattisgarh,Central,21.2514,81.6296,38.5,55.8,8.7,0.0
2025-04-06,Raipur,Chhattisgarh,Central,21.2514,81.6296,41.6,45.6,5.6,0.0
2025-04-07,Raipur,Chhattisgarh,Central,21.2514,81.6296,38.8,45.1,11.3,0.0
2025-04-08,Raipur,Chhattisgarh,Central,21.2514,81.6296,36.3,55.9,12.3,0.0
2025-04-09,Raipur,Chhattisgarh,Central,21.2514,81.6296,41.3,40.4,10.6,0.0
2025-04-10,Raipur,Chhattisgarh,Central,21.2514,81.6296,38.1,32.5,10.7,0.0
2025-04-11,Raipur,Chhattisgarh,Central,21.2514,81.6296,39.3,42.9,8.4,0.0
2025-04-12,Raipur,Chhattisgarh,Central,21.2514,81.6296,41.9,54.1,5.4,0.0
2025-04-13,Raipur,Chhattisgarh,Central,21.2514,81.6296,38.7,54.5,13.8,0.0
2025-04-14,Raipur,Chhattisgarh,Central,21.2514,81.6296,39.8,52.5,17.6,0.0
2025-04-15,Raipur,Chhattisgarh,Central,21.2514,81.6296,39.1,45.8,7.1,0.0
2025-04-16,Raipur,Chhattisgarh,Central,21.2514,81.6296,39.5,48.9,20.7,0.0
2025-04-17,Raipur,Chhattisgarh,Central,21.2514,81.6296,37.4,40.6,12.6,0.0
2025-04-18,Raipur,Chhattisgarh,Central,21.2514,81.6296,38.9,42.6,14.8,0.0
2025-04-19,Raipur,Chhattisgarh,Central,21.2514,81.6296,36.1,42.8,5.6,0.0
2025-04-20,Raipur,Chhattisgarh,Central,21.2514,81.6296,36.6,43.9,13.9,0.0
2025-04-21,Raipur,Chhattisgarh,Central,21.2514,81.6296,38.0,48.4,11.5,0.0
2025-04-22,Raipur,Chhattisgarh,Central,21.2514,81.6296,38.8,37.8,8.9,0.0
2025-04-23,Raipur,Chhattisgarh,Central,21.2514,81.6296,39.5,46.0,11.7,0.0
2025-04-24,Raipur,Chhattisgarh,Central,21.2514,81.6296,40.7,41.9,15.4,0.0
2025-04-25,Raipur,Chhattisgarh,Central,21.2514,81.6296,39.5,49.3,14.7,0.0
2025-04-26,Raipur,Chhattisgarh,Central,21.2514,81.6296,39.3,50.0,13.8,0.0
2025-04-27,Raipur,Chhattisgarh,Central,21.2514,81.6296,41.4,45.0,6.5,0.0
2025-04-28,Raipur,Chhattisgarh,Central,21.2514,81.6296,39.9,41.5,20.3,0.0
2025-04-29,Raipur,Chhattisgarh,Central,21.2514,81.6296,42.1,29.7,12.0,0.0
2025-04-30,Raipur,Chhattisgarh,Central,21.2514,81.6296,41.9,40.3,16.8,0.0
2025-05-01,Raipur,Chhattisgarh,Central,21.2514,81.6296,40.6,42.1,7.5,0.0
2025-05-02,Raipur,Chhattisgarh,Central,21.2514,81.6296,43.8,33.3,12.6,0.0
2025-05-03,Raipur,Chhattisgarh,Central,21.2514,81.6296,43.2,47.5,7.8,0.0
2025-05-04,Raipur,Chhattisgarh,Central,21.2514,81.6296,41.9,39.7,2.8,0.0
2025-05-05,Raipur,Chhattisgarh,Central,21.2514,81.6296,43.4,34.8,9.0,0.0
2025-05-06,Raipur,Chhattisgarh,Central,21.2514,81.6296,40.7,34.7,18.6,0.0
2025-05-07,Raipur,Chhattisgarh,Central,21.2514,81.6296,42.9,40.6,11.4,0.0
2025-05-08,Raipur,Chhattisgarh,Central,21.2514,81.6296,42.7,40.4,9.4,0.0
2025-05-09,Raipur,Chhattisgarh,Central,21.2514,81.6296,41.1,45.4,15.5,0.0
2025-05-10,Raipur,Chhattisgarh,Central,21.2514,81.6296,40.0,57.5,7.2,0.0
2025-05-11,Raipur,Chhattisgarh,Central,21.2514,81.6296,42.0,40.4,14.0,0.0
2025-05-12,Raipur,Chhattisgarh,Central,21.2514,81.6296,43.1,47.0,6.5,0.0
2025-05-13,Raipur,Chhattisgarh,Central,21.2514,81.6296,38.8,44.6,7.3,0.0
2025-05-14,Raipur,Chhattisgarh,Central,21.2514,81.6296,43.2,52.3,7.6,0.0
2025-05-15,Raipur,Chhattisgarh,Central,21.2514,81.6296,40.6,40.0,11.3,0.0
2025-05-16,Raipur,Chhattisgarh,Central,21.2514,81.6296,41.3,48.6,17.0,0.0
2025-05-17,Raipur,Chhattisgarh,Central,21.2514,81.6296,42.6,37.6,13.0,0.0
2025-05-18,Raipur,Chhattisgarh,Central,21.2514,81.6296,42.7,52.4,18.0,0.0
2025-05-19,Raipur,Chhattisgarh,Central,21.2514,81.6296,40.6,45.9,17.1,0.0
2025-05-20,Raipur,Chhattisgarh,Central,21.2514,81.6296,39.3,40.1,13.7,0.0
2025-05-21,Raipur,Chhattisgarh,Central,21.2514,81.6296,42.5,50.0,10.1,0.0
2025-05-22,Raipur,Chhattisgarh,Central,21.2514,81.6296,46.3,45.6,12.4,0.0
2025-05-23,Raipur,Chhattisgarh,Central,21.2514,81.6296,43.0,55.2,10.8,0.0
2025-05-24,Raipur,Chhattisgarh,Central,21.2514,81.6296,40.4,45.3,11.5,0.0
2025-05-25,Raipur,Chhattisgarh,Central,21.2514,81.6296,42.3,43.0,12.5,0.0
2025-05-26,Raipur,Chhattisgarh,Central,21.2514,81.6296,45.1,37.0,15.2,0.0
2025-05-27,Raipur,Chhattisgarh,Central,21.2514,81.6296,38.7,55.5,9.9,0.0
2025-05-28,Raipur,Chhattisgarh,Central,21.2514,81.6296,40.9,49.8,16.5,0.0
2025-05-29,Raipur,Chhattisgarh,Central,21.2514,81.6296,44.7,38.2,15.9,0.0
2025-05-30,Raipur,Chhattisgarh,Central,21.2514,81.6296,41.3,38.6,10.4,0.0
2025-05-31,Raipur,Chhattisgarh,Central,21.2514,81.6296,39.0,42.8,8.2,0.0
2025-06-01,Raipur,Chhattisgarh,Central,21.2514,81.6296,43.7,40.3,7.6,0.0
2025-06-02,Raipur,Chhattisgarh,Central,21.2514,81.6296,40.7,44.1,13.3,0.0
2025-06-03,Raipur,Chhattisgarh,Central,21.2514,81.6296,44.0,43.8,16.3,0.0
2025-06-04,Raipur,Chhattisgarh,Central,21.2514,81.6296,42.5,45.0,6.1,0.0
2025-06-05,Raipur,Chhattisgarh,Central,21.2514,81.6296,41.7,37.2,15.9,0.0
2025-06-06,Raipur,Chhattisgarh,Central,21.2514,81.6296,41.6,54.8,8.7,0.0
2025-06-07,Raipur,Chhattisgarh,Central,21.2514,81.6296,44.1,47.6,15.2,0.0
2025-06-08,Raipur,Chhattisgarh,Central,21.2514,81.6296,42.3,37.9,9.4,0.0
2025-06-09,Raipur,Chhattisgarh,Central,21.2514,81.6296,42.7,38.2,11.6,0.0
2025-06-10,Raipur,Chhattisgarh,Central,21.2514,81.6296,40.5,38.5,22.7,0.0
2025-06-11,Raipur,Chhattisgarh,Central,21.2514,81.6296,41.5,44.8,15.5,0.0
2025-06-12,Raipur,Chhattisgarh,Central,21.2514,81.6296,41.5,45.4,12.4,0.0
2025-06-13,Raipur,Chhattisgarh,Central,21.2514,81.6296,38.9,47.7,8.0,0.0
2025-06-14,Raipur,Chhattisgarh,Central,21.2514,81.6296,41.0,54.6,11.1,0.0
2025-06-15,Raipur,Chhattisgarh,Central,21.2514,81.6296,45.3,44.5,10.2,0.0
2025-06-16,Raipur,Chhattisgarh,Central,21.2514,81.6296,42.7,46.8,10.0,0.0
2025-06-17,Raipur,Chhattisgarh,Central,21.2514,81.6296,42.7,42.8,6.0,0.0
2025-06-18,Raipur,Chhattisgarh,Central,21.2514,81.6296,41.1,42.0,18.5,0.0
2025-06-19,Raipur,Chhattisgarh,Central,21.2514,81.6296,43.2,29.9,16.8,0.0
2025-06-20,Raipur,Chhattisgarh,Central,21.2514,81.6296,44.1,45.8,2.4,0.0
2025-06-21,Raipur,Chhattisgarh,Central,21.2514,81.6296,43.1,38.6,6.8,2.2
2025-06-22,Raipur,Chhattisgarh,Central,21.2514,81.6296,43.1,45.7,14.2,0.0
2025-06-23,Raipur,Chhattisgarh,Central,21.2514,81.6296,43.4,49.2,6.5,0.0
2025-06-24,Raipur,Chhattisgarh,Central,21.2514,81.6296,39.4,46.4,8.2,0.0
2025-06-25,Raipur,Chhattisgarh,Central,21.2514,81.6296,39.5,39.6,7.9,0.0
2025-06-26,Raipur,Chhattisgarh,Central,21.2514,81.6296,43.3,42.0,11.5,0.0
2025-06-27,Raipur,Chhattisgarh,Central,21.2514,81.6296,41.6,40.3,7.2,0.0
2025-06-28,Raipur,Chhattisgarh,Central,21.2514,81.6296,43.3,47.9,5.8,0.0
2025-06-29,Raipur,Chhattisgarh,Central,21.2514,81.6296,42.1,47.0,14.3,0.0
2025-06-30,Raipur,Chhattisgarh,Central,21.2514,81.6296,40.8,38.8,17.4,0.0
2025-07-01,Raipur,Chhattisgarh,Central,21.2514,81.6296,40.8,41.9,9.8,0.0
2025-07-02,Raipur,Chhattisgarh,Central,21.2514,81.6296,40.2,40.6,8.4,0.0
2025-07-03,Raipur,Chhattisgarh,Central,21.2514,81.6296,42.3,32.8,10.6,0.0
2025-07-04,Raipur,Chhattisgarh,Central,21.2514,81.6296,41.0,56.0,14.1,0.0
2025-07-05,Raipur,Chhattisgarh,Central,21.2514,81.6296,46.5,49.5,9.1,0.0
2025-07-06,Raipur,Chhattisgarh,Central,21.2514,81.6296,36.7,47.7,12.7,0.0
2025-07-07,Raipur,Chhattisgarh,Central,21.2514,81.6296,39.8,46.2,10.3,0.0
2025-07-08,Raipur,Chhattisgarh,Central,21.2514,81.6296,39.8,46.3,10.4,0.0
2025-07-09,Raipur,Chhattisgarh,Central,21.2514,81.6296,41.8,46.4,18.4,0.0
2025-07-10,Raipur,Chhattisgarh,Central,21.2514,81.6296,39.7,45.2,7.3,0.0
2025-07-11,Raipur,Chhattisgarh,Central,21.2514,81.6296,42.8,54.5,17.0,0.0
2025-07-12,Raipur,Chhattisgarh,Central,21.2514,81.6296,38.1,56.9,8.3,0.0
2025-07-13,Raipur,Chhattisgarh,Central,21.2514,81.6296,39.5,41.3,15.2,0.0
2025-07-14,Raipur,Chhattisgarh,Central,21.2514,81.6296,38.8,61.3,11.8,0.0
2025-07-15,Raipur,Chhattisgarh,Central,21.2514,81.6296,39.5,45.7,8.5,4.2
2025-07-16,Raipur,Chhattisgarh,Central,21.2514,81.6296,40.4,57.0,9.6,0.6
2025-07-17,Raipur,Chhattisgarh,Central,21.2514,81.6296,39.7,47.8,14.0,0.0
2025-07-18,Raipur,Chhattisgarh,Central,21.2514,81.6296,38.5,43.5,6.2,0.0
2025-07-19,Raipur,Chhattisgarh,Central,21.2514,81.6296,39.6,44.7,12.1,0.0
2025-07-20,Raipur,Chhattisgarh,Central,21.2514,81.6296,40.2,44.3,6.6,0.0
2025-07-21,Raipur,Chhattisgarh,Central,21.2514,81.6296,37.0,41.9,11.3,0.0
2025-07-22,Raipur,Chhattisgarh,Central,21.2514,81.6296,37.4,42.2,9.6,0.0
2025-07-23,Raipur,Chhattisgarh,Central,21.2514,81.6296,41.4,28.8,10.2,0.0
2025-07-24,Raipur,Chhattisgarh,Central,21.2514,81.6296,37.9,55.5,13.7,0.0
2025-07-25,Raipur,Chhattisgarh,Central,21.2514,81.6296,38.0,53.6,8.9,0.6
2025-07-26,Raipur,Chhattisgarh,Central,21.2514,81.6296,37.1,48.0,12.8,2.2
2025-07-27,Raipur,Chhattisgarh,Central,21.2514,81.6296,38.3,43.9,13.5,0.0
2025-07-28,Raipur,Chhattisgarh,Central,21.2514,81.6296,39.0,56.0,11.3,0.0
2025-07-29,Raipur,Chhattisgarh,Central,21.2514,81.6296,38.0,59.6,13.0,0.0
2025-07-30,Raipur,Chhattisgarh,Central,21.2514,81.6296,39.0,48.8,16.9,0.0
2025-07-31,Raipur,Chhattisgarh,Central,21.2514,81.6296,36.0,50.5,10.5,0.0
2025-08-01,Raipur,Chhattisgarh,Central,21.2514,81.6296,36.3,51.7,13.1,0.0
2025-08-02,Raipur,Chhattisgarh,Central,21.2514,81.6296,37.6,45.7,15.4,1.7
2025-08-03,Raipur,Chhattisgarh,Central,21.2514,81.6296,36.7,52.4,11.2,0.0
2025-08-04,Raipur,Chhattisgarh,Central,21.2514,81.6296,35.0,54.2,4.8,0.0
2025-08-05,Raipur,Chhattisgarh,Central,21.2514,81.6296,37.6,47.5,19.8,0.0
2025-08-06,Raipur,Chhattisgarh,Central,21.2514,81.6296,37.7,49.3,15.8,0.0
2025-08-07,Raipur,Chhattisgarh,Central,21.2514,81.6296,39.9,56.6,19.8,0.0
2025-08-08,Raipur,Chhattisgarh,Central,21.2514,81.6296,37.5,52.8,8.3,0.0
2025-08-09,Raipur,Chhattisgarh,Central,21.2514,81.6296,36.0,32.1,21.9,0.0
2025-08-10,Raipur,Chhattisgarh,Central,21.2514,81.6296,35.9,42.8,10.7,0.0
2025-08-11,Raipur,Chhattisgarh,Central,21.2514,81.6296,34.6,57.7,9.7,0.0
2025-08-12,Raipur,Chhattisgarh,Central,21.2514,81.6296,34.3,58.0,17.5,1.3
2025-08-13,Raipur,Chhattisgarh,Central,21.2514,81.6296,37.6,43.8,12.4,0.0
2025-08-14,Raipur,Chhattisgarh,Central,21.2514,81.6296,34.7,48.4,6.7,1.1
2025-08-15,Raipur,Chhattisgarh,Central,21.2514,81.6296,35.9,44.8,12.0,0.3
2025-08-16,Raipur,Chhattisgarh,Central,21.2514,81.6296,37.5,49.0,14.1,0.0
2025-08-17,Raipur,Chhattisgarh,Central,21.2514,81.6296,37.4,56.9,11.3,0.0
2025-08-18,Raipur,Chhattisgarh,Central,21.2514,81.6296,35.1,50.5,16.9,3.4
2025-08-19,Raipur,Chhattisgarh,Central,21.2514,81.6296,33.8,62.1,12.5,0.0
2025-08-20,Raipur,Chhattisgarh,Central,21.2514,81.6296,34.3,60.7,7.7,0.0
2025-08-21,Raipur,Chhattisgarh,Central,21.2514,81.6296,34.4,61.5,11.5,4.6
2025-08-22,Raipur,Chhattisgarh,Central,21.2514,81.6296,33.2,49.6,14.4,0.0
2025-08-23,Raipur,Chhattisgarh,Central,21.2514,81.6296,33.6,47.9,4.4,0.0
2025-08-24,Raipur,Chhattisgarh,Central,21.2514,81.6296,37.8,48.7,13.0,0.8
2025-08-25,Raipur,Chhattisgarh,Central,21.2514,81.6296,30.1,71.4,12.8,0.2
2025-08-26,Raipur,Chhattisgarh,Central,21.2514,81.6296,33.7,64.1,5.7,1.1
2025-08-27,Raipur,Chhattisgarh,Central,21.2514,81.6296,36.0,47.4,18.0,2.1
2025-08-28,Raipur,Chhattisgarh,Central,21.2514,81.6296,35.3,52.1,16.1,0.4
2025-08-29,Raipur,Chhattisgarh,Central,21.2514,81.6296,33.4,58.3,6.5,4.6
2025-08-30,Raipur,Chhattisgarh,Central,21.2514,81.6296,33.9,46.6,10.3,2.1
2025-08-31,Raipur,Chhattisgarh,Central,21.2514,81.6296,36.7,47.9,16.4,4.5
2025-09-01,Raipur,Chhattisgarh,Central,21.2514,81.6296,32.9,58.0,13.6,0.2
2025-09-02,Raipur,Chhattisgarh,Central,21.2514,81.6296,34.1,59.4,13.6,0.5
2025-09-03,Raipur,Chhattisgarh,Central,21.2514,81.6296,35.1,50.8,12.8,2.4
2025-09-04,Raipur,Chhattisgarh,Central,21.2514,81.6296,31.5,54.0,12.7,2.4
2025-09-05,Raipur,Chhattisgarh,Central,21.2514,81.6296,33.8,51.4,13.2,4.6
2025-09-06,Raipur,Chhattisgarh,Central,21.2514,81.6296,33.8,59.2,12.4,1.2
2025-09-07,Raipur,Chhattisgarh,Central,21.2514,81.6296,34.5,56.1,14.0,2.1
2025-09-08,Raipur,Chhattisgarh,Central,21.2514,81.6296,35.6,48.4,15.3,1.4
2025-09-09,Raipur,Chhattisgarh,Central,21.2514,81.6296,35.4,62.6,6.5,4.8
2025-09-10,Raipur,Chhattisgarh,Central,21.2514,81.6296,33.4,57.8,7.6,3.1
2025-09-11,Raipur,Chhattisgarh,Central,21.2514,81.6296,36.8,54.9,7.7,1.3
2025-09-12,Raipur,Chhattisgarh,Central,21.2514,81.6296,30.8,48.7,16.4,0.4
2025-09-13,Raipur,Chhattisgarh,Central,21.2514,81.6296,31.2,54.4,11.2,1.6
2025-09-14,Raipur,Chhattisgarh,Central,21.2514,81.6296,33.9,59.6,9.7,0.3
2025-09-15,Raipur,Chhattisgarh,Central,21.2514,81.6296,33.6,56.3,12.4,0.3
2025-09-16,Raipur,Chhattisgarh,Central,21.2514,81.6296,29.3,57.7,13.3,1.9
2025-09-17,Raipur,Chhattisgarh,Central,21.2514,81.6296,34.2,48.4,11.0,1.8
2025-09-18,Raipur,Chhattisgarh,Central,21.2514,81.6296,30.1,67.1,17.0,0.3
2025-09-19,Raipur,Chhattisgarh,Central,21.2514,81.6296,31.5,46.4,14.5,2.4
2025-09-20,Raipur,Chhattisgarh,Central,21.2514,81.6296,32.9,67.1,12.2,1.5
2025-09-21,Raipur,Chhattisgarh,Central,21.2514,81.6296,33.0,53.1,16.7,0.1
2025-09-22,Raipur,Chhattisgarh,Central,21.2514,81.6296,29.8,54.7,13.8,3.3
2025-09-23,Raipur,Chhattisgarh,Central,21.2514,81.6296,30.7,50.7,10.6,1.6
2025-09-24,Raipur,Chhattisgarh,Central,21.2514,81.6296,30.7,65.9,7.5,1.1
2025-09-25,Raipur,Chhattisgarh,Central,21.2514,81.6296,30.8,50.4,7.2,4.4
2025-09-26,Raipur,Chhattisgarh,Central,21.2514,81.6296,33.9,62.7,14.1,4.3
2025-09-27,Raipur,Chhattisgarh,Central,21.2514,81.6296,28.5,55.1,10.0,0.2
2025-09-28,Raipur,Chhattisgarh,Central,21.2514,81.6296,28.4,64.5,15.5,2.1
2025-09-29,Raipur,Chhattisgarh,Central,21.2514,81.6296,30.9,61.8,8.0,1.0
2025-09-30,Raipur,Chhattisgarh,Central,21.2514,81.6296,27.8,54.1,12.5,0.3
2025-10-01,Raipur,Chhattisgarh,Central,21.2514,81.6296,30.4,49.1,11.0,7.6
2025-10-02,Raipur,Chhattisgarh,Central,21.2514,81.6296,31.9,51.1,6.1,2.2
2025-10-03,Raipur,Chhattisgarh,Central,21.2514,81.6296,29.6,68.6,6.8,1.0
2025-10-04,Raipur,Chhattisgarh,Central,21.2514,81.6296,31.5,69.0,19.5,1.2
2025-10-05,Raipur,Chhattisgarh,Central,21.2514,81.6296,29.7,61.3,11.7,0.6
2025-10-06,Raipur,Chhattisgarh,Central,21.2514,81.6296,29.7,60.0,9.0,3.4
2025-10-07,Raipur,Chhattisgarh,Central,21.2514,81.6296,28.9,59.1,19.6,0.6
2025-10-08,Raipur,Chhattisgarh,Central,21.2514,81.6296,28.9,55.1,11.5,1.7
2025-10-09,Raipur,Chhattisgarh,Central,21.2514,81.6296,29.3,63.0,13.5,1.2
2025-10-10,Raipur,Chhattisgarh,Central,21.2514,81.6296,30.5,65.9,16.0,1.4
2025-10-11,Raipur,Chhattisgarh,Central,21.2514,81.6296,29.3,77.7,12.1,1.9
2025-10-12,Raipur,Chhattisgarh,Central,21.2514,81.6296,29.8,66.0,14.8,2.5
2025-10-13,Raipur,Chhattisgarh,Central,21.2514,81.6296,30.4,62.6,9.8,3.4
2025-10-14,Raipur,Chhattisgarh,Central,21.2514,81.6296,30.9,65.2,14.6,0.0
2025-10-15,Raipur,Chhattisgarh,Central,21.2514,81.6296,30.9,68.8,15.0,2.6
2025-10-16,Raipur,Chhattisgarh,Central,21.2514,81.6296,27.7,72.5,14.8,4.8
2025-10-17,Raipur,Chhattisgarh,Central,21.2514,81.6296,28.5,65.2,17.2,1.5
2025-10-18,Raipur,Chhattisgarh,Central,21.2514,81.6296,26.1,58.9,22.7,0.6
2025-10-19,Raipur,Chhattisgarh,Central,21.2514,81.6296,28.8,64.5,15.2,1.5
2025-10-20,Raipur,Chhattisgarh,Central,21.2514,81.6296,26.8,63.5,10.6,2.1
2025-10-21,Raipur,Chhattisgarh,Central,21.2514,81.6296,29.2,72.6,19.2,1.5
2025-10-22,Raipur,Chhattisgarh,Central,21.2514,81.6296,26.8,59.3,17.9,1.1
2025-10-23,Raipur,Chhattisgarh,Central,21.2514,81.6296,27.9,59.3,19.3,0.3
2025-10-24,Raipur,Chhattisgarh,Central,21.2514,81.6296,25.7,68.4,4.2,5.4
2025-10-25,Raipur,Chhattisgarh,Central,21.2514,81.6296,27.7,62.1,6.2,6.4
2025-10-26,Raipur,Chhattisgarh,Central,21.2514,81.6296,29.4,56.6,9.2,2.0
2025-10-27,Raipur,Chhattisgarh,Central,21.2514,81.6296,26.8,64.3,15.3,2.0
2025-10-28,Raipur,Chhattisgarh,Central,21.2514,81.6296,24.8,75.8,6.3,0.9
2025-10-29,Raipur,Chhattisgarh,Central,21.2514,81.6296,28.5,71.7,11.3,0.9
2025-10-30,Raipur,Chhattisgarh,Central,21.2514,81.6296,25.0,68.7,15.1,2.9
2025-10-31,Raipur,Chhattisgarh,Central,21.2514,81.6296,24.8,53.2,10.1,4.8
2025-11-01,Raipur,Chhattisgarh,Central,21.2514,81.6296,27.8,61.3,16.5,5.5
2025-11-02,Raipur,Chhattisgarh,Central,21.2514,81.6296,29.0,60.0,16.3,0.9
2025-11-03,Raipur,Chhattisgarh,Central,21.2514,81.6296,26.2,65.1,16.3,3.7
2025-11-04,Raipur,Chhattisgarh,Central,21.2514,81.6296,28.5,76.0,13.6,0.7
2025-11-05,Raipur,Chhattisgarh,Central,21.2514,81.6296,25.4,73.3,11.9,3.0
2025-11-06,Raipur,Chhattisgarh,Central,21.2514,81.6296,23.1,61.2,14.7,0.3
2025-11-07,Raipur,Chhattisgarh,Central,21.2514,81.6296,26.4,54.5,2.5,2.2
2025-11-08,Raipur,Chhattisgarh,Central,21.2514,81.6296,28.9,69.8,11.6,0.6
2025-11-09,Raipur,Chhattisgarh,Central,21.2514,81.6296,29.0,75.6,9.4,0.9
2025-11-10,Raipur,Chhattisgarh,Central,21.2514,81.6296,23.6,65.7,6.8,1.0
2025-11-11,Raipur,Chhattisgarh,Central,21.2514,81.6296,26.1,58.5,7.8,0.3
2025-11-12,Raipur,Chhattisgarh,Central,21.2514,81.6296,26.0,74.4,15.8,5.7
2025-11-13,Raipur,Chhattisgarh,Central,21.2514,81.6296,26.5,62.5,6.7,3.2
2025-11-14,Raipur,Chhattisgarh,Central,21.2514,81.6296,29.4,65.4,13.7,1.6
2025-11-15,Raipur,Chhattisgarh,Central,21.2514,81.6296,24.3,61.8,10.2,1.9
2025-11-16,Raipur,Chhattisgarh,Central,21.2514,81.6296,24.7,66.9,13.8,1.5
2025-11-17,Raipur,Chhattisgarh,Central,21.2514,81.6296,23.9,67.5,12.6,0.7
2025-11-18,Raipur,Chhattisgarh,Central,21.2514,81.6296,26.2,63.2,10.6,1.8
2025-11-19,Raipur,Chhattisgarh,Central,21.2514,81.6296,26.4,65.3,12.6,0.2
2025-11-20,Raipur,Chhattisgarh,Central,21.2514,81.6296,24.4,74.5,13.2,1.5
2025-11-21,Raipur,Chhattisgarh,Central,21.2514,81.6296,26.6,68.8,15.3,0.0
2025-11-22,Raipur,Chhattisgarh,Central,21.2514,81.6296,23.6,58.4,9.8,5.5
2025-11-23,Raipur,Chhattisgarh,Central,21.2514,81.6296,29.2,60.6,15.5,2.7
2025-11-24,Raipur,Chhattisgarh,Central,21.2514,81.6296,27.4,72.9,7.4,1.6
2025-11-25,Raipur,Chhattisgarh,Central,21.2514,81.6296,26.4,66.3,9.9,0.4
2025-11-26,Raipur,Chhattisgarh,Central,21.2514,81.6296,22.9,64.9,10.3,1.6
2025-11-27,Raipur,Chhattisgarh,Central,21.2514,81.6296,25.6,70.4,14.7,0.9
2025-11-28,Raipur,Chhattisgarh,Central,21.2514,81.6296,22.7,65.6,15.0,1.3
2025-11-29,Raipur,Chhattisgarh,Central,21.2514,81.6296,28.7,68.1,5.9,0.3
2025-11-30,Raipur,Chhattisgarh,Central,21.2514,81.6296,26.7,70.2,22.2,0.0
2025-12-01,Raipur,Chhattisgarh,Central,21.2514,81.6296,24.8,70.6,8.9,0.3
2025-12-02,Raipur,Chhattisgarh,Central,21.2514,81.6296,24.4,56.1,11.4,10.0
2025-12-03,Raipur,Chhattisgarh,Central,21.2514,81.6296,28.9,78.6,10.2,0.3
2025-12-04,Raipur,Chhattisgarh,Central,21.2514,81.6296,23.5,62.5,16.6,2.8
2025-12-05,Raipur,Chhattisgarh,Central,21.2514,81.6296,27.0,67.7,9.3,1.6
2025-12-06,Raipur,Chhattisgarh,Central,21.2514,81.6296,26.5,69.4,10.3,4.5
2025-12-07,Raipur,Chhattisgarh,Central,21.2514,81.6296,26.2,61.7,16.6,3.2
2025-12-08,Raipur,Chhattisgarh,Central,21.2514,81.6296,27.9,65.6,14.7,0.1
2025-12-09,Raipur,Chhattisgarh,Central,21.2514,81.6296,28.6,60.1,14.4,0.5
2025-12-10,Raipur,Chhattisgarh,Central,21.2514,81.6296,25.1,66.9,10.9,2.6
2025-12-11,Raipur,Chhattisgarh,Central,21.2514,81.6296,28.4,62.2,7.0,0.2
2025-12-12,Raipur,Chhattisgarh,Central,21.2514,81.6296,25.7,61.9,18.0,4.9
2025-12-13,Raipur,Chhattisgarh,Central,21.2514,81.6296,22.4,70.1,8.5,1.8
2025-12-14,Raipur,Chhattisgarh,Central,21.2514,81.6296,25.6,74.7,13.5,0.4
2025-12-15,Raipur,Chhattisgarh,Central,21.2514,81.6296,25.2,64.9,9.6,6.7
2025-12-16,Raipur,Chhattisgarh,Central,21.2514,81.6296,23.2,73.6,14.5,0.8
2025-12-17,Raipur,Chhattisgarh,Central,21.2514,81.6296,25.5,62.7,14.1,0.8
2025-12-18,Raipur,Chhattisgarh,Central,21.2514,81.6296,23.6,74.2,8.0,2.1
2025-12-19,Raipur,Chhattisgarh,Central,21.2514,81.6296,27.5,61.5,7.0,1.2
2025-12-20,Raipur,Chhattisgarh,Central,21.2514,81.6296,23.9,65.6,9.6,0.1
2025-12-21,Raipur,Chhattisgarh,Central,21.2514,81.6296,28.4,71.0,13.8,5.0
2025-12-22,Raipur,Chhattisgarh,Central,21.2514,81.6296,27.7,66.2,6.4,10.2
2025-12-23,Raipur,Chhattisgarh,Central,21.2514,81.6296,27.9,68.3,8.5,0.1
2025-12-24,Raipur,Chhattisgarh,Central,21.2514,81.6296,27.6,68.1,11.2,2.2
2025-12-25,Raipur,Chhattisgarh,Central,21.2514,81.6296,26.5,70.8,11.8,0.5
2025-12-26,Raipur,Chhattisgarh,Central,21.2514,81.6296,28.0,60.2,10.1,0.0
2025-12-27,Raipur,Chhattisgarh,Central,21.2514,81.6296,27.9,63.8,20.8,5.1
2025-12-28,Raipur,Chhattisgarh,Central,21.2514,81.6296,27.9,73.2,12.2,0.8
2025-12-29,Raipur,Chhattisgarh,Central,21.2514,81.6296,28.5,73.1,10.2,0.8
2025-12-30,Raipur,Chhattisgarh,Central,21.2514,81.6296,24.8,66.6,8.6,10.1
2025-12-31,Raipur,Chhattisgarh,Central,21.2514,81.6296,30.1,78.6,13.4,4.2
2025-01-01,Chandigarh,Chandigarh,Northwest,30.7333,76.7794,29.1,68.6,3.9,1.6
2025-01-02,Chandigarh,Chandigarh,Northwest,30.7333,76.7794,31.2,71.9,15.3,1.3
2025-01-03,Chandigarh,Chandigarh,Northwest,30.7333,76.7794,29.2,60.2,12.6,1.1
2025-01-04,Chandigarh,Chandigarh,Northwest,30.7333,76.7794,31.2,61.7,13.3,1.0
2025-01-05,Chandigarh,Chandigarh,Northwest,30.7333,76.7794,28.2,56.8,13.6,1.9
2025-01-06,Chandigarh,Chandigarh,Northwest,30.7333,76.7794,28.6,66.0,13.0,0.1
2025-01-07,Chandigarh,Chandigarh,Northwest,30.7333,76.7794,30.0,73.7,18.7,0.0
2025-01-08,Chandigarh,Chandigarh,Northwest,30.7333,76.7794,30.0,64.1,14.9,2.3
2025-01-09,Chandigarh,Chandigarh,Northwest,30.7333,76.7794,29.9,66.9,18.9,0.3
2025-01-10,Chandigarh,Chandigarh,Northwest,30.7333,76.7794,32.0,66.9,8.7,0.6
2025-01-11,Chandigarh,Chandigarh,Northwest,30.7333,76.7794,31.4,69.8,9.9,0.4
2025-01-12,Chandigarh,Chandigarh,Northwest,30.7333,76.7794,29.1,61.0,5.7,3.8
2025-01-13,Chandigarh,Chandigarh,Northwest,30.7333,76.7794,31.0,71.9,15.5,2.5
2025-01-14,Chandigarh,Chandigarh,Northwest,30.7333,76.7794,28.8,66.9,15.5,4.6
2025-01-15,Chandigarh,Chandigarh,Northwest,30.7333,76.7794,29.5,61.5,16.0,0.8
2025-01-16,Chandigarh,Chandigarh,Northwest,30.7333,76.7794,28.6,52.6,16.3,0.2
2025-01-17,Chandigarh,Chandigarh,Northwest,30.7333,76.7794,26.9,56.3,14.6,0.1
2025-01-18,Chandigarh,Chandigarh,Northwest,30.7333,76.7794,30.1,59.1,12.9,1.1
2025-01-19,Chandigarh,Chandigarh,Northwest,30.7333,76.7794,30.7,74.4,13.0,0.4
2025-01-20,Chandigarh,Chandigarh,Northwest,30.7333,76.7794,30.9,67.3,13.0,2.0
2025-01-21,Chandigarh,Chandigarh,Northwest,30.7333,76.7794,30.7,78.4,9.9,2.8
2025-01-22,Chandigarh,Chandigarh,Northwest,30.7333,76.7794,31.2,65.7,15.3,0.9
2025-01-23,Chandigarh,Chandigarh,Northwest,30.7333,76.7794,31.9,73.1,8.9,1.5
2025-01-24,Chandigarh,Chandigarh,Northwest,30.7333,76.7794,31.6,60.7,17.5,0.3
2025-01-25,Chandigarh,Chandigarh,Northwest,30.7333,76.7794,31.9,71.3,12.9,8.9
2025-01-26,Chandigarh,Chandigarh,Northwest,30.7333,76.7794,32.7,58.8,10.2,0.2
2025-01-27,Chandigarh,Chandigarh,Northwest,30.7333,76.7794,30.7,59.2,9.7,1.7
2025-01-28,Chandigarh,Chandigarh,Northwest,30.7333,76.7794,31.3,67.3,7.0,0.6
2025-01-29,Chandigarh,Chandigarh,Northwest,30.7333,76.7794,32.1,59.8,7.9,1.8
2025-01-30,Chandigarh,Chandigarh,Northwest,30.7333,76.7794,33.3,58.2,9.9,1.0
2025-01-31,Chandigarh,Chandigarh,Northwest,30.7333,76.7794,30.0,62.4,14.5,0.1
2025-02-01,Chandigarh,Chandigarh,Northwest,30.7333,76.7794,31.9,48.7,10.0,0.9
2025-02-02,Chandigarh,Chandigarh,Northwest,30.7333,76.7794,33.9,56.4,10.4,1.3
2025-02-03,Chandigarh,Chandigarh,Northwest,30.7333,76.7794,31.7,60.1,14.6,2.4
2025-02-04,Chandigarh,Chandigarh,Northwest,30.7333,76.7794,34.8,65.6,11.8,1.1
2025-02-05,Chandigarh,Chandigarh,Northwest,30.7333,76.7794,36.1,60.8,6.5,0.8
2025-02-06,Chandigarh,Chandigarh,Northwest,30.7333,76.7794,33.0,59.0,8.6,1.9
2025-02-07,Chandigarh,Chandigarh,Northwest,30.7333,76.7794,33.5,54.4,10.8,0.5
2025-02-08,Chandigarh,Chandigarh,Northwest,30.7333,76.7794,34.4,61.4,14.6,0.2
2025-02-09,Chandigarh,Chandigarh,Northwest,30.7333,76.7794,36.2,53.8,19.6,1.7
2025-02-10,Chandigarh,Chandigarh,Northwest,30.7333,76.7794,35.5,55.3,16.1,2.5
2025-02-11,Chandigarh,Chandigarh,Northwest,30.7333,76.7794,32.2,63.5,13.2,0.1
2025-02-12,Chandigarh,Chandigarh,Northwest,30.7333,76.7794,33.3,58.1,6.0,1.0
2025-02-13,Chandigarh,Chandigarh,Northwest,30.7333,76.7794,31.6,61.4,11.2,1.5
2025-02-14,Chandigarh,Chandigarh,Northwest,30.7333,76.7794,32.7,70.5,17.0,1.6
2025-02-15,Chandigarh,Chandigarh,Northwest,30.7333,76.7794,35.4,53.4,8.4,1.4
2025-02-16,Chandigarh,Chandigarh,Northwest,30.7333,76.7794,35.8,58.4,3.8,0.9
2025-02-17,Chandigarh,Chandigarh,Northwest,30.7333,76.7794,35.8,59.3,15.8,1.7
2025-02-18,Chandigarh,Chandigarh,Northwest,30.7333,76.7794,37.9,65.8,11.9,0.1
2025-02-19,Chandigarh,Chandigarh,Northwest,30.7333,76.7794,34.9,63.0,9.6,2.3
2025-02-20,Chandigarh,Chandigarh,Northwest,30.7333,76.7794,37.5,50.6,13.6,1.4
2025-02-21,Chandigarh,Chandigarh,Northwest,30.7333,76.7794,35.6,46.7,10.7,1.5
2025-02-22,Chandigarh,Chandigarh,Northwest,30.7333,76.7794,35.2,47.6,15.5,6.1
2025-02-23,Chandigarh,Chandigarh,Northwest,30.7333,76.7794,32.6,57.0,12.4,0.9
2025-02-24,Chandigarh,Chandigarh,Northwest,30.7333,76.7794,33.4,68.2,17.4,0.3
2025-02-25,Chandigarh,Chandigarh,Northwest,30.7333,76.7794,36.3,56.8,9.7,0.3
2025-02-26,Chandigarh,Chandigarh,Northwest,30.7333,76.7794,36.5,68.4,8.1,3.8
2025-02-27,Chandigarh,Chandigarh,Northwest,30.7333,76.7794,35.4,46.2,9.0,1.2
2025-02-28,Chandigarh,Chandigarh,Northwest,30.7333,76.7794,39.4,70.5,4.4,0.5
2025-03-01,Chandigarh,Chandigarh,Northwest,30.7333,76.7794,32.8,55.8,9.4,0.0
2025-03-02,Chandigarh,Chandigarh,Northwest,30.7333,76.7794,34.4,43.3,16.9,4.6
2025-03-03,Chandigarh,Chandigarh,Northwest,30.7333,76.7794,37.0,57.8,17.1,1.3
2025-03-04,Chandigarh,Chandigarh,Northwest,30.7333,76.7794,34.1,51.9,13.7,0.7
2025-03-05,Chandigarh,Chandigarh,Northwest,30.7333,76.7794,37.5,48.8,14.1,2.0
2025-03-06,Chandigarh,Chandigarh,Northwest,30.7333,76.7794,40.0,61.6,14.5,0.0
2025-03-07,Chandigarh,Chandigarh,Northwest,30.7333,76.7794,34.6,52.6,19.0,1.7
2025-03-08,Chandigarh,Chandigarh,Northwest,30.7333,76.7794,35.7,47.7,16.4,1.3
2025-03-09,Chandigarh,Chandigarh,Northwest,30.7333,76.7794,37.9,52.6,16.4,1.8
2025-03-10,Chandigarh,Chandigarh,Northwest,30.7333,76.7794,34.1,52.6,15.5,0.0
2025-03-11,Chandigarh,Chandigarh,Northwest,30.7333,76.7794,33.9,48.8,14.2,0.0
2025-03-12,Chandigarh,Chandigarh,Northwest,30.7333,76.7794,37.7,58.5,12.6,0.0
2025-03-13,Chandigarh,Chandigarh,Northwest,30.7333,76.7794,39.5,52.6,12.1,0.0
2025-03-14,Chandigarh,Chandigarh,Northwest,30.7333,76.7794,39.3,53.7,8.4,0.0
2025-03-15,Chandigarh,Chandigarh,Northwest,30.7333,76.7794,38.5,49.1,14.6,0.0
2025-03-16,Chandigarh,Chandigarh,Northwest,30.7333,76.7794,38.8,55.0,10.2,0.6
2025-03-17,Chandigarh,Chandigarh,Northwest,30.7333,76.7794,38.2,58.7,14.6,0.0
2025-03-18,Chandigarh,Chandigarh,Northwest,30.7333,76.7794,35.0,58.7,9.2,0.0
2025-03-19,Chandigarh,Chandigarh,Northwest,30.7333,76.7794,40.4,51.5,12.1,0.0
2025-03-20,Chandigarh,Chandigarh,Northwest,30.7333,76.7794,36.9,46.7,14.3,0.0
2025-03-21,Chandigarh,Chandigarh,Northwest,30.7333,76.7794,43.3,50.6,9.3,0.0
2025-03-22,Chandigarh,Chandigarh,Northwest,30.7333,76.7794,40.0,43.6,11.8,0.0
2025-03-23,Chandigarh,Chandigarh,Northwest,30.7333,76.7794,41.7,53.7,10.9,0.0
2025-03-24,Chandigarh,Chandigarh,Northwest,30.7333,76.7794,39.2,51.4,9.0,1.6
2025-03-25,Chandigarh,Chandigarh,Northwest,30.7333,76.7794,42.9,57.2,14.0,2.9
2025-03-26,Chandigarh,Chandigarh,Northwest,30.7333,76.7794,37.5,58.3,8.8,0.0
2025-03-27,Chandigarh,Chandigarh,Northwest,30.7333,76.7794,37.6,46.2,9.8,0.0
2025-03-28,Chandigarh,Chandigarh,Northwest,30.7333,76.7794,40.8,50.9,11.9,0.0
2025-03-29,Chandigarh,Chandigarh,Northwest,30.7333,76.7794,41.5,47.0,7.7,0.0
2025-03-30,Chandigarh,Chandigarh,Northwest,30.7333,76.7794,38.3,48.9,12.2,0.0
2025-03-31,Chandigarh,Chandigarh,Northwest,30.7333,76.7794,37.6,44.8,6.8,0.0
2025-04-01,Chandigarh,Chandigarh,Northwest,30.7333,76.7794,41.7,40.0,12.1,0.0
2025-04-02,Chandigarh,Chandigarh,Northwest,30.7333,76.7794,42.8,55.2,13.5,4.0
2025-04-03,Chandigarh,Chandigarh,Northwest,30.7333,76.7794,38.2,48.6,8.8,0.0
2025-04-04,Chandigarh,Chandigarh,Northwest,30.7333,76.7794,39.5,55.4,11.9,0.0
2025-04-05,Chandigarh,Chandigarh,Northwest,30.7333,76.7794,38.3,46.0,12.1,0.0
2025-04-06,Chandigarh,Chandigarh,Northwest,30.7333,76.7794,35.1,42.9,9.9,0.0
2025-04-07,Chandigarh,Chandigarh,Northwest,30.7333,76.7794,38.6,43.1,14.6,0.0
2025-04-08,Chandigarh,Chandigarh,Northwest,30.7333,76.7794,42.4,40.2,2.6,0.0
2025-04-09,Chandigarh,Chandigarh,Northwest,30.7333,76.7794,43.1,55.1,10.7,0.0
2025-04-10,Chandigarh,Chandigarh,Northwest,30.7333,76.7794,42.9,48.2,12.5,0.0
2025-04-11,Chandigarh,Chandigarh,Northwest,30.7333,76.7794,43.4,35.7,15.6,0.0
2025-04-12,Chandigarh,Chandigarh,Northwest,30.7333,76.7794,43.6,55.3,16.8,0.0
2025-04-13,Chandigarh,Chandigarh,Northwest,30.7333,76.7794,43.4,50.0,7.3,0.0
2025-04-14,Chandigarh,Chandigarh,Northwest,30.7333,76.7794,40.5,48.9,13.0,0.0
2025-04-15,Chandigarh,Chandigarh,Northwest,30.7333,76.7794,39.1,43.1,5.8,0.0
2025-04-16,Chandigarh,Chandigarh,Northwest,30.7333,76.7794,43.5,48.0,15.0,0.0
2025-04-17,Chandigarh,Chandigarh,Northwest,30.7333,76.7794,42.5,39.9,10.5,0.0
2025-04-18,Chandigarh,Chandigarh,Northwest,30.7333,76.7794,42.3,46.8,15.7,0.0
2025-04-19,Chandigarh,Chandigarh,Northwest,30.7333,76.7794,41.6,48.3,9.3,0.0
2025-04-20,Chandigarh,Chandigarh,Northwest,30.7333,76.7794,44.0,38.8,15.2,0.0
2025-04-21,Chandigarh,Chandigarh,Northwest,30.7333,76.7794,38.7,41.8,16.1,0.0
2025-04-22,Chandigarh,Chandigarh,Northwest,30.7333,76.7794,40.0,48.6,9.2,0.0
2025-04-23,Chandigarh,Chandigarh,Northwest,30.7333,76.7794,40.7,35.3,13.5,0.0
2025-04-24,Chandigarh,Chandigarh,Northwest,30.7333,76.7794,45.5,36.1,10.8,0.0
2025-04-25,Chandigarh,Chandigarh,Northwest,30.7333,76.7794,42.5,46.0,9.3,0.0
2025-04-26,Chandigarh,Chandigarh,Northwest,30.7333,76.7794,41.7,39.6,16.0,0.0
2025-04-27,Chandigarh,Chandigarh,Northwest,30.7333,76.7794,41.6,54.0,13.0,0.0
2025-04-28,Chandigarh,Chandigarh,Northwest,30.7333,76.7794,40.4,51.2,14.2,0.0
2025-04-29,Chandigarh,Chandigarh,Northwest,30.7333,76.7794,44.1,46.8,12.5,0.0
2025-04-30,Chandigarh,Chandigarh,Northwest,30.7333,76.7794,43.1,52.3,16.3,0.0
2025-05-01,Chandigarh,Chandigarh,Northwest,30.7333,76.7794,40.7,47.0,12.6,0.0
2025-05-02,Chandigarh,Chandigarh,Northwest,30.7333,76.7794,43.8,39.5,10.5,0.0
2025-05-03,Chandigarh,Chandigarh,Northwest,30.7333,76.7794,44.4,51.0,9.5,0.0
2025-05-04,Chandigarh,Chandigarh,Northwest,30.7333,76.7794,45.4,51.3,19.9,0.0
2025-05-05,Chandigarh,Chandigarh,Northwest,30.7333,76.7794,43.0,52.8,1.7,0.0
2025-05-06,Chandigarh,Chandigarh,Northwest,30.7333,76.7794,40.7,38.4,14.9,0.0
2025-05-07,Chandigarh,Chandigarh,Northwest,30.7333,76.7794,42.9,43.2,15.2,0.0
2025-05-08,Chandigarh,Chandigarh,Northwest,30.7333,76.7794,39.8,45.4,3.3,0.0
2025-05-09,Chandigarh,Chandigarh,Northwest,30.7333,76.7794,40.8,38.7,9.6,0.0
2025-05-10,Chandigarh,Chandigarh,Northwest,30.7333,76.7794,40.9,53.1,9.3,0.0
2025-05-11,Chandigarh,Chandigarh,Northwest,30.7333,76.7794,39.5,52.8,9.2,0.0
2025-05-12,Chandigarh,Chandigarh,Northwest,30.7333,76.7794,42.7,36.8,13.8,0.0
2025-05-13,Chandigarh,Chandigarh,Northwest,30.7333,76.7794,45.6,43.0,10.0,0.0
2025-05-14,Chandigarh,Chandigarh,Northwest,30.7333,76.7794,41.6,43.9,11.0,0.0
2025-05-15,Chandigarh,Chandigarh,Northwest,30.7333,76.7794,43.1,38.2,7.7,0.0
2025-05-16,Chandigarh,Chandigarh,Northwest,30.7333,76.7794,47.3,43.6,14.6,0.0
2025-05-17,Chandigarh,Chandigarh,Northwest,30.7333,76.7794,43.7,39.8,16.3,0.0
2025-05-18,Chandigarh,Chandigarh,Northwest,30.7333,76.7794,44.5,44.5,15.8,0.0
2025-05-19,Chandigarh,Chandigarh,Northwest,30.7333,76.7794,45.1,50.0,8.9,0.0
2025-05-20,Chandigarh,Chandigarh,Northwest,30.7333,76.7794,47.9,55.5,14.8,0.0
2025-05-21,Chandigarh,Chandigarh,Northwest,30.7333,76.7794,44.9,46.4,14.1,0.0
2025-05-22,Chandigarh,Chandigarh,Northwest,30.7333,76.7794,42.3,46.7,12.6,0.0
2025-05-23,Chandigarh,Chandigarh,Northwest,30.7333,76.7794,42.4,50.0,12.1,0.0
2025-05-24,Chandigarh,Chandigarh,Northwest,30.7333,76.7794,44.5,45.9,10.7,0.0
2025-05-25,Chandigarh,Chandigarh,Northwest,30.7333,76.7794,44.6,47.9,8.6,0.0
2025-05-26,Chandigarh,Chandigarh,Northwest,30.7333,76.7794,44.2,42.3,14.8,0.0
2025-05-27,Chandigarh,Chandigarh,Northwest,30.7333,76.7794,44.6,33.7,9.1,0.0
2025-05-28,Chandigarh,Chandigarh,Northwest,30.7333,76.7794,42.5,34.2,12.6,0.0
2025-05-29,Chandigarh,Chandigarh,Northwest,30.7333,76.7794,42.4,43.4,11.5,0.0
2025-05-30,Chandigarh,Chandigarh,Northwest,30.7333,76.7794,43.9,50.6,4.0,0.0
2025-05-31,Chandigarh,Chandigarh,Northwest,30.7333,76.7794,47.4,46.2,18.9,0.0
2025-06-01,Chandigarh,Chandigarh,Northwest,30.7333,76.7794,42.4,40.4,14.4,0.0
2025-06-02,Chandigarh,Chandigarh,Northwest,30.7333,76.7794,45.1,45.7,17.9,0.0
2025-06-03,Chandigarh,Chandigarh,Northwest,30.7333,76.7794,45.4,43.0,17.9,0.0
2025-06-04,Chandigarh,Chandigarh,Northwest,30.7333,76.7794,44.1,30.3,12.0,0.0
2025-06-05,Chandigarh,Chandigarh,Northwest,30.7333,76.7794,42.0,41.1,24.6,0.0
2025-06-06,Chandigarh,Chandigarh,Northwest,30.7333,76.7794,43.5,52.0,4.2,0.0
2025-06-07,Chandigarh,Chandigarh,Northwest,30.7333,76.7794,46.1,35.9,8.9,0.0
2025-06-08,Chandigarh,Chandigarh,Northwest,30.7333,76.7794,46.0,29.7,12.2,0.0
2025-06-09,Chandigarh,Chandigarh,Northwest,30.7333,76.7794,43.9,45.9,10.7,0.0
2025-06-10,Chandigarh,Chandigarh,Northwest,30.7333,76.7794,44.6,46.6,14.2,0.0
2025-06-11,Chandigarh,Chandigarh,Northwest,30.7333,76.7794,48.5,40.8,13.9,0.0
2025-06-12,Chandigarh,Chandigarh,Northwest,30.7333,76.7794,44.6,35.7,13.5,0.0
2025-06-13,Chandigarh,Chandigarh,Northwest,30.7333,76.7794,46.2,44.5,10.5,0.0
2025-06-14,Chandigarh,Chandigarh,Northwest,30.7333,76.7794,48.2,37.6,9.4,0.0
2025-06-15,Chandigarh,Chandigarh,Northwest,30.7333,76.7794,44.6,38.3,14.4,0.0
2025-06-16,Chandigarh,Chandigarh,Northwest,30.7333,76.7794,40.6,45.6,11.7,0.0
2025-06-17,Chandigarh,Chandigarh,Northwest,30.7333,76.7794,41.4,31.7,7.1,0.0
2025-06-18,Chandigarh,Chandigarh,Northwest,30.7333,76.7794,46.8,42.8,14.4,0.0
2025-06-19,Chandigarh,Chandigarh,Northwest,30.7333,76.7794,41.0,41.9,10.3,0.0
2025-06-20,Chandigarh,Chandigarh,Northwest,30.7333,76.7794,42.7,52.4,17.6,0.0
2025-06-21,Chandigarh,Chandigarh,Northwest,30.7333,76.7794,43.4,45.7,8.1,0.0
2025-06-22,Chandigarh,Chandigarh,Northwest,30.7333,76.7794,44.4,40.9,8.3,0.0
2025-06-23,Chandigarh,Chandigarh,Northwest,30.7333,76.7794,45.8,56.3,11.3,0.0
2025-06-24,Chandigarh,Chandigarh,Northwest,30.7333,76.7794,41.8,45.4,16.0,0.0
2025-06-25,Chandigarh,Chandigarh,Northwest,30.7333,76.7794,43.0,42.7,11.7,0.0
2025-06-26,Chandigarh,Chandigarh,Northwest,30.7333,76.7794,40.3,37.7,11.6,0.0
2025-06-27,Chandigarh,Chandigarh,Northwest,30.7333,76.7794,44.1,40.2,11.7,0.0
2025-06-28,Chandigarh,Chandigarh,Northwest,30.7333,76.7794,40.9,40.4,12.4,0.0
2025-06-29,Chandigarh,Chandigarh,Northwest,30.7333,76.7794,41.7,51.3,15.1,0.0
2025-06-30,Chandigarh,Chandigarh,Northwest,30.7333,76.7794,43.0,50.2,17.2,0.0
2025-07-01,Chandigarh,Chandigarh,Northwest,30.7333,76.7794,42.5,41.6,15.4,0.0
2025-07-02,Chandigarh,Chandigarh,Northwest,30.7333,76.7794,42.6,42.3,9.2,0.0
2025-07-03,Chandigarh,Chandigarh,Northwest,30.7333,76.7794,42.2,51.2,11.3,0.0
2025-07-04,Chandigarh,Chandigarh,Northwest,30.7333,76.7794,43.3,39.4,15.8,0.0
2025-07-05,Chandigarh,Chandigarh,Northwest,30.7333,76.7794,41.9,44.2,15.6,0.0
2025-07-06,Chandigarh,Chandigarh,Northwest,30.7333,76.7794,44.3,56.3,14.4,0.0
2025-07-07,Chandigarh,Chandigarh,Northwest,30.7333,76.7794,40.6,43.6,11.1,0.0
2025-07-08,Chandigarh,Chandigarh,Northwest,30.7333,76.7794,45.0,36.7,10.7,0.0
2025-07-09,Chandigarh,Chandigarh,Northwest,30.7333,76.7794,43.2,54.9,11.2,0.0
2025-07-10,Chandigarh,Chandigarh,Northwest,30.7333,76.7794,37.7,41.8,6.6,0.0
2025-07-11,Chandigarh,Chandigarh,Northwest,30.7333,76.7794,42.2,31.0,10.5,0.0
2025-07-12,Chandigarh,Chandigarh,Northwest,30.7333,76.7794,40.0,47.1,9.5,0.0
2025-07-13,Chandigarh,Chandigarh,Northwest,30.7333,76.7794,44.2,43.8,9.6,0.0
2025-07-14,Chandigarh,Chandigarh,Northwest,30.7333,76.7794,41.2,39.7,5.4,0.0
2025-07-15,Chandigarh,Chandigarh,Northwest,30.7333,76.7794,44.8,42.1,1.0,0.0
2025-07-16,Chandigarh,Chandigarh,Northwest,30.7333,76.7794,40.7,46.6,7.5,0.0
2025-07-17,Chandigarh,Chandigarh,Northwest,30.7333,76.7794,41.6,46.9,11.8,2.9
2025-07-18,Chandigarh,Chandigarh,Northwest,30.7333,76.7794,40.9,38.2,17.2,0.0
2025-07-19,Chandigarh,Chandigarh,Northwest,30.7333,76.7794,38.8,46.4,16.1,0.0
2025-07-20,Chandigarh,Chandigarh,Northwest,30.7333,76.7794,44.6,53.9,13.1,0.0
2025-07-21,Chandigarh,Chandigarh,Northwest,30.7333,76.7794,39.8,49.1,15.9,0.0
2025-07-22,Chandigarh,Chandigarh,Northwest,30.7333,76.7794,38.8,53.5,9.5,0.0
2025-07-23,Chandigarh,Chandigarh,Northwest,30.7333,76.7794,42.6,45.4,20.8,0.0
2025-07-24,Chandigarh,Chandigarh,Northwest,30.7333,76.7794,41.2,54.7,11.4,0.0
2025-07-25,Chandigarh,Chandigarh,Northwest,30.7333,76.7794,40.0,54.4,14.2,0.0
2025-07-26,Chandigarh,Chandigarh,Northwest,30.7333,76.7794,38.9,43.1,11.4,0.0
2025-07-27,Chandigarh,Chandigarh,Northwest,30.7333,76.7794,40.7,46.5,11.4,0.0
2025-07-28,Chandigarh,Chandigarh,Northwest,30.7333,76.7794,44.2,46.5,9.4,0.0
2025-07-29,Chandigarh,Chandigarh,Northwest,30.7333,76.7794,42.2,54.5,4.1,0.0
2025-07-30,Chandigarh,Chandigarh,Northwest,30.7333,76.7794,39.0,53.2,11.0,0.0
2025-07-31,Chandigarh,Chandigarh,Northwest,30.7333,76.7794,38.4,34.4,20.2,0.0
2025-08-01,Chandigarh,Chandigarh,Northwest,30.7333,76.7794,38.3,49.9,16.3,0.7
2025-08-02,Chandigarh,Chandigarh,Northwest,30.7333,76.7794,40.2,33.4,8.7,0.0
2025-08-03,Chandigarh,Chandigarh,Northwest,30.7333,76.7794,41.1,50.5,19.5,0.0
2025-08-04,Chandigarh,Chandigarh,Northwest,30.7333,76.7794,34.4,42.6,19.0,0.0
2025-08-05,Chandigarh,Chandigarh,Northwest,30.7333,76.7794,42.1,48.8,15.9,0.0
2025-08-06,Chandigarh,Chandigarh,Northwest,30.7333,76.7794,38.9,45.6,10.6,0.0
2025-08-07,Chandigarh,Chandigarh,Northwest,30.7333,76.7794,41.6,47.9,14.3,0.0
2025-08-08,Chandigarh,Chandigarh,Northwest,30.7333,76.7794,37.6,45.9,12.2,0.0
2025-08-09,Chandigarh,Chandigarh,Northwest,30.7333,76.7794,38.4,57.2,7.1,0.0
2025-08-10,Chandigarh,Chandigarh,Northwest,30.7333,76.7794,38.3,54.4,7.6,0.0
2025-08-11,Chandigarh,Chandigarh,Northwest,30.7333,76.7794,37.6,49.6,10.3,1.2
2025-08-12,Chandigarh,Chandigarh,Northwest,30.7333,76.7794,40.0,53.3,11.6,0.0
2025-08-13,Chandigarh,Chandigarh,Northwest,30.7333,76.7794,36.8,45.5,7.7,0.0
2025-08-14,Chandigarh,Chandigarh,Northwest,30.7333,76.7794,40.9,48.5,11.5,0.0
2025-08-15,Chandigarh,Chandigarh,Northwest,30.7333,76.7794,38.0,44.7,13.0,1.6
2025-08-16,Chandigarh,Chandigarh,Northwest,30.7333,76.7794,36.1,43.2,4.9,0.0
2025-08-17,Chandigarh,Chandigarh,Northwest,30.7333,76.7794,36.5,43.4,9.3,2.7
2025-08-18,Chandigarh,Chandigarh,Northwest,30.7333,76.7794,39.8,45.8,8.7,0.0
2025-08-19,Chandigarh,Chandigarh,Northwest,30.7333,76.7794,34.2,57.4,15.5,0.0
2025-08-20,Chandigarh,Chandigarh,Northwest,30.7333,76.7794,37.6,58.7,17.5,0.0
2025-08-21,Chandigarh,Chandigarh,Northwest,30.7333,76.7794,37.4,50.8,20.5,1.3
2025-08-22,Chandigarh,Chandigarh,Northwest,30.7333,76.7794,37.4,50.6,16.8,1.0
2025-08-23,Chandigarh,Chandigarh,Northwest,30.7333,76.7794,37.5,47.0,10.9,0.8
2025-08-24,Chandigarh,Chandigarh,Northwest,30.7333,76.7794,35.2,54.3,15.6,2.9
2025-08-25,Chandigarh,Chandigarh,Northwest,30.7333,76.7794,39.8,53.7,16.5,0.0
2025-08-26,Chandigarh,Chandigarh,Northwest,30.7333,76.7794,37.6,55.6,16.0,0.0
2025-08-27,Chandigarh,Chandigarh,Northwest,30.7333,76.7794,37.8,58.4,10.3,1.3
2025-08-28,Chandigarh,Chandigarh,Northwest,30.7333,76.7794,36.7,44.8,7.8,1.6
2025-08-29,Chandigarh,Chandigarh,Northwest,30.7333,76.7794,37.6,54.2,11.6,1.9
2025-08-30,Chandigarh,Chandigarh,Northwest,30.7333,76.7794,35.5,51.6,13.4,1.2
2025-08-31,Chandigarh,Chandigarh,Northwest,30.7333,76.7794,37.5,51.2,7.5,1.6
2025-09-01,Chandigarh,Chandigarh,Northwest,30.7333,76.7794,35.8,47.8,9.4,0.2
2025-09-02,Chandigarh,Chandigarh,Northwest,30.7333,76.7794,31.3,55.0,13.4,3.1
2025-09-03,Chandigarh,Chandigarh,Northwest,30.7333,76.7794,34.2,57.5,7.8,1.8
2025-09-04,Chandigarh,Chandigarh,Northwest,30.7333,76.7794,33.5,60.3,12.6,3.1
2025-09-05,Chandigarh,Chandigarh,Northwest,30.7333,76.7794,34.3,62.3,13.4,2.3
2025-09-06,Chandigarh,Chandigarh,Northwest,30.7333,76.7794,32.7,62.5,10.6,6.5
2025-09-07,Chandigarh,Chandigarh,Northwest,30.7333,76.7794,32.5,70.0,9.7,4.4
2025-09-08,Chandigarh,Chandigarh,Northwest,30.7333,76.7794,37.8,64.2,6.3,2.0
2025-09-09,Chandigarh,Chandigarh,Northwest,30.7333,76.7794,33.8,51.6,11.7,0.2
2025-09-10,Chandigarh,Chandigarh,Northwest,30.7333,76.7794,32.4,47.6,16.5,3.3
2025-09-11,Chandigarh,Chandigarh,Northwest,30.7333,76.7794,31.4,65.6,12.7,2.3
2025-09-12,Chandigarh,Chandigarh,Northwest,30.7333,76.7794,34.5,49.9,8.1,0.3
2025-09-13,Chandigarh,Chandigarh,Northwest,30.7333,76.7794,32.3,48.8,14.3,2.7
2025-09-14,Chandigarh,Chandigarh,Northwest,30.7333,76.7794,34.9,65.2,14.7,2.7
2025-09-15,Chandigarh,Chandigarh,Northwest,30.7333,76.7794,30.3,56.1,15.9,6.4
2025-09-16,Chandigarh,Chandigarh,Northwest,30.7333,76.7794,31.8,63.1,12.6,0.0
2025-09-17,Chandigarh,Chandigarh,Northwest,30.7333,76.7794,34.6,60.6,14.4,1.8
2025-09-18,Chandigarh,Chandigarh,Northwest,30.7333,76.7794,34.0,54.0,9.2,1.6
2025-09-19,Chandigarh,Chandigarh,Northwest,30.7333,76.7794,36.0,62.0,6.5,0.4
2025-09-20,Chandigarh,Chandigarh,Northwest,30.7333,76.7794,31.9,56.9,10.9,1.9
2025-09-21,Chandigarh,Chandigarh,Northwest,30.7333,76.7794,35.3,65.4,14.5,4.2
2025-09-22,Chandigarh,Chandigarh,Northwest,30.7333,76.7794,33.2,58.6,13.9,4.2
2025-09-23,Chandigarh,Chandigarh,Northwest,30.7333,76.7794,31.7,66.7,13.3,0.3
2025-09-24,Chandigarh,Chandigarh,Northwest,30.7333,76.7794,31.6,59.7,4.5,2.3
2025-09-25,Chandigarh,Chandigarh,Northwest,30.7333,76.7794,33.0,64.2,7.1,2.3
2025-09-26,Chandigarh,Chandigarh,Northwest,30.7333,76.7794,34.6,66.8,11.2,1.0
2025-09-27,Chandigarh,Chandigarh,Northwest,30.7333,76.7794,28.0,53.2,10.8,2.4
2025-09-28,Chandigarh,Chandigarh,Northwest,30.7333,76.7794,28.7,60.4,15.9,0.2
2025-09-29,Chandigarh,Chandigarh,Northwest,30.7333,76.7794,33.7,48.0,6.9,0.1
2025-09-30,Chandigarh,Chandigarh,Northwest,30.7333,76.7794,31.5,62.3,14.2,3.7
2025-10-01,Chandigarh,Chandigarh,Northwest,30.7333,76.7794,33.2,52.7,12.6,7.0
2025-10-02,Chandigarh,Chandigarh,Northwest,30.7333,76.7794,31.3,61.8,16.5,3.1
2025-10-03,Chandigarh,Chandigarh,Northwest,30.7333,76.7794,30.5,66.5,14.3,0.4
2025-10-04,Chandigarh,Chandigarh,Northwest,30.7333,76.7794,30.2,62.7,7.2,3.6
2025-10-05,Chandigarh,Chandigarh,Northwest,30.7333,76.7794,32.8,58.8,13.3,2.1
2025-10-06,Chandigarh,Chandigarh,Northwest,30.7333,76.7794,33.8,61.2,10.4,0.6
2025-10-07,Chandigarh,Chandigarh,Northwest,30.7333,76.7794,30.7,55.7,17.3,1.8
2025-10-08,Chandigarh,Chandigarh,Northwest,30.7333,76.7794,29.7,62.6,9.2,0.0
2025-10-09,Chandigarh,Chandigarh,Northwest,30.7333,76.7794,31.1,71.3,3.0,0.9
2025-10-10,Chandigarh,Chandigarh,Northwest,30.7333,76.7794,30.6,60.8,11.8,0.2
2025-10-11,Chandigarh,Chandigarh,Northwest,30.7333,76.7794,28.7,62.8,9.1,0.2
2025-10-12,Chandigarh,Chandigarh,Northwest,30.7333,76.7794,32.4,58.8,7.0,0.1
2025-10-13,Chandigarh,Chandigarh,Northwest,30.7333,76.7794,29.9,57.9,16.0,3.7
2025-10-14,Chandigarh,Chandigarh,Northwest,30.7333,76.7794,29.4,61.6,11.1,2.0
2025-10-15,Chandigarh,Chandigarh,Northwest,30.7333,76.7794,31.8,66.5,12.7,0.7
2025-10-16,Chandigarh,Chandigarh,Northwest,30.7333,76.7794,29.6,63.3,8.8,0.3
2025-10-17,Chandigarh,Chandigarh,Northwest,30.7333,76.7794,31.9,68.9,10.5,0.0
2025-10-18,Chandigarh,Chandigarh,Northwest,30.7333,76.7794,32.1,62.4,5.3,2.4
2025-10-19,Chandigarh,Chandigarh,Northwest,30.7333,76.7794,31.3,50.3,7.0,2.0
2025-10-20,Chandigarh,Chandigarh,Northwest,30.7333,76.7794,30.1,72.1,10.9,2.3
2025-10-21,Chandigarh,Chandigarh,Northwest,30.7333,76.7794,29.8,58.1,9.9,3.1
2025-10-22,Chandigarh,Chandigarh,Northwest,30.7333,76.7794,30.3,64.4,5.9,5.6
2025-10-23,Chandigarh,Chandigarh,Northwest,30.7333,76.7794,26.4,74.7,11.1,0.9
2025-10-24,Chandigarh,Chandigarh,Northwest,30.7333,76.7794,34.5,63.2,14.3,1.5
2025-10-25,Chandigarh,Chandigarh,Northwest,30.7333,76.7794,31.4,80.1,3.6,4.8
2025-10-26,Chandigarh,Chandigarh,Northwest,30.7333,76.7794,29.0,73.7,1.8,2.1
2025-10-27,Chandigarh,Chandigarh,Northwest,30.7333,76.7794,33.2,65.9,13.8,1.0
2025-10-28,Chandigarh,Chandigarh,Northwest,30.7333,76.7794,29.9,61.4,15.1,2.2
2025-10-29,Chandigarh,Chandigarh,Northwest,30.7333,76.7794,28.7,61.3,12.4,0.8
2025-10-30,Chandigarh,Chandigarh,Northwest,30.7333,76.7794,28.6,62.6,6.5,1.0
2025-10-31,Chandigarh,Chandigarh,Northwest,30.7333,76.7794,30.9,59.5,13.6,1.0
2025-11-01,Chandigarh,Chandigarh,Northwest,30.7333,76.7794,28.5,63.8,14.9,0.0
2025-11-02,Chandigarh,Chandigarh,Northwest,30.7333,76.7794,33.9,76.9,10.7,3.1
2025-11-03,Chandigarh,Chandigarh,Northwest,30.7333,76.7794,28.1,65.6,9.8,1.5
2025-11-04,Chandigarh,Chandigarh,Northwest,30.7333,76.7794,28.7,65.9,12.0,4.8
2025-11-05,Chandigarh,Chandigarh,Northwest,30.7333,76.7794,25.6,65.5,11.7,2.2
2025-11-06,Chandigarh,Chandigarh,Northwest,30.7333,76.7794,31.3,57.2,12.2,4.7
2025-11-07,Chandigarh,Chandigarh,Northwest,30.7333,76.7794,24.7,65.4,8.5,0.9
2025-11-08,Chandigarh,Chandigarh,Northwest,30.7333,76.7794,27.3,74.9,11.8,4.1
2025-11-09,Chandigarh,Chandigarh,Northwest,30.7333,76.7794,30.9,61.0,9.1,0.6
2025-11-10,Chandigarh,Chandigarh,Northwest,30.7333,76.7794,25.2,68.3,13.0,4.4
2025-11-11,Chandigarh,Chandigarh,Northwest,30.7333,76.7794,29.9,67.4,13.9,1.5
2025-11-12,Chandigarh,Chandigarh,Northwest,30.7333,76.7794,28.7,72.3,10.7,1.2
2025-11-13,Chandigarh,Chandigarh,Northwest,30.7333,76.7794,26.7,67.6,14.1,4.2
2025-11-14,Chandigarh,Chandigarh,Northwest,30.7333,76.7794,26.9,73.0,8.5,1.0
2025-11-15,Chandigarh,Chandigarh,Northwest,30.7333,76.7794,29.4,69.3,16.9,3.5
2025-11-16,Chandigarh,Chandigarh,Northwest,30.7333,76.7794,29.8,61.6,12.9,1.1
2025-11-17,Chandigarh,Chandigarh,Northwest,30.7333,76.7794,25.7,60.1,12.7,0.9
2025-11-18,Chandigarh,Chandigarh,Northwest,30.7333,76.7794,29.4,78.3,14.6,5.8
2025-11-19,Chandigarh,Chandigarh,Northwest,30.7333,76.7794,33.5,65.6,14.3,0.9
2025-11-20,Chandigarh,Chandigarh,Northwest,30.7333,76.7794,26.5,67.5,7.9,0.5
2025-11-21,Chandigarh,Chandigarh,Northwest,30.7333,76.7794,26.8,59.1,18.2,0.4
2025-11-22,Chandigarh,Chandigarh,Northwest,30.7333,76.7794,27.5,72.9,8.4,4.1
2025-11-23,Chandigarh,Chandigarh,Northwest,30.7333,76.7794,26.8,70.5,18.3,2.9
2025-11-24,Chandigarh,Chandigarh,Northwest,30.7333,76.7794,28.3,70.4,10.9,1.8
2025-11-25,Chandigarh,Chandigarh,Northwest,30.7333,76.7794,27.5,70.8,11.0,1.9
2025-11-26,Chandigarh,Chandigarh,Northwest,30.7333,76.7794,23.0,66.7,8.6,7.5
2025-11-27,Chandigarh,Chandigarh,Northwest,30.7333,76.7794,30.7,74.1,17.1,5.0
2025-11-28,Chandigarh,Chandigarh,Northwest,30.7333,76.7794,27.2,69.4,8.3,2.0
2025-11-29,Chandigarh,Chandigarh,Northwest,30.7333,76.7794,27.8,80.4,9.8,2.3
2025-11-30,Chandigarh,Chandigarh,Northwest,30.7333,76.7794,25.3,72.2,12.8,1.3
2025-12-01,Chandigarh,Chandigarh,Northwest,30.7333,76.7794,30.2,78.8,13.2,0.3
2025-12-02,Chandigarh,Chandigarh,Northwest,30.7333,76.7794,30.1,63.7,11.8,2.0
2025-12-03,Chandigarh,Chandigarh,Northwest,30.7333,76.7794,25.1,74.2,15.6,4.0
2025-12-04,Chandigarh,Chandigarh,Northwest,30.7333,76.7794,30.8,62.2,8.3,6.9
2025-12-05,Chandigarh,Chandigarh,Northwest,30.7333,76.7794,29.9,64.5,14.9,2.2
2025-12-06,Chandigarh,Chandigarh,Northwest,30.7333,76.7794,27.1,77.1,13.6,2.1
2025-12-07,Chandigarh,Chandigarh,Northwest,30.7333,76.7794,29.5,64.2,6.5,1.1
2025-12-08,Chandigarh,Chandigarh,Northwest,30.7333,76.7794,29.4,75.5,11.0,1.3
2025-12-09,Chandigarh,Chandigarh,Northwest,30.7333,76.7794,27.1,72.2,15.5,1.3
2025-12-10,Chandigarh,Chandigarh,Northwest,30.7333,76.7794,27.5,62.9,15.3,0.4
2025-12-11,Chandigarh,Chandigarh,Northwest,30.7333,76.7794,26.8,78.9,10.3,6.7
2025-12-12,Chandigarh,Chandigarh,Northwest,30.7333,76.7794,29.9,71.9,14.2,6.1
2025-12-13,Chandigarh,Chandigarh,Northwest,30.7333,76.7794,28.9,54.0,6.5,1.2
2025-12-14,Chandigarh,Chandigarh,Northwest,30.7333,76.7794,30.3,70.7,11.5,0.9
2025-12-15,Chandigarh,Chandigarh,Northwest,30.7333,76.7794,30.2,71.0,8.2,0.4
2025-12-16,Chandigarh,Chandigarh,Northwest,30.7333,76.7794,25.4,62.0,13.2,0.9
2025-12-17,Chandigarh,Chandigarh,Northwest,30.7333,76.7794,26.1,58.2,11.3,2.9
2025-12-18,Chandigarh,Chandigarh,Northwest,30.7333,76.7794,26.4,58.7,10.3,1.2
2025-12-19,Chandigarh,Chandigarh,Northwest,30.7333,76.7794,25.5,69.5,12.1,4.7
2025-12-20,Chandigarh,Chandigarh,Northwest,30.7333,76.7794,27.6,67.0,8.9,2.5
2025-12-21,Chandigarh,Chandigarh,Northwest,30.7333,76.7794,28.9,73.0,10.6,5.7
2025-12-22,Chandigarh,Chandigarh,Northwest,30.7333,76.7794,26.5,52.1,6.8,5.2
2025-12-23,Chandigarh,Chandigarh,Northwest,30.7333,76.7794,29.3,58.8,11.0,2.9
2025-12-24,Chandigarh,Chandigarh,Northwest,30.7333,76.7794,27.8,63.7,19.5,1.7
2025-12-25,Chandigarh,Chandigarh,Northwest,30.7333,76.7794,29.9,61.2,13.3,1.3
2025-12-26,Chandigarh,Chandigarh,Northwest,30.7333,76.7794,29.1,65.5,11.6,5.7
2025-12-27,Chandigarh,Chandigarh,Northwest,30.7333,76.7794,28.4,66.5,8.9,1.0
2025-12-28,Chandigarh,Chandigarh,Northwest,30.7333,76.7794,28.8,57.2,13.9,3.4
2025-12-29,Chandigarh,Chandigarh,Northwest,30.7333,76.7794,27.4,62.5,19.1,4.2
2025-12-30,Chandigarh,Chandigarh,Northwest,30.7333,76.7794,28.2,61.8,9.1,0.2
2025-12-31,Chandigarh,Chandigarh,Northwest,30.7333,76.7794,29.0,69.0,11.5,4.8
